symbol,Date,Open,High,Low,Close,Volume,Dividends,Stock Splits
FCL.NS,2015-01-15 00:00:00+05:30,23.017344653997057,23.967007714727043,22.062884289477932,23.602489471435547,631430,0.0,0.0
FCL.NS,2015-01-16 00:00:00+05:30,23.40584315212246,23.40584315212246,21.688776074954642,22.638439178466797,41940,0.0,0.0
FCL.NS,2015-01-19 00:00:00+05:30,23.118068568615655,24.07732451063593,23.118068568615655,23.91904640197754,331430,0.0,0.0
FCL.NS,2015-01-20 00:00:00+05:30,23.981397717949026,23.981397717949026,23.30512237548828,23.30512237548828,1200,0.0,0.0
FCL.NS,2015-01-21 00:00:00+05:30,22.99816076813441,23.68882436346312,22.76314226555401,23.429824829101562,950,0.0,0.0
FCL.NS,2015-01-22 00:00:00+05:30,23.40584498108024,23.83751089351451,21.113223829705106,21.165983200073242,1420,0.0,0.0
FCL.NS,2015-01-23 00:00:00+05:30,23.281143127744752,23.281143127744752,22.97418150617403,23.25716209411621,5350,0.0,0.0
FCL.NS,2015-01-27 00:00:00+05:30,25.57856004270079,25.57856004270079,22.278719158162218,23.40104866027832,45180,0.0,0.0
FCL.NS,2015-01-28 00:00:00+05:30,23.30991685773669,24.07732264982543,22.561698451753497,22.892641067504883,10520,0.0,0.0
FCL.NS,2015-01-29 00:00:00+05:30,22.55690326787843,24.94065490909661,20.60481753963344,24.739212036132812,42540,0.0,0.0
FCL.NS,2015-01-30 00:00:00+05:30,25.39150763106345,25.420285971964738,23.981401860344093,24.849529266357422,993090,0.0,0.0
FCL.NS,2015-02-02 00:00:00+05:30,25.19485507534218,25.199652379332782,24.197229912636512,24.815950393676758,428980,0.0,0.0
FCL.NS,2015-02-03 00:00:00+05:30,25.32435650258083,25.386708651108055,24.556952480843883,24.868709564208984,23320,0.0,0.0
FCL.NS,2015-02-04 00:00:00+05:30,24.940655774335703,25.708059835537945,23.981399783015096,25.25241470336914,15820,0.0,0.0
FCL.NS,2015-02-05 00:00:00+05:30,25.516209741443383,25.612135706526583,24.106102262882278,24.65287971496582,18450,0.0,0.0
FCL.NS,2015-02-06 00:00:00+05:30,24.365101149045298,25.314764334993864,23.9094541996689,24.811155319213867,80330,0.0,0.0
FCL.NS,2015-02-09 00:00:00+05:30,25.516207364586823,25.899909359541837,23.89026890309059,24.307544708251953,154190,0.0,0.0
FCL.NS,2015-02-10 00:00:00+05:30,24.4610283789494,24.4610283789494,20.61920884447174,23.645660400390625,365140,0.0,0.0
FCL.NS,2015-02-11 00:00:00+05:30,23.789545543029014,26.580980060364233,22.63843956299334,25.909502029418945,337850,0.0,0.0
FCL.NS,2015-02-12 00:00:00+05:30,28.56664120515041,28.56664120515041,22.743956386955663,24.010175704956055,135030,0.0,2.0
FCL.NS,2015-02-13 00:00:00+05:30,25.698466855806913,25.698466855806913,23.118067930679747,23.952619552612305,18410,0.0,0.0
FCL.NS,2015-02-16 00:00:00+05:30,23.789547076000122,25.324356977917834,23.213994963712082,23.33869743347168,14520,0.0,0.0
FCL.NS,2015-02-18 00:00:00+05:30,22.638439170108423,26.283610788080075,22.254737183422257,24.489803314208984,16990,0.0,0.0
FCL.NS,2015-02-19 00:00:00+05:30,24.844727228785118,25.88072351862245,24.46102523803711,24.46102523803711,25555,0.0,0.0
FCL.NS,2015-02-20 00:00:00+05:30,23.655250302767044,26.45627759864032,20.52807585514147,25.909502029418945,1978215,0.0,0.0
FCL.NS,2015-02-23 00:00:00+05:30,26.437092192886755,26.82079418842824,24.844727539163014,25.2572078704834,264200,0.0,0.0
FCL.NS,2015-02-24 00:00:00+05:30,26.23565353556654,26.24524631569674,23.98140143477093,24.355510711669922,242155,0.0,0.0
FCL.NS,2015-02-25 00:00:00+05:30,24.365098579559284,27.607384424459966,24.365098579559284,25.746427536010742,460645,0.0,0.0
FCL.NS,2015-02-26 00:00:00+05:30,25.899906355287154,28.758488173165652,24.94065056435059,25.17087173461914,287560,0.0,0.0
FCL.NS,2015-02-27 00:00:00+05:30,26.859170312452456,27.242872379560335,23.789550116317866,24.173254013061523,709985,0.0,0.0
FCL.NS,2015-03-02 00:00:00+05:30,25.669692032360025,26.47546725805656,24.652881135032764,24.758398056030273,790340,0.0,0.0
FCL.NS,2015-03-03 00:00:00+05:30,25.285986158678313,25.94787141362853,24.297951921087293,24.432247161865234,204755,0.0,0.0
FCL.NS,2015-03-04 00:00:00+05:30,24.748802985633958,26.859166825180964,24.470619709212208,24.739212036132812,1376435,0.0,0.0
FCL.NS,2015-03-05 00:00:00+05:30,24.921470642089844,25.65050542753195,23.9909929732465,24.921470642089844,1656320,0.0,0.0
FCL.NS,2015-03-09 00:00:00+05:30,24.36509968492799,25.295579086183235,23.789545774492513,24.230804443359375,1583035,0.0,0.0
FCL.NS,2015-03-10 00:00:00+05:30,24.748801636885254,24.748801636885254,23.204400872755553,23.40584373474121,87240,0.0,0.0
FCL.NS,2015-03-11 00:00:00+05:30,24.748799569744428,24.748799569744428,23.118065763931895,23.73198890686035,229125,0.0,0.0
FCL.NS,2015-03-12 00:00:00+05:30,24.28835550101884,24.710428546857546,23.022138193137884,23.45380401611328,389120,0.0,0.0
FCL.NS,2015-03-13 00:00:00+05:30,23.597696794209412,23.981398809229987,22.830290934532737,23.166030883789062,240015,0.0,0.0
FCL.NS,2015-03-16 00:00:00+05:30,23.952618439434126,23.952618439434126,22.638438920802024,23.367473602294922,212940,0.0,0.0
FCL.NS,2015-03-17 00:00:00+05:30,23.77995638518878,23.77995638518878,22.46577490065981,22.811107635498047,57640,0.0,0.0
FCL.NS,2015-03-18 00:00:00+05:30,22.830290716756387,22.830290716756387,21.295482671314502,21.669591903686523,51865,0.0,0.0
FCL.NS,2015-03-19 00:00:00+05:30,21.448964290542445,22.1684062752828,20.719929526449285,21.333852767944336,98635,0.0,0.0
FCL.NS,2015-03-20 00:00:00+05:30,21.29548171832481,22.062885706703817,20.911777894499878,21.132408142089844,42170,0.0,0.0
FCL.NS,2015-03-23 00:00:00+05:30,20.911781043420383,21.775112947392582,20.73911649226165,21.314668655395508,30090,0.0,0.0
FCL.NS,2015-03-24 00:00:00+05:30,21.10362669379504,21.650402183574467,19.56881711377382,19.89496421813965,308150,0.0,0.0
FCL.NS,2015-03-25 00:00:00+05:30,20.710335788143993,20.710335788143993,18.225862769508566,19.146747589111328,282360,0.0,0.0
FCL.NS,2015-03-26 00:00:00+05:30,18.609563960887435,19.731893429040532,18.22586196956061,18.53282356262207,28475,0.0,0.0
FCL.NS,2015-03-27 00:00:00+05:30,18.417713744549474,20.719927505209306,18.417713744549474,19.185117721557617,912665,0.0,0.0
FCL.NS,2015-03-30 00:00:00+05:30,18.993265327490437,23.02214067799343,18.897341205040416,21.218740463256836,325055,0.0,0.0
FCL.NS,2015-03-31 00:00:00+05:30,21.21874223335502,22.61925502987412,20.719928704607597,21.295482635498047,470065,0.0,0.0
FCL.NS,2015-04-01 00:00:00+05:30,22.408220730670678,23.002958425681584,21.103631986049663,22.552108764648438,343450,0.0,0.0
FCL.NS,2015-04-06 00:00:00+05:30,22.350663031995563,23.012550153609233,22.062886977190765,22.34107208251953,78800,0.0,0.0
FCL.NS,2015-04-07 00:00:00+05:30,22.446588271126043,22.830290275063106,21.506517904071377,22.02451515197754,30735,0.0,0.0
FCL.NS,2015-04-08 00:00:00+05:30,22.83029426363722,24.883103545199305,22.25474207199733,22.77273941040039,122695,0.0,0.0
FCL.NS,2015-04-09 00:00:00+05:30,23.482586663014747,24.365102264548092,22.542516213234947,23.722400665283203,972490,0.0,0.0
FCL.NS,2015-04-10 00:00:00+05:30,24.556952922964516,24.94065494074112,23.40584503999917,24.288360595703125,484585,0.0,0.0
FCL.NS,2015-04-13 00:00:00+05:30,24.556951973936805,25.8615387839602,24.211619256465816,24.70083999633789,977720,0.0,0.0
FCL.NS,2015-04-15 00:00:00+05:30,25.218836969918605,25.22842791826162,24.19243168186053,24.202024459838867,270160,0.0,0.0
FCL.NS,2015-04-16 00:00:00+05:30,24.53776394677159,24.53776394677159,23.645655736181627,23.73198890686035,350755,0.0,0.0
FCL.NS,2015-04-17 00:00:00+05:30,24.26917509117099,26.859166918763076,23.213994997356593,25.861539840698242,1292575,0.0,0.0
FCL.NS,2015-04-20 00:00:00+05:30,25.32435713179512,25.612135019323297,24.441841570052713,24.585729598999023,111240,0.0,0.0
FCL.NS,2015-04-21 00:00:00+05:30,24.451431669990658,24.748800474513455,23.98139651779806,24.096508026123047,42835,0.0,0.0
FCL.NS,2015-04-22 00:00:00+05:30,24.73921487552727,27.5977975194686,23.837513659178697,26.648134231567383,933515,0.0,0.0
FCL.NS,2015-04-23 00:00:00+05:30,27.242866581684932,28.144567619713662,25.89990871780015,26.916719436645508,827255,0.0,0.0
FCL.NS,2015-04-24 00:00:00+05:30,26.974273601893245,28.14456500624596,25.151686138397654,25.372316360473633,102105,0.0,0.0
FCL.NS,2015-04-27 00:00:00+05:30,25.919093589438912,26.27401723048416,24.192431956106724,24.74880027770996,229910,0.0,0.0
FCL.NS,2015-04-28 00:00:00+05:30,24.173250186023424,24.940654198746028,24.173250186023424,24.29795265197754,121705,0.0,0.0
FCL.NS,2015-04-29 00:00:00+05:30,24.192434187416065,25.708058501891788,24.01017687585767,24.144472122192383,69895,0.0,0.0
FCL.NS,2015-04-30 00:00:00+05:30,24.55695479662537,25.132508782021993,23.405846825832118,23.41543960571289,46060,0.0,0.0
FCL.NS,2015-05-04 00:00:00+05:30,24.547360192924966,24.556952972093015,23.40584508682477,23.712806701660156,120395,0.0,0.0
FCL.NS,2015-05-05 00:00:00+05:30,23.981395927527984,25.132503663903453,23.022140090426866,24.278764724731445,389290,0.0,0.0
FCL.NS,2015-05-06 00:00:00+05:30,24.173249894800612,24.173249894800612,23.060513174940585,23.50177001953125,37400,0.0,0.0
FCL.NS,2015-05-07 00:00:00+05:30,23.597694443913714,23.952618086344547,22.302698671267866,22.571290969848633,17930,0.0,0.0
FCL.NS,2015-05-08 00:00:00+05:30,23.041328752397224,23.684030323080595,22.619255614876735,23.13725471496582,195955,0.0,0.0
FCL.NS,2015-05-11 00:00:00+05:30,23.405845028092948,24.125286997171433,22.082072610028174,22.964588165283203,7635,0.0,0.0
FCL.NS,2015-05-12 00:00:00+05:30,21.871037343429183,23.578513781659648,21.871037343429183,22.484962463378906,11955,0.0,0.0
FCL.NS,2015-05-13 00:00:00+05:30,23.597694672347178,24.921466962545818,22.50414174082444,24.72002410888672,309530,0.0,0.0
FCL.NS,2015-05-14 00:00:00+05:30,24.278766958628132,25.89990998478877,23.415436991728935,25.77520751953125,537115,0.0,0.0
FCL.NS,2015-05-15 00:00:00+05:30,25.247612083260876,25.698463475227463,25.132502413133185,25.372316360473633,15045,0.0,0.0
FCL.NS,2015-05-18 00:00:00+05:30,24.365100167155617,26.475463937308312,24.365100167155617,26.274019241333008,519280,0.0,0.0
FCL.NS,2015-05-19 00:00:00+05:30,26.072579121051213,27.818424798417055,25.516210698268296,27.137353897094727,559880,0.0,0.0
FCL.NS,2015-05-20 00:00:00+05:30,27.137352461232503,29.06545536447398,27.137352461232503,28.854419708251953,523930,0.0,0.0
FCL.NS,2015-05-21 00:00:00+05:30,29.1230107452176,29.890414760655478,26.87835171301744,27.27164649963379,284085,0.0,0.0
FCL.NS,2015-05-22 00:00:00+05:30,27.818420784723134,29.54508065330006,27.799235227828067,28.988712310791016,128470,0.0,0.0
FCL.NS,2015-05-25 00:00:00+05:30,28.883198560331948,30.005528146322845,28.777679815524962,29.497121810913086,644000,0.0,0.0
FCL.NS,2015-05-26 00:00:00+05:30,28.777679757175203,31.463595802657313,28.777679757175203,31.147043228149414,655010,0.0,0.0
FCL.NS,2015-05-27 00:00:00+05:30,31.463592380771626,34.53321195288196,31.40603936945014,32.81614303588867,716685,0.0,0.0
FCL.NS,2015-05-28 00:00:00+05:30,33.11351650838365,34.34136297845591,31.85688987092017,32.48040771484375,92070,0.0,0.0
FCL.NS,2015-05-29 00:00:00+05:30,31.84729739683001,33.382105410951795,31.482779121249482,32.00077819824219,103640,0.0,0.0
FCL.NS,2015-06-01 00:00:00+05:30,32.99840440535014,33.74662283596721,32.42284867010783,32.912071228027344,63065,0.0,0.0
FCL.NS,2015-06-02 00:00:00+05:30,32.614708670734494,33.765816767438295,32.44204227326533,32.854522705078125,72575,0.0,0.0
FCL.NS,2015-06-03 00:00:00+05:30,33.82336418340127,33.82336418340127,28.787272127166936,30.30289649963379,108350,0.0,0.0
FCL.NS,2015-06-04 00:00:00+05:30,30.504340033223706,31.645857013850467,30.005528304317828,30.868858337402344,12540,0.0,0.0
FCL.NS,2015-06-05 00:00:00+05:30,31.079890832379466,37.03686874981649,30.235744664437057,35.78983688354492,1014355,0.0,0.0
FCL.NS,2015-06-08 00:00:00+05:30,37.180760937050316,37.401393037132635,33.38210805659034,33.765811920166016,206325,0.0,0.0
FCL.NS,2015-06-09 00:00:00+05:30,34.20705874522933,34.20705874522933,30.88803484036566,31.463586807250977,420735,0.0,0.0
FCL.NS,2015-06-10 00:00:00+05:30,31.358075713020963,35.185508566634354,31.27174253108168,33.9384765625,217080,0.0,0.0
FCL.NS,2015-06-11 00:00:00+05:30,35.15672549749264,35.15672549749264,31.943216466645886,32.51877212524414,491376,0.0,5.0
FCL.NS,2015-06-12 00:00:00+05:30,32.32692769319375,32.470813896568735,30.792115908962085,31.895261764526367,360818,0.0,0.0
FCL.NS,2015-06-15 00:00:00+05:30,33.57395733925283,36.451725111188786,31.655445491295524,34.14950942993164,1117635,0.0,0.0
FCL.NS,2015-06-16 00:00:00+05:30,35.82820380123657,37.219125487151466,32.95043631007635,33.14228820800781,805315,0.0,0.0
FCL.NS,2015-06-17 00:00:00+05:30,33.813770442471345,34.86895046774792,32.42284865695523,32.71062469482422,776330,0.0,0.0
FCL.NS,2015-06-18 00:00:00+05:30,32.85451633295681,34.916918092018726,31.319708274541703,32.03915023803711,470670,0.0,0.0
FCL.NS,2015-06-19 00:00:00+05:30,32.37489157699926,33.95766551780557,31.367673459791344,31.847301483154297,478859,0.0,0.0
FCL.NS,2015-06-22 00:00:00+05:30,32.51877871012813,33.238220684606446,31.655446877045716,32.23099899291992,185479,0.0,0.0
FCL.NS,2015-06-23 00:00:00+05:30,32.422850671225596,33.09433057414952,31.175818656807515,32.135074615478516,433482,0.0,0.0
FCL.NS,2015-06-24 00:00:00+05:30,31.70341339614965,33.09433547401323,31.367675224614686,31.799341201782227,152873,0.0,0.0
FCL.NS,2015-06-25 00:00:00+05:30,31.559519560357,36.35579890635224,31.415629716268846,34.677101135253906,614451,0.0,0.0
FCL.NS,2015-06-26 00:00:00+05:30,35.492470276708985,36.83543007521181,34.05358634657214,34.43729019165039,413385,0.0,0.0
FCL.NS,2015-06-29 00:00:00+05:30,34.05358016105727,34.7730219954458,32.710620606490515,33.71784210205078,474290,0.0,0.0
FCL.NS,2015-06-30 00:00:00+05:30,33.76580911435933,40.096896722370666,33.382105282667936,37.60283279418945,573047,0.0,0.0
FCL.NS,2015-07-01 00:00:00+05:30,39.42542046601439,41.05615641150681,35.97210030084206,36.307838439941406,1594696,0.0,0.0
FCL.NS,2015-07-02 00:00:00+05:30,36.93135055439584,38.801900210433665,35.39654264441494,35.73228073120117,502378,0.0,0.0
FCL.NS,2015-07-03 00:00:00+05:30,35.73228113820984,39.23356652552796,35.30061526508873,38.178382873535156,1534782,0.0,0.0
FCL.NS,2015-07-06 00:00:00+05:30,37.506902200349295,42.782809365370184,37.410978079239,40.19282150268555,709366,0.0,0.0
FCL.NS,2015-07-07 00:00:00+05:30,40.624488407021374,44.509477969065294,37.79468625489508,38.082462310791016,2376436,0.0,0.0
FCL.NS,2015-07-08 00:00:00+05:30,37.7946880250231,39.32949616786544,36.93135615762974,37.458946228027344,760044,0.0,0.0
FCL.NS,2015-07-09 00:00:00+05:30,38.274316027070235,40.19282803525879,37.219132227003776,37.458946228027344,1375436,0.0,0.0
FCL.NS,2015-07-10 00:00:00+05:30,38.17837949354284,39.04171116335295,36.9313477054719,37.17116165161133,754837,0.0,0.0
FCL.NS,2015-07-13 00:00:00+05:30,37.02727354461761,38.17838127154921,35.58838980077075,37.698753356933594,751645,0.0,0.0
FCL.NS,2015-07-14 00:00:00+05:30,37.410983528420616,39.08968150726,35.68432348204006,36.068023681640625,532249,0.0,0.0
FCL.NS,2015-07-15 00:00:00+05:30,36.30783989636231,36.30783989636231,34.581179744514415,35.540435791015625,1310086,0.0,0.0
FCL.NS,2015-07-16 00:00:00+05:30,35.87616786498789,36.931347766023244,34.53320830069706,34.91691207885742,331008,0.0,0.0
FCL.NS,2015-07-17 00:00:00+05:30,35.15673024540673,36.259872336309506,33.71784639349547,35.0608024597168,315234,0.0,0.0
FCL.NS,2015-07-20 00:00:00+05:30,34.916921940366024,36.35580602594257,34.10155209630978,35.6363639831543,300427,0.0,0.0
FCL.NS,2015-07-21 00:00:00+05:30,35.6363558919814,36.83542569104847,34.05358229350463,34.389320373535156,275367,0.0,0.0
FCL.NS,2015-07-22 00:00:00+05:30,34.389320785038215,36.25987042581998,33.86173079898968,34.48524856567383,470811,0.0,0.0
FCL.NS,2015-07-23 00:00:00+05:30,34.62913726562077,35.49246905776117,33.573957216801105,34.10154724121094,448051,0.0,0.0
FCL.NS,2015-07-24 00:00:00+05:30,34.053585052490234,34.916916841473004,33.813771073247345,34.053585052490234,1262456,0.0,0.0
FCL.NS,2015-07-27 00:00:00+05:30,34.05358734130859,34.91691918831784,33.430069489660674,33.57395935058594,186963,0.0,0.0
FCL.NS,2015-07-28 00:00:00+05:30,33.669886053432755,34.0535899389891,32.85451987071483,33.19025802612305,105743,0.0,0.0
FCL.NS,2015-07-29 00:00:00+05:30,33.14229317757658,33.90969722510136,31.991185276653848,32.27896499633789,210426,0.0,0.0
FCL.NS,2015-07-30 00:00:00+05:30,32.90248202499599,36.307840295672854,32.37489192547222,35.6363639831543,490959,0.0,0.0
FCL.NS,2015-07-31 00:00:00+05:30,35.97210143179965,38.274317387143384,35.73228742225432,36.64358139038086,332749,0.0,0.0
FCL.NS,2015-08-03 00:00:00+05:30,36.93135630886451,37.794688179793226,35.97210030084206,36.307838439941406,212713,0.0,0.0
FCL.NS,2015-08-04 00:00:00+05:30,36.45172976704606,36.547653907987616,35.06080776776502,35.540435791015625,161053,0.0,0.0
FCL.NS,2015-08-05 00:00:00+05:30,36.307841907860364,36.739507884555,35.10877178330392,36.16395568847656,777914,0.0,0.0
FCL.NS,2015-08-06 00:00:00+05:30,35.82820310800368,36.88338669657491,34.91691301418512,35.204689025878906,46330,0.0,0.0
FCL.NS,2015-08-07 00:00:00+05:30,35.8282086232513,35.8282086232513,32.13507464292238,33.334144592285156,369240,0.0,0.0
FCL.NS,2015-08-10 00:00:00+05:30,33.57395684737052,34.820988798418675,33.52599478372846,33.95766067504883,45322,0.0,0.0
FCL.NS,2015-08-11 00:00:00+05:30,34.43729382454544,34.53321796629881,32.710629998813346,33.19025802612305,67856,0.0,0.0
FCL.NS,2015-08-12 00:00:00+05:30,33.19025802612305,33.19025802612305,33.19025802612305,33.19025802612305,0,0.0,0.0
FCL.NS,2015-08-13 00:00:00+05:30,32.80655490194256,35.49247088576808,31.655447006225586,31.655447006225586,159775,0.0,0.0
FCL.NS,2015-08-14 00:00:00+05:30,31.175819769837805,34.437291609467785,30.69619177337876,31.895261764526367,585953,0.0,0.0
FCL.NS,2015-08-17 00:00:00+05:30,31.175818990488523,32.66266501048837,28.969530993785096,29.257307052612305,227578,0.0,0.0
FCL.NS,2015-08-18 00:00:00+05:30,29.736935555588815,30.552303509330468,26.187687676777205,27.626571655273438,290844,0.0,0.0
FCL.NS,2015-08-19 00:00:00+05:30,27.626567852532062,27.626567852532062,22.110846694191068,22.44658660888672,584214,0.0,0.0
FCL.NS,2015-08-20 00:00:00+05:30,20.24030113220215,21.391407187005186,20.24030113220215,20.24030113220215,362744,0.0,0.0
FCL.NS,2015-08-21 00:00:00+05:30,18.273824410441605,21.055668021796045,18.225862346646718,20.528076171875,334520,0.0,0.0
FCL.NS,2015-08-24 00:00:00+05:30,19.185118980990282,21.295482800753422,18.513639084801415,18.993267059326172,201129,0.0,0.0
FCL.NS,2015-08-25 00:00:00+05:30,20.048451640795783,20.863819672068125,17.122721338176166,18.56160545349121,117262,0.0,0.0
FCL.NS,2015-08-26 00:00:00+05:30,18.705495291405548,19.664751460195575,17.506425080418012,17.890127182006836,671202,0.0,0.0
FCL.NS,2015-08-27 00:00:00+05:30,17.458458170005215,18.897342024797886,17.458458170005215,18.705490112304688,58562,0.0,0.0
FCL.NS,2015-08-28 00:00:00+05:30,18.80141818836996,20.57604217529297,17.746236209958795,20.57604217529297,116241,0.0,0.0
FCL.NS,2015-08-31 00:00:00+05:30,20.57603805557781,22.590473812374007,19.95252030933251,22.206771850585938,261823,0.0,0.0
FCL.NS,2015-09-01 00:00:00+05:30,22.446587383723863,24.413063049316406,21.727145468670948,24.413063049316406,278064,0.0,0.0
FCL.NS,2015-09-02 00:00:00+05:30,25.420278418087637,25.61213030781408,24.55694857358906,25.372316360473633,406501,0.0,0.0
FCL.NS,2015-09-03 00:00:00+05:30,26.571389804210046,26.571389804210046,24.125286102294922,24.125286102294922,52432,0.0,0.0
FCL.NS,2015-09-04 00:00:00+05:30,22.92621612548828,22.92621612548828,22.92621612548828,22.92621612548828,10253,0.0,0.0
FCL.NS,2015-09-07 00:00:00+05:30,21.823074340820312,22.446590384630905,21.823074340820312,21.823074340820312,39723,0.0,0.0
FCL.NS,2015-09-08 00:00:00+05:30,20.767892837524414,20.815856737161376,20.767892837524414,20.767892837524414,11543,0.0,0.0
FCL.NS,2015-09-09 00:00:00+05:30,20.62400281996954,21.72714679092453,19.856598795731855,20.14437484741211,119752,0.0,0.0
FCL.NS,2015-09-10 00:00:00+05:30,20.4321496416047,20.4321496416047,19.137155659107883,19.185117721557617,68518,0.0,0.0
FCL.NS,2015-09-11 00:00:00+05:30,19.185118902297248,20.14437484741211,18.417714878059563,20.14437484741211,47747,0.0,0.0
FCL.NS,2015-09-14 00:00:00+05:30,20.144374272850342,21.151592254638672,20.144374272850342,21.151592254638672,56097,0.0,0.0
FCL.NS,2015-09-15 00:00:00+05:30,21.151592254638672,21.151592254638672,21.151592254638672,21.151592254638672,0,0.0,0.0
FCL.NS,2015-09-16 00:00:00+05:30,21.823072671526912,22.97418053330781,20.95974269000899,21.295482635498047,100385,0.0,0.0
FCL.NS,2015-09-18 00:00:00+05:30,21.295483080687028,22.062887118160116,21.15159322272972,21.43937110900879,26345,0.0,0.0
FCL.NS,2015-09-21 00:00:00+05:30,21.632086022303376,21.680263650828394,20.909410567275764,20.95758819580078,46628,8.6572,0.0
FCL.NS,2015-09-22 00:00:00+05:30,21.102117873003937,21.68025846634479,20.331264973788326,20.523977279663086,33822,0.0,0.0
FCL.NS,2015-09-23 00:00:00+05:30,20.186735737670748,20.957588845105843,20.186735737670748,20.427627563476562,45121,0.0,0.0
FCL.NS,2015-09-24 00:00:00+05:30,20.427627154306073,21.00576605437274,19.94584351234469,20.283090591430664,10200,0.0,0.0
FCL.NS,2015-09-28 00:00:00+05:30,21.005765340634248,21.005765340634248,19.656771556550535,19.994020462036133,26707,0.0,0.0
FCL.NS,2015-09-29 00:00:00+05:30,19.126808524538866,20.18673276982663,19.03045144081116,19.271343231201172,23761,0.0,0.0
FCL.NS,2015-09-30 00:00:00+05:30,19.415878034524802,19.945841078736343,19.271343327142933,19.319520950317383,10458,0.0,0.0
FCL.NS,2015-10-01 00:00:00+05:30,19.945839565191218,20.283086577538178,18.789558318161035,20.186731338500977,26537,0.0,0.0
FCL.NS,2015-10-05 00:00:00+05:30,20.475804109580974,21.969332615371645,20.475804109580974,21.535728454589844,24458,0.0,0.0
FCL.NS,2015-10-06 00:00:00+05:30,21.680260961039586,23.65557289123535,21.680260961039586,23.65557289123535,231817,0.0,0.0
FCL.NS,2015-10-07 00:00:00+05:30,24.42643018482907,26.016315781694203,23.992824186657362,24.619142532348633,429569,0.0,0.0
FCL.NS,2015-10-08 00:00:00+05:30,24.330074310302734,26.979884383702043,23.51104173822574,24.330074310302734,185173,0.0,0.0
FCL.NS,2015-10-09 00:00:00+05:30,25.05274682376567,25.293638620148034,23.607396045471496,23.944644927978516,41590,0.0,0.0
FCL.NS,2015-10-12 00:00:00+05:30,23.80011186228402,24.426430208584403,23.65557530418043,23.848289489746094,15432,0.0,0.0
FCL.NS,2015-10-13 00:00:00+05:30,24.474608676965865,24.474608676965865,23.02925774913884,23.414684295654297,32618,0.0,0.0
FCL.NS,2015-10-14 00:00:00+05:30,23.414680115668403,23.848286051752726,22.74018423914196,23.270145416259766,13949,0.0,0.0
FCL.NS,2015-10-15 00:00:00+05:30,23.607394273452194,24.08917783005326,22.35475776143279,23.270145416259766,20988,0.0,0.0
FCL.NS,2015-10-16 00:00:00+05:30,23.270145416259766,23.270145416259766,23.270145416259766,23.270145416259766,0,0.0,0.0
FCL.NS,2015-10-19 00:00:00+05:30,22.643826440394076,23.896462912591684,22.643826440394076,22.981075286865234,14072,0.0,0.0
FCL.NS,2015-10-20 00:00:00+05:30,23.366506576538086,23.84829021729145,22.740188211130462,23.366506576538086,29903,0.0,0.0
FCL.NS,2015-10-21 00:00:00+05:30,22.83654463386589,23.848289514488602,22.83654463386589,23.077436447143555,21916,0.0,0.0
FCL.NS,2015-10-23 00:00:00+05:30,22.69200629391313,23.511038762321277,22.69200629391313,23.125612258911133,14890,0.0,0.0
FCL.NS,2015-10-26 00:00:00+05:30,23.46286113859196,23.511038762321277,22.788363379230304,23.125612258911133,16856,0.0,0.0
FCL.NS,2015-10-27 00:00:00+05:30,22.83654463386589,23.414683515445336,22.74018754098309,23.077436447143555,10533,0.0,0.0
FCL.NS,2015-10-28 00:00:00+05:30,23.75193387668451,23.75193387668451,22.643831835295025,22.884723663330078,26218,0.0,0.0
FCL.NS,2015-10-29 00:00:00+05:30,23.366505277078193,23.366505277078193,22.836544036865234,22.836544036865234,21344,0.0,0.0
FCL.NS,2015-10-30 00:00:00+05:30,22.836540592051414,23.27014467649288,22.162042899109096,22.981075286865234,14254,0.0,0.0
FCL.NS,2015-11-02 00:00:00+05:30,23.270149480815668,23.800112588359607,23.173792385093247,23.366506576538086,25639,0.0,0.0
FCL.NS,2015-11-03 00:00:00+05:30,24.089180335933044,24.089180335933044,23.31832730032663,23.462862014770508,285524,0.0,0.0
FCL.NS,2015-11-04 00:00:00+05:30,24.08917943636576,24.08917943636576,22.306579790502987,23.125612258911133,150491,0.0,0.0
FCL.NS,2015-11-05 00:00:00+05:30,22.884722261377952,23.414683515445336,22.83654463386589,23.077436447143555,12109,0.0,0.0
FCL.NS,2015-11-06 00:00:00+05:30,22.547471708844306,23.125612386067708,19.849484332279825,21.680261611938477,20155,0.0,0.0
FCL.NS,2015-11-09 00:00:00+05:30,21.9693341408755,23.12561565896739,21.19848102072011,22.16204833984375,12720,0.0,0.0
FCL.NS,2015-11-10 00:00:00+05:30,21.776618602027924,23.12561228437828,21.29483501277004,21.632083892822266,8710,0.0,0.0
FCL.NS,2015-11-13 00:00:00+05:30,22.932901713553537,22.932901713553537,21.680264919986726,22.258405685424805,26899,0.0,0.0
FCL.NS,2015-11-16 00:00:00+05:30,22.354757772750496,23.125610728559096,21.198476501179172,22.547470092773438,83071,0.0,0.0
FCL.NS,2015-11-17 00:00:00+05:30,23.511042048649458,23.511042048649458,22.162048179224918,22.884723663330078,63413,0.0,0.0
FCL.NS,2015-11-18 00:00:00+05:30,23.511039463711526,23.511039463711526,22.547472257511394,22.643829345703125,34714,0.0,0.0
FCL.NS,2015-11-19 00:00:00+05:30,22.692009465758517,23.12561549136513,22.692009465758517,22.884723663330078,24476,0.0,0.0
FCL.NS,2015-11-20 00:00:00+05:30,23.3183287266267,25.052749081758822,22.932900347389587,24.041004180908203,151527,0.0,0.0
FCL.NS,2015-11-23 00:00:00+05:30,25.004572063092564,25.004572063092564,24.089182396868072,24.281896591186523,98327,0.0,0.0
FCL.NS,2015-11-24 00:00:00+05:30,24.956390202313617,25.052747290232382,23.99282299884314,24.137357711791992,60691,0.0,0.0
FCL.NS,2015-11-26 00:00:00+05:30,24.137354198103107,28.184336598700927,24.137354198103107,27.79891014099121,1836507,0.0,0.0
FCL.NS,2015-11-27 00:00:00+05:30,28.90701265613143,29.388796200400286,26.979878479056,27.365304946899414,564558,0.0,0.0
FCL.NS,2015-11-30 00:00:00+05:30,27.365304946899414,27.365304946899414,27.365304946899414,27.365304946899414,0,0.0,0.0
FCL.NS,2015-12-01 00:00:00+05:30,27.172595750229963,29.870583172612854,27.076238662746594,29.340621948242188,894586,0.0,0.0
FCL.NS,2015-12-02 00:00:00+05:30,29.485157361902896,30.448724583939864,28.617947229641352,29.62969207763672,377339,0.0,0.0
FCL.NS,2015-12-03 00:00:00+05:30,29.09973344151296,29.629694725856307,28.569770319310827,29.147911071777344,404986,0.0,0.0
FCL.NS,2015-12-04 00:00:00+05:30,29.581511656439837,30.83414819157937,28.03980387928918,29.29244041442871,182645,0.0,0.0
FCL.NS,2015-12-07 00:00:00+05:30,29.485156605650786,31.460470462877765,29.485156605650786,30.834150314331055,234208,0.0,0.0
FCL.NS,2015-12-08 00:00:00+05:30,30.641438417421835,31.219580984221448,27.943450799509254,28.666126251220703,137691,0.0,0.0
FCL.NS,2015-12-09 00:00:00+05:30,28.37705441662771,29.292442142347554,25.630887563751067,26.209028244018555,125360,0.0,0.0
FCL.NS,2015-12-10 00:00:00+05:30,27.606202651818037,27.702559748951362,26.11267407875721,27.413490295410156,47464,0.0,0.0
FCL.NS,2015-12-11 00:00:00+05:30,26.979881884746675,27.702557292373818,25.534531069492388,26.449920654296875,72631,0.0,0.0
FCL.NS,2015-12-14 00:00:00+05:30,26.305385498405027,26.979883316460008,26.016316055157862,26.2572078704834,49005,0.0,0.0
FCL.NS,2015-12-15 00:00:00+05:30,26.49809931680685,26.979882940748794,26.49809931680685,26.883525848388672,48449,0.0,0.0
FCL.NS,2015-12-16 00:00:00+05:30,27.17259338698896,31.412286488939017,26.73898744995444,29.822402954101562,718533,0.0,0.0
FCL.NS,2015-12-17 00:00:00+05:30,30.35236880518438,30.834152437012705,29.87058517335606,30.15965461730957,150692,0.0,0.0
FCL.NS,2015-12-18 00:00:00+05:30,30.304186903428338,30.68961338696361,28.762479131428798,29.2442626953125,51626,0.0,0.0
FCL.NS,2015-12-21 00:00:00+05:30,29.629693357441894,30.834152437012705,29.388801541527734,30.15965461730957,159086,0.0,0.0
FCL.NS,2015-12-22 00:00:00+05:30,30.063299017960233,30.689617364613845,29.677870646611535,30.015119552612305,128190,0.0,0.0
FCL.NS,2015-12-23 00:00:00+05:30,29.870582319717435,31.749539039488234,29.099729317577815,29.77422523498535,198878,0.0,0.0
FCL.NS,2015-12-24 00:00:00+05:30,30.54508047567135,34.88113280476838,29.629690915496337,34.399349212646484,1197689,0.0,0.0
FCL.NS,2015-12-28 00:00:00+05:30,34.97748641033715,35.84469830571848,34.0139192713432,34.543880462646484,408540,0.0,0.0
FCL.NS,2015-12-29 00:00:00+05:30,35.36291755275477,36.61555419807168,34.688419766594215,35.60380935668945,582739,0.0,0.0
FCL.NS,2015-12-30 00:00:00+05:30,35.459267919179545,36.471012621184,34.20663144642561,34.49570083618164,237379,0.0,0.0
FCL.NS,2015-12-31 00:00:00+05:30,34.7847759029136,35.651987889429904,34.01392284585317,34.44752883911133,164533,0.0,0.0
FCL.NS,2016-01-01 00:00:00+05:30,35.07384329141041,36.13376561242142,34.20663144642561,34.49570083618164,173991,0.0,0.0
FCL.NS,2016-01-04 00:00:00+05:30,33.917563666168626,35.45926960183756,32.809459997851214,33.62849426269531,161805,0.0,0.0
FCL.NS,2016-01-05 00:00:00+05:30,34.59206771850586,36.13377393616174,33.72485567375095,34.59206771850586,385406,0.0,0.0
FCL.NS,2016-01-06 00:00:00+05:30,34.78477704775277,35.07385016991708,33.77303214733001,34.11028289794922,113296,0.0,0.0
FCL.NS,2016-01-07 00:00:00+05:30,33.821204771563025,33.821204771563025,31.79771527011518,32.905818939208984,129204,0.0,0.0
FCL.NS,2016-01-08 00:00:00+05:30,34.20662855040721,34.68841205111717,32.27949454756737,32.71310043334961,111033,0.0,0.0
FCL.NS,2016-01-11 00:00:00+05:30,32.56856903126863,33.48395856162183,30.593257103064552,31.74953842163086,82214,0.0,0.0
FCL.NS,2016-01-12 00:00:00+05:30,32.27950034464212,33.05035334907225,30.0632965785116,32.03860855102539,52978,0.0,0.0
FCL.NS,2016-01-13 00:00:00+05:30,32.52039014183648,32.953996078871,26.016312113469183,29.822402954101562,249192,0.0,0.0
FCL.NS,2016-01-14 00:00:00+05:30,29.147905975091653,31.797715609190895,27.798912347121913,29.388797760009766,481676,0.0,0.0
FCL.NS,2016-01-15 00:00:00+05:30,30.1596500167042,30.641433575040423,26.979879266828497,27.654376983642578,48668,0.0,0.0
FCL.NS,2016-01-18 00:00:00+05:30,27.798913703076867,27.798913703076867,24.08917966681556,24.715497970581055,104519,0.0,0.0
FCL.NS,2016-01-19 00:00:00+05:30,25.05274694972056,26.20902831331263,24.18553684595579,25.486352920532227,71915,0.0,0.0
FCL.NS,2016-01-20 00:00:00+05:30,25.63088824500448,25.63088824500448,23.12561312249572,23.462862014770508,228687,0.0,0.0
FCL.NS,2016-01-21 00:00:00+05:30,23.221972143507,25.486355651055838,23.12561504657452,25.052749633789062,61129,0.0,0.0
FCL.NS,2016-01-22 00:00:00+05:30,26.016315205177893,27.172596616107032,24.089180745535085,25.919958114624023,89121,0.0,0.0
FCL.NS,2016-01-25 00:00:00+05:30,27.46166742375467,28.377057073023316,26.160851230847175,27.220775604248047,105963,0.0,0.0
FCL.NS,2016-01-27 00:00:00+05:30,27.895269836807774,27.895269836807774,26.112670234760113,26.594453811645508,80044,0.0,0.0
FCL.NS,2016-01-28 00:00:00+05:30,26.738989027632936,26.979880820674673,25.775421855465982,26.064491271972656,33787,0.0,0.0
FCL.NS,2016-01-29 00:00:00+05:30,26.257207736928645,26.59445664424075,25.05274866642733,25.438175201416016,139288,0.0,0.0
FCL.NS,2016-02-01 00:00:00+05:30,25.100926072231747,27.50984419194146,25.100926072231747,26.883525848388672,193593,0.0,0.0
FCL.NS,2016-02-02 00:00:00+05:30,26.9798800744743,27.46166364723277,25.4381722740755,25.775421142578125,132118,0.0,0.0
FCL.NS,2016-02-03 00:00:00+05:30,25.29363926217069,25.389996350741153,24.089180249686372,24.185537338256836,91351,0.0,0.0
FCL.NS,2016-02-04 00:00:00+05:30,25.004571151047006,25.004571151047006,22.836544814407972,23.173791885375977,64906,0.0,0.0
FCL.NS,2016-02-05 00:00:00+05:30,22.93290007019386,23.89646733092232,22.692008255011746,23.173791885375977,40358,0.0,0.0
FCL.NS,2016-02-08 00:00:00+05:30,23.462863672260507,23.751933121569028,23.077437127229565,23.366506576538086,25575,0.0,0.0
FCL.NS,2016-02-09 00:00:00+05:30,23.029254816530624,25.05274622538328,22.932897732707445,24.474605560302734,45720,0.0,0.0
FCL.NS,2016-02-10 00:00:00+05:30,25.3899940695065,25.3899940695065,23.7037516035336,24.08917808532715,143249,0.0,0.0
FCL.NS,2016-02-11 00:00:00+05:30,24.47460953816873,24.47460953816873,21.00576682175186,22.16204833984375,73949,0.0,0.0
FCL.NS,2016-02-12 00:00:00+05:30,22.16204833984375,22.16204833984375,22.16204833984375,22.16204833984375,0,0.0,0.0
FCL.NS,2016-02-15 00:00:00+05:30,21.053944826196066,24.378250743263646,20.90941010595116,23.848289489746094,210935,0.0,0.0
FCL.NS,2016-02-16 00:00:00+05:30,24.956392223452436,25.91995950495916,22.836545306852884,23.366506576538086,144385,0.0,0.0
FCL.NS,2016-02-17 00:00:00+05:30,22.54747557159281,23.607400021774883,21.72844295836762,22.45111846923828,57249,0.0,0.0
FCL.NS,2016-02-18 00:00:00+05:30,23.125614666722363,23.60739830561241,22.692008656577826,23.318328857421875,37619,0.0,0.0
FCL.NS,2016-02-19 00:00:00+05:30,23.511042478991616,23.511042478991616,21.776622020536212,22.258405685424805,18466,0.0,0.0
FCL.NS,2016-02-22 00:00:00+05:30,22.16204747465468,23.607398396914768,22.16204747465468,23.366506576538086,35777,0.0,0.0
FCL.NS,2016-02-23 00:00:00+05:30,23.22197176207212,24.956392126932805,22.643831027832313,23.318328857421875,46552,0.0,0.0
FCL.NS,2016-02-24 00:00:00+05:30,23.27014891616132,23.27014891616132,22.11386930912583,22.354761123657227,38921,0.0,0.0
FCL.NS,2016-02-25 00:00:00+05:30,21.776619562543736,22.547472604213457,21.776619562543736,22.01751136779785,14662,0.0,0.0
FCL.NS,2016-02-26 00:00:00+05:30,22.16204860198183,23.12561593250278,20.95758943883064,21.487550735473633,32604,0.0,0.0
FCL.NS,2016-02-29 00:00:00+05:30,21.39119058284616,22.547470012439376,20.33126639399191,21.05394172668457,32000,0.0,0.0
FCL.NS,2016-03-01 00:00:00+05:30,21.535728886807714,22.643830881523282,20.523982148960595,21.72844123840332,40381,0.0,0.0
FCL.NS,2016-03-02 00:00:00+05:30,23.1256103515625,23.1256103515625,22.16204325358073,22.402935028076172,42331,0.0,0.0
FCL.NS,2016-03-03 00:00:00+05:30,23.31832765082561,23.511039993694578,22.499295139521244,22.836544036865234,122673,0.0,0.0
FCL.NS,2016-03-04 00:00:00+05:30,23.125613470098006,23.366505277078193,22.64382985613763,22.836544036865234,37149,0.0,0.0
FCL.NS,2016-03-08 00:00:00+05:30,23.125614666722363,23.703755400962166,22.93290047602285,23.318328857421875,37116,0.0,0.0
FCL.NS,2016-03-09 00:00:00+05:30,23.221969538831427,25.05274682376567,22.451114687692737,23.944644927978516,52448,0.0,0.0
FCL.NS,2016-03-10 00:00:00+05:30,24.426427717009634,24.426427717009634,23.51103818573345,23.65557289123535,58943,0.0,0.0
FCL.NS,2016-03-11 00:00:00+05:30,23.94464731301387,23.99282494194571,23.125614756161404,23.366506576538086,30670,0.0,0.0
FCL.NS,2016-03-14 00:00:00+05:30,23.607398051227904,23.944646962388614,23.125614417529373,23.22197151184082,43540,0.0,0.0
FCL.NS,2016-03-15 00:00:00+05:30,23.75193277376572,23.75193277376572,23.125614417529373,23.22197151184082,25826,0.0,0.0
FCL.NS,2016-03-16 00:00:00+05:30,22.981077549864644,23.607395847638447,22.25840216677367,23.125612258911133,364750,0.0,0.0
FCL.NS,2016-03-17 00:00:00+05:30,23.84828853945857,24.47460686080192,23.751931450515297,24.233715057373047,87219,0.0,0.0
FCL.NS,2016-03-18 00:00:00+05:30,24.13736011527564,24.570966135157217,23.462864108398353,24.330074310302734,68763,0.0,0.0
FCL.NS,2016-03-21 00:00:00+05:30,24.28189709744821,25.727248071394918,23.89646870077538,25.293642044067383,154077,0.0,0.0
FCL.NS,2016-03-22 00:00:00+05:30,26.070411192481828,27.76959997976876,25.536379319581794,26.7015380859375,371557,17.3144,0.0
FCL.NS,2016-03-23 00:00:00+05:30,26.701534112294514,30.051363678078875,26.60443725421974,29.12894630432129,567884,0.0,0.0
FCL.NS,2016-03-28 00:00:00+05:30,29.61443411964741,32.867165565968016,29.226048468799906,31.216527938842773,846591,0.0,0.0
FCL.NS,2016-03-29 00:00:00+05:30,31.896199788002008,32.236039771227674,29.420239699644284,30.731042861938477,275678,0.0,0.0
FCL.NS,2016-03-30 00:00:00+05:30,31.556363047921256,33.1099055933208,30.585398031062137,32.09039306640625,274762,0.0,0.0
FCL.NS,2016-03-31 00:00:00+05:30,32.04184271005484,33.78957884436129,31.167972790932982,31.556360244750977,196252,0.0,0.0
FCL.NS,2016-04-01 00:00:00+05:30,31.55636340379715,32.23603966405108,30.585398375988007,31.070880889892578,135712,0.0,0.0
FCL.NS,2016-04-04 00:00:00+05:30,31.750557150146506,31.750557150146506,30.731042759765614,31.070880889892578,40364,0.0,0.0
FCL.NS,2016-04-05 00:00:00+05:30,30.973782423830645,31.26507302837449,29.90572057777399,30.051366806030273,94930,0.0,0.0
FCL.NS,2016-04-06 00:00:00+05:30,29.614434163667838,30.973784869639147,29.614434163667838,30.14846420288086,75602,0.0,0.0
FCL.NS,2016-04-07 00:00:00+05:30,30.682496504833882,30.682496504833882,29.76007894987803,29.857175827026367,39978,0.0,0.0
FCL.NS,2016-04-08 00:00:00+05:30,29.80862511467684,31.4592662931064,28.44927268445546,29.614431381225586,373375,0.0,0.0
FCL.NS,2016-04-11 00:00:00+05:30,30.536848837165994,30.536848837165994,28.83766015135797,29.614431381225586,212200,0.0,0.0
FCL.NS,2016-04-12 00:00:00+05:30,30.051366595987066,31.507814052620326,29.323142867670438,29.662979125976562,250776,0.0,0.0
FCL.NS,2016-04-13 00:00:00+05:30,30.099918463882133,31.944753657759772,29.760080304379994,30.488304138183594,2241664,0.0,0.0
FCL.NS,2016-04-18 00:00:00+05:30,30.876685255119188,31.79910271591017,29.808625271426937,30.002817153930664,288234,0.0,0.0
FCL.NS,2016-04-20 00:00:00+05:30,30.099918744604132,32.430236516084165,29.95427434687888,31.653461456298828,517227,0.0,0.0
FCL.NS,2016-04-21 00:00:00+05:30,33.25555038426009,33.78958037957021,31.265072926865585,31.459266662597656,1446904,0.0,0.0
FCL.NS,2016-04-22 00:00:00+05:30,31.847648741559908,32.72151865405287,31.36216627993876,31.5078125,322547,0.0,0.0
FCL.NS,2016-04-25 00:00:00+05:30,32.43023341040043,33.012810945510864,30.731042759765614,31.070880889892578,369675,0.0,0.0
FCL.NS,2016-04-26 00:00:00+05:30,31.556360483391884,32.04184295236715,30.925233644117775,31.604907989501953,245895,0.0,0.0
FCL.NS,2016-04-27 00:00:00+05:30,31.799107705993077,32.478784031336254,31.216530115092063,31.653461456298828,263083,0.0,0.0
FCL.NS,2016-04-28 00:00:00+05:30,31.89619820928003,32.333133192408,30.828138209578288,31.1679744720459,153474,0.0,0.0
FCL.NS,2016-04-29 00:00:00+05:30,31.16797485386597,32.284586079545555,30.439752959679563,30.876686096191406,273571,0.0,0.0
FCL.NS,2016-05-02 00:00:00+05:30,31.410715862333603,31.556362092025637,30.39120336630181,30.82813835144043,271517,0.0,0.0
FCL.NS,2016-05-03 00:00:00+05:30,30.682495249162685,31.94475089649586,30.682495249162685,31.070880889892578,96302,0.0,0.0
FCL.NS,2016-05-04 00:00:00+05:30,31.556366131489334,31.556366131489334,30.342659741816668,30.488304138183594,52461,0.0,0.0
FCL.NS,2016-05-05 00:00:00+05:30,30.585400711832598,30.63394822614316,29.226049939478273,29.32314682006836,98389,0.0,0.0
FCL.NS,2016-05-06 00:00:00+05:30,29.711529588627187,29.711529588627187,28.5463708392815,28.789112091064453,168299,0.0,0.0
FCL.NS,2016-05-09 00:00:00+05:30,29.468787553993703,30.099914421469478,28.40072570412846,28.64346694946289,141625,0.0,0.0
FCL.NS,2016-05-10 00:00:00+05:30,28.886210372757972,31.265075497184412,28.352180333544954,30.14846420288086,812473,0.0,0.0
FCL.NS,2016-05-11 00:00:00+05:30,30.051368946565603,30.77959273184294,29.614433934611657,30.099916458129883,73544,0.0,0.0
FCL.NS,2016-05-12 00:00:00+05:30,30.682495856745522,30.925237118504633,29.905722707935052,30.099916458129883,147389,0.0,0.0
FCL.NS,2016-05-13 00:00:00+05:30,30.536852658106987,30.536852658106987,29.128952544342845,29.226049423217773,166475,0.0,0.0
FCL.NS,2016-05-16 00:00:00+05:30,29.420241207476618,29.95427311309841,29.128952424023947,29.565887451171875,58067,0.0,0.0
FCL.NS,2016-05-17 00:00:00+05:30,29.565884110442646,30.342655346526236,29.323142867670438,29.662979125976562,130812,0.0,0.0
FCL.NS,2016-05-18 00:00:00+05:30,29.80862519573018,29.80862519573018,29.12894897877137,29.274593353271484,111335,0.0,0.0
FCL.NS,2016-05-19 00:00:00+05:30,29.517333984375,30.294107052260635,29.42023711939321,29.517333984375,85621,0.0,0.0
FCL.NS,2016-05-20 00:00:00+05:30,29.662982308753868,29.954272942516635,29.12895225814216,29.177499771118164,41835,0.0,0.0
FCL.NS,2016-05-23 00:00:00+05:30,29.614428742726645,29.614428742726645,28.74056072399071,29.12894630432129,158498,0.0,0.0
FCL.NS,2016-05-24 00:00:00+05:30,29.128949199243902,29.226046066968458,28.303628601538247,28.594919204711914,105942,0.0,0.0
FCL.NS,2016-05-25 00:00:00+05:30,29.274596416105243,30.051369581323037,28.6434694925944,29.857175827026367,125771,0.0,0.0
FCL.NS,2016-05-26 00:00:00+05:30,30.48829972179582,35.53731646027656,29.080401624898226,29.662979125976562,1373936,0.0,0.0
FCL.NS,2016-05-27 00:00:00+05:30,30.488302993128343,30.973785530764047,29.12895225814216,29.177499771118164,79098,0.0,0.0
FCL.NS,2016-05-30 00:00:00+05:30,29.71153209123642,29.71153209123642,28.546373243749137,28.886211395263672,196875,0.0,0.0
FCL.NS,2016-05-31 00:00:00+05:30,28.74056350741992,28.74056350741992,27.672501669096153,27.866695404052734,138361,0.0,0.0
FCL.NS,2016-06-01 00:00:00+05:30,27.963792146756404,28.157985893707433,26.313152705547953,27.478309631347656,138227,0.0,0.0
FCL.NS,2016-06-02 00:00:00+05:30,27.18701666091266,27.91524032147282,26.798631079007613,27.041372299194336,63460,0.0,0.0
FCL.NS,2016-06-03 00:00:00+05:30,26.944282017054665,27.62395834025445,26.410251943089825,26.847185134887695,127456,0.0,0.0
FCL.NS,2016-06-06 00:00:00+05:30,27.575405740724246,28.157985113465564,26.94427885857481,27.332664489746094,107957,0.0,0.0
FCL.NS,2016-06-07 00:00:00+05:30,27.18702035741975,27.623955353951512,26.507344107696742,26.652990341186523,85826,0.0,0.0
FCL.NS,2016-06-08 00:00:00+05:30,27.381217198873227,27.381217198873227,26.410252076246078,26.507347106933594,86246,0.0,0.0
FCL.NS,2016-06-09 00:00:00+05:30,26.701536963842845,26.798633832286928,25.68202447510179,25.77911949157715,143387,0.0,0.0
FCL.NS,2016-06-10 00:00:00+05:30,25.97331414813287,26.3616997836925,25.487831640691137,25.584928512573242,68299,0.0,0.0
FCL.NS,2016-06-13 00:00:00+05:30,25.245087319397925,25.536376047680474,24.37121928258171,24.662508010864258,91341,0.0,0.0
FCL.NS,2016-06-14 00:00:00+05:30,24.371222980167456,27.623956248678432,24.371222980167456,26.458797454833984,204658,0.0,0.0
FCL.NS,2016-06-15 00:00:00+05:30,26.992824944120855,29.905719802204487,26.604439333436773,28.83765983581543,479095,0.0,0.0
FCL.NS,2016-06-16 00:00:00+05:30,28.8376627173831,29.565886504670868,26.79863574258358,28.303630828857422,271440,0.0,0.0
FCL.NS,2016-06-17 00:00:00+05:30,28.740562183829887,32.0418425622768,28.303627226284117,29.760074615478516,2871462,0.0,0.0
FCL.NS,2016-06-20 00:00:00+05:30,29.56588757329556,30.973785835090773,28.206534972984418,29.226049423217773,403449,0.0,0.0
FCL.NS,2016-06-21 00:00:00+05:30,29.128953792821317,29.4687919574647,27.235571055500326,27.623958587646484,286557,0.0,0.0
FCL.NS,2016-06-22 00:00:00+05:30,27.6724991012861,28.44927026509619,26.604437362070822,27.041372299194336,275260,0.0,0.0
FCL.NS,2016-06-23 00:00:00+05:30,26.458797454833984,28.157986282208643,26.361700580018805,26.458797454833984,439042,0.0,0.0
FCL.NS,2016-06-24 00:00:00+05:30,26.21605544120457,27.672502965715935,23.788642900352297,26.313152313232422,1227698,0.0,0.0
FCL.NS,2016-06-27 00:00:00+05:30,26.604441345577413,27.963792011766117,25.924766938467467,27.089923858642578,156988,0.0,0.0
FCL.NS,2016-06-28 00:00:00+05:30,27.089922316195125,28.837660374898213,27.089922316195125,27.866695404052734,316702,0.0,0.0
FCL.NS,2016-06-29 00:00:00+05:30,28.15798401714027,28.78911087471691,27.769598401090693,28.206531524658203,165138,0.0,0.0
FCL.NS,2016-06-30 00:00:00+05:30,28.594920009077708,28.643467518321255,27.42976126754493,27.672502517700195,273136,0.0,0.0
FCL.NS,2016-07-01 00:00:00+05:30,27.818149717385786,28.15798787244704,26.507346463274633,26.75008773803711,447945,0.0,0.0
FCL.NS,2016-07-04 00:00:00+05:30,26.750081723789148,28.012337179941216,26.750081723789148,27.041372299194336,389502,0.0,0.0
FCL.NS,2016-07-05 00:00:00+05:30,27.187019111018607,28.15798407926927,26.701536626893272,27.138471603393555,1283133,0.0,0.0
FCL.NS,2016-07-07 00:00:00+05:30,27.187018111667747,28.83765923780646,26.41024690640755,26.60443878173828,931710,0.0,0.0
FCL.NS,2016-07-08 00:00:00+05:30,26.944282017054665,27.08992641432062,26.313155060922856,26.847185134887695,145309,0.0,0.0
FCL.NS,2016-07-11 00:00:00+05:30,28.30362715908353,28.837658978368047,26.41024666880739,26.555891036987305,891981,0.0,0.0
FCL.NS,2016-07-12 00:00:00+05:30,26.45879693087579,27.1384731891537,25.924766907920866,26.3617000579834,1460217,0.0,0.0
FCL.NS,2016-07-13 00:00:00+05:30,26.555894329649163,27.089924363179374,26.31315306859564,26.458797454833984,215897,0.0,0.0
FCL.NS,2016-07-14 00:00:00+05:30,26.216055016768607,28.157985018010727,26.216055016768607,27.672502517700195,760656,0.0,0.0
FCL.NS,2016-07-15 00:00:00+05:30,27.575407309872357,27.866697938802975,26.79863600332847,26.895732879638672,184092,0.0,0.0
FCL.NS,2016-07-18 00:00:00+05:30,26.895733984469757,27.187022773397146,26.652992709707284,26.75008773803711,119637,0.0,0.0
FCL.NS,2016-07-19 00:00:00+05:30,26.99282813697937,26.99282813697937,26.021863069433795,26.21605682373047,80041,0.0,0.0
FCL.NS,2016-07-20 00:00:00+05:30,25.924767421303773,26.895732465517863,25.924767421303773,26.458797454833984,178098,0.0,0.0
FCL.NS,2016-07-21 00:00:00+05:30,26.1189579003323,27.8666959961718,25.682024765348988,25.827669143676758,414289,0.0,0.0
FCL.NS,2016-07-22 00:00:00+05:30,25.924765720227636,26.16750696535348,25.536378246451303,25.77911949157715,273193,0.0,0.0
FCL.NS,2016-07-25 00:00:00+05:30,26.507342983301367,26.507342983301367,25.487830503931587,25.730571746826172,197473,0.0,0.0
FCL.NS,2016-07-26 00:00:00+05:30,25.9247667384541,25.973314248598538,25.09944610221702,25.24509048461914,244535,0.0,0.0
FCL.NS,2016-07-27 00:00:00+05:30,25.34218668110578,25.487831059624167,24.662510445394968,24.759607315063477,211238,0.0,0.0
FCL.NS,2016-07-28 00:00:00+05:30,25.245087319397925,25.245087319397925,24.56541115078055,24.662508010864258,191845,0.0,0.0
FCL.NS,2016-07-29 00:00:00+05:30,24.75960963083874,24.856706509588754,24.274127089057586,24.468320846557617,105605,0.0,0.0
FCL.NS,2016-08-01 00:00:00+05:30,24.613962253938663,24.905251002897277,24.031382904052737,24.274124145507812,529436,0.0,0.0
FCL.NS,2016-08-02 00:00:00+05:30,24.177028129548795,24.711059990728785,23.303159999944626,24.079931259155273,1492027,0.0,0.0
FCL.NS,2016-08-03 00:00:00+05:30,24.27412722774953,24.468320986359103,23.15751774566684,23.400259017944336,192721,0.0,0.0
FCL.NS,2016-08-04 00:00:00+05:30,23.448804717850226,23.69154597135172,22.81767782914011,23.0604190826416,64436,0.0,0.0
FCL.NS,2016-08-05 00:00:00+05:30,23.691545486450195,24.419769232049905,23.011871101738382,23.691545486450195,236182,0.0,0.0
FCL.NS,2016-08-08 00:00:00+05:30,24.17703049979505,24.17703049979505,22.186552795446598,22.332197189331055,664515,0.0,0.0
FCL.NS,2016-08-09 00:00:00+05:30,22.332196553548176,24.2255791760496,21.89526153236511,24.03138542175293,1406994,0.0,0.0
FCL.NS,2016-08-10 00:00:00+05:30,24.225576181284016,25.05089490509674,22.672031894866453,23.837188720703125,1863443,0.0,0.0
FCL.NS,2016-08-11 00:00:00+05:30,23.837188412240003,24.274123373755053,23.594447178502453,24.12847900390625,135078,0.0,0.0
FCL.NS,2016-08-12 00:00:00+05:30,23.7886451457385,25.050899045337037,23.7886451457385,24.95380401611328,372433,0.0,0.0
FCL.NS,2016-08-16 00:00:00+05:30,25.245092977429323,25.390737374213,23.497356512087194,23.8857421875,167199,0.0,0.0
FCL.NS,2016-08-17 00:00:00+05:30,23.788644894651924,24.75960999239282,23.497356106117238,24.177030563354492,416938,0.0,0.0
FCL.NS,2016-08-18 00:00:00+05:30,24.565415468115436,27.478310670752155,24.03138542175293,26.21605682373047,1150406,0.0,0.0
FCL.NS,2016-08-19 00:00:00+05:30,26.21605438765706,27.18701936497769,25.92476563524836,26.11895751953125,228642,0.0,0.0
FCL.NS,2016-08-22 00:00:00+05:30,26.701540872246625,26.701540872246625,25.876220147619748,26.507347106933594,183582,0.0,0.0
FCL.NS,2016-08-23 00:00:00+05:30,26.60443985085294,26.652989210613086,25.584927371483165,25.730571746826172,168222,0.0,0.0
FCL.NS,2016-08-24 00:00:00+05:30,25.87621867969574,27.089925014127704,25.73057428995768,26.21605682373047,406044,0.0,0.0
FCL.NS,2016-08-25 00:00:00+05:30,25.924765844507146,27.672502077004122,25.584927729308085,27.235567092895508,1404813,0.0,0.0
FCL.NS,2016-08-26 00:00:00+05:30,27.235567967575008,27.33266483960286,26.11895856917672,26.313152313232422,414702,0.0,0.0
FCL.NS,2016-08-29 00:00:00+05:30,26.21605438765706,26.410248123908673,25.87621627520109,26.11895751953125,339420,0.0,0.0
FCL.NS,2016-08-30 00:00:00+05:30,26.3131510898408,27.187019193524634,26.216054222327326,26.798633575439453,309325,0.0,0.0
FCL.NS,2016-08-31 00:00:00+05:30,27.089921004303203,27.18701786707935,26.458794174211157,26.555891036987305,446452,0.0,0.0
FCL.NS,2016-09-01 00:00:00+05:30,26.847183509049906,26.895732873177785,25.924767814246728,26.167509078979492,264365,0.0,0.0
FCL.NS,2016-09-02 00:00:00+05:30,26.167509078979492,26.60444224431714,25.924767814246728,26.167509078979492,141271,0.0,0.0
FCL.NS,2016-09-06 00:00:00+05:30,26.313154578538768,26.507346487343707,25.245092598220275,26.02186393737793,91463,0.0,0.0
FCL.NS,2016-09-07 00:00:00+05:30,26.264604103297497,26.410250343712256,25.730574061672968,26.167509078979492,492152,0.0,0.0
FCL.NS,2016-09-08 00:00:00+05:30,26.41024788415112,26.701536633915442,25.924765399898114,26.070409774780273,162806,0.0,0.0
FCL.NS,2016-09-09 00:00:00+05:30,26.410247345635597,26.55589171754801,25.77911864740069,25.973312377929688,310660,0.0,0.0
FCL.NS,2016-09-12 00:00:00+05:30,25.730571509418695,26.02186025741709,25.24508902810891,25.682024002075195,106731,0.0,0.0
FCL.NS,2016-09-14 00:00:00+05:30,25.487831640691137,25.97331414813287,25.487831640691137,25.584928512573242,156390,0.0,0.0
FCL.NS,2016-09-15 00:00:00+05:30,25.779119634456404,25.924765863914125,25.245089633007208,25.43928337097168,446785,0.0,0.0
FCL.NS,2016-09-16 00:00:00+05:30,25.487830503931587,26.167506724823912,25.439282996140154,25.730571746826172,334849,0.0,0.0
FCL.NS,2016-09-19 00:00:00+05:30,25.73057428995768,25.973315556844074,25.245091756184895,25.48783302307129,110523,0.0,0.0
FCL.NS,2016-09-20 00:00:00+05:30,25.487830053694246,25.92476502397362,25.147991949251253,25.293636322021484,118089,0.0,0.0
FCL.NS,2016-09-21 00:00:00+05:30,25.924765720227636,26.070410096909395,25.342186361531866,25.77911949157715,125514,0.0,0.0
FCL.NS,2016-09-22 00:00:00+05:30,26.216057210176693,27.575407954384662,25.779122182552847,27.381216049194336,350869,0.0,0.0
FCL.NS,2016-09-23 00:00:00+05:30,27.769601945857005,28.400728883996475,27.18702252143252,27.429763793945312,358434,0.0,0.0
FCL.NS,2016-09-26 00:00:00+05:30,27.42976198818196,27.623955734195555,26.944279475116794,27.089923858642578,103338,0.0,0.0
FCL.NS,2016-09-27 00:00:00+05:30,27.18702059659091,27.429761851917615,26.604441213413057,26.7015380859375,53284,0.0,0.0
FCL.NS,2016-09-28 00:00:00+05:30,26.798634722707515,27.04137597589876,26.458796597846007,26.652990341186523,108793,0.0,0.0
FCL.NS,2016-09-29 00:00:00+05:30,26.992828265291156,27.041377630080554,24.031385535987347,24.419771194458008,205705,0.0,0.0
FCL.NS,2016-09-30 00:00:00+05:30,24.419769848382064,26.02186175874298,24.419769848382064,25.24509048461914,150578,0.0,0.0
FCL.NS,2016-10-03 00:00:00+05:30,25.730575850325497,28.25508554943048,25.730575850325497,27.623958587646484,1672618,0.0,0.0
FCL.NS,2016-10-04 00:00:00+05:30,27.672502944695854,28.740564832253312,27.478309200787663,28.109437942504883,399356,0.0,0.0
FCL.NS,2016-10-05 00:00:00+05:30,28.109439860588132,28.740566793402305,26.99282853487584,27.381216049194336,382257,0.0,0.0
FCL.NS,2016-10-06 00:00:00+05:30,27.721050120917383,28.060888242680548,27.23556761896108,27.332664489746094,752381,0.0,0.0
FCL.NS,2016-10-07 00:00:00+05:30,26.750085858234534,27.7696002517742,26.750085858234534,27.478309631347656,164005,0.0,0.0
FCL.NS,2016-10-10 00:00:00+05:30,27.284117604656174,27.963792011766117,26.798635091591006,27.089923858642578,165623,0.0,0.0
FCL.NS,2016-10-13 00:00:00+05:30,27.18702212510753,27.33266651609825,26.361701440201553,26.992828369140625,99512,0.0,0.0
FCL.NS,2016-10-14 00:00:00+05:30,26.992829012799582,27.187022773397146,26.701540223872197,26.75008773803711,87986,0.0,0.0
FCL.NS,2016-10-17 00:00:00+05:30,27.332665247118797,28.643468409116185,26.7986352209567,27.478309631347656,516898,0.0,0.0
FCL.NS,2016-10-18 00:00:00+05:30,27.623956405236825,28.594921454953845,27.623956405236825,28.303630828857422,296982,0.0,0.0
FCL.NS,2016-10-19 00:00:00+05:30,28.303627802024312,30.099913322297063,27.963789700572384,29.517333984375,491925,0.0,0.0
FCL.NS,2016-10-20 00:00:00+05:30,30.245559864701228,33.98377554505055,30.00281861080801,32.430233001708984,2261315,0.0,0.0
FCL.NS,2016-10-21 00:00:00+05:30,32.672972573012856,33.49829131217258,31.847650129915728,32.47877883911133,629255,0.0,0.0
FCL.NS,2016-10-24 00:00:00+05:30,32.57587650377065,34.663452831122186,32.57587650377065,34.08087158203125,754205,0.0,0.0
FCL.NS,2016-10-25 00:00:00+05:30,34.71200450113006,35.19748708156545,33.59539308455342,34.85765075683594,712466,0.0,0.0
FCL.NS,2016-10-26 00:00:00+05:30,34.469256460344454,34.906191437953204,33.25555024695204,33.59538650512695,419744,0.0,0.0
FCL.NS,2016-10-27 00:00:00+05:30,33.78957880991875,33.93522503093635,31.21652396879342,32.96426010131836,459035,0.0,0.0
FCL.NS,2016-10-28 00:00:00+05:30,32.915718725117,33.886683835545966,32.13894367362347,32.672977447509766,274680,0.0,0.0
FCL.NS,2016-11-01 00:00:00+05:30,33.983775270564486,40.100854078478584,32.91571524363606,38.49876403808594,2210642,0.0,0.0
FCL.NS,2016-11-02 00:00:00+05:30,38.110372789863014,38.110372789863014,35.391671777488256,35.682960510253906,702355,0.0,0.0
FCL.NS,2016-11-03 00:00:00+05:30,35.97425125163543,36.89666871017734,33.93522630449006,34.275062561035156,364313,0.0,0.0
FCL.NS,2016-11-04 00:00:00+05:30,34.51780741045756,35.391677452823686,32.09039474159363,33.498294830322266,428775,0.0,0.0
FCL.NS,2016-11-07 00:00:00+05:30,34.7605504181772,34.7605504181772,33.01281394985484,33.44974899291992,691748,0.0,0.0
FCL.NS,2016-11-08 00:00:00+05:30,33.49829114974636,33.78957989721754,32.33313245592422,33.15845489501953,384135,0.0,0.0
FCL.NS,2016-11-09 00:00:00+05:30,30.051367102270373,31.993297077164257,26.701537154790923,30.82813835144043,953901,0.0,0.0
FCL.NS,2016-11-10 00:00:00+05:30,31.313620434814244,33.98377411530228,31.070879191133514,31.459266662597656,408408,0.0,0.0
FCL.NS,2016-11-11 00:00:00+05:30,31.02233337928965,31.65345842500301,30.536850865385077,31.070880889892578,144720,0.0,0.0
FCL.NS,2016-11-15 00:00:00+05:30,31.94475387802488,31.94475387802488,27.866699639818172,28.692018508911133,389049,0.0,0.0
FCL.NS,2016-11-16 00:00:00+05:30,29.371693974047634,29.857176519073217,27.18702252143252,27.429763793945312,324490,0.0,0.0
FCL.NS,2016-11-17 00:00:00+05:30,27.62395783384015,27.86669910882304,25.050898837446383,26.02186393737793,278064,0.0,0.0
FCL.NS,2016-11-18 00:00:00+05:30,26.798633418545734,27.187019034357096,25.342185970276606,26.410247802734375,190943,0.0,0.0
FCL.NS,2016-11-21 00:00:00+05:30,27.08992217599298,27.08992217599298,23.78864166259766,24.274124145507812,202895,0.0,0.0
FCL.NS,2016-11-22 00:00:00+05:30,24.759605580916908,25.924764231394565,23.01186945716905,25.147991180419922,422686,0.0,0.0
FCL.NS,2016-11-23 00:00:00+05:30,25.342186972512764,27.769599482294275,24.905251979964582,27.332664489746094,177766,0.0,0.0
FCL.NS,2016-11-24 00:00:00+05:30,27.86669548730355,28.886207968949577,26.94427802145717,27.526857376098633,248151,0.0,0.0
FCL.NS,2016-11-25 00:00:00+05:30,27.963787711361025,29.468784381598745,27.672498989105225,29.12894630432129,179538,0.0,0.0
FCL.NS,2016-11-28 00:00:00+05:30,29.90572087257834,31.022332089717317,29.614432117131752,30.82813835144043,196042,0.0,0.0
FCL.NS,2016-11-29 00:00:00+05:30,31.41071713719936,31.99329837567522,30.148463343074777,30.3426570892334,153330,0.0,0.0
FCL.NS,2016-11-30 00:00:00+05:30,30.876685413335792,30.973782281069546,29.905720439935692,30.391202926635742,62152,0.0,0.0
FCL.NS,2016-12-01 00:00:00+05:30,30.391206950652425,30.585400711832598,27.672505405943777,29.32314682006836,119326,0.0,0.0
FCL.NS,2016-12-02 00:00:00+05:30,28.643470993777076,29.128953552993636,28.303632831931683,28.692018508911133,83856,0.0,0.0
FCL.NS,2016-12-05 00:00:00+05:30,29.808622458876197,30.585393619537353,27.6239514860521,29.12894630432129,291578,0.0,0.0
FCL.NS,2016-12-06 00:00:00+05:30,29.614429894139914,30.099912351420897,28.837658703277786,28.98330307006836,113409,0.0,0.0
FCL.NS,2016-12-07 00:00:00+05:30,29.080401552191532,29.274593434742556,28.44927284098676,28.934755325317383,65754,0.0,0.0
FCL.NS,2016-12-08 00:00:00+05:30,29.662979193775886,29.71152855362252,28.255081093660326,28.594919204711914,222743,0.0,0.0
FCL.NS,2016-12-09 00:00:00+05:30,28.74056767890263,28.83766456047382,27.623958170756385,27.915246963500977,211272,0.0,0.0
FCL.NS,2016-12-12 00:00:00+05:30,28.157985113465564,28.157985113465564,27.187020109552957,27.332664489746094,88728,0.0,0.0
FCL.NS,2016-12-13 00:00:00+05:30,27.235567348617504,29.12894982824065,27.235567348617504,28.3521785736084,254013,0.0,0.0
FCL.NS,2016-12-14 00:00:00+05:30,28.54636947243341,28.934755086295823,27.72104888549535,27.818145751953125,61853,0.0,0.0
FCL.NS,2016-12-15 00:00:00+05:30,27.575403678434665,28.692012979032228,27.38121180335649,28.012338638305664,71723,0.0,0.0
FCL.NS,2016-12-16 00:00:00+05:30,28.15798568725586,28.497823815944088,27.91524443133124,28.15798568725586,100966,0.0,0.0
FCL.NS,2016-12-19 00:00:00+05:30,28.012344075421264,28.255085355360844,27.769602795481685,27.963794708251953,37470,0.0,0.0
FCL.NS,2016-12-20 00:00:00+05:30,27.96379141945512,28.59492015464673,27.721050168064124,28.060888290405273,200183,0.0,0.0
FCL.NS,2016-12-21 00:00:00+05:30,27.672502517700195,28.157985018010727,27.42976126754493,27.672502517700195,47601,0.0,0.0
FCL.NS,2016-12-22 00:00:00+05:30,27.284114939833085,28.157983007606454,27.138470570532295,28.012338638305664,298812,0.0,0.0
FCL.NS,2016-12-23 00:00:00+05:30,27.963793727861454,28.35218124372339,27.38121615800641,27.769601821899414,153123,0.0,0.0
FCL.NS,2016-12-26 00:00:00+05:30,27.332667167860837,27.769602203220874,26.507346463274633,26.75008773803711,84692,0.0,0.0
FCL.NS,2016-12-27 00:00:00+05:30,26.361699823261947,26.895731693430726,25.876217315091495,26.313152313232422,100972,0.0,0.0
FCL.NS,2016-12-28 00:00:00+05:30,26.701538715887505,27.138473726571387,26.21605619378046,26.458797454833984,61718,0.0,0.0
FCL.NS,2016-12-29 00:00:00+05:30,27.332667693753546,27.332667693753546,26.361702576021845,26.847185134887695,27381,0.0,0.0
FCL.NS,2016-12-30 00:00:00+05:30,27.332664346172177,27.332664346172177,26.701537467337943,26.944278717041016,49617,0.0,0.0
FCL.NS,2017-01-02 00:00:00+05:30,27.526858861188757,27.526858861188757,26.798635091591006,27.089923858642578,25676,0.0,0.0
FCL.NS,2017-01-03 00:00:00+05:30,27.18701874783961,29.128948658399583,27.089921881917874,28.497821807861328,357533,0.0,0.0
FCL.NS,2017-01-04 00:00:00+05:30,28.643466495791845,30.48829956072029,28.643466495791845,29.274593353271484,361917,0.0,0.0
FCL.NS,2017-01-05 00:00:00+05:30,30.099913533530867,30.099913533530867,28.54636923882586,28.83765983581543,304009,0.0,0.0
FCL.NS,2017-01-06 00:00:00+05:30,28.9347537131591,29.711526755989834,28.692012484518607,28.98330307006836,176642,0.0,0.0
FCL.NS,2017-01-09 00:00:00+05:30,29.323141160558766,29.323141160558766,28.40072375093746,28.98330307006836,67503,0.0,0.0
FCL.NS,2017-01-10 00:00:00+05:30,29.12894837641651,30.002816457315273,28.643465903476237,29.517333984375,116856,0.0,0.0
FCL.NS,2017-01-11 00:00:00+05:30,29.274593507934767,29.95426972848444,29.274593507934767,29.662979125976562,95173,0.0,0.0
FCL.NS,2017-01-12 00:00:00+05:30,29.42023502657709,29.711525600801423,28.83765758206549,29.12894630432129,52278,0.0,0.0
FCL.NS,2017-01-13 00:00:00+05:30,29.12894905983711,29.56588403652215,28.643466575506494,28.934755325317383,77481,0.0,0.0
FCL.NS,2017-01-16 00:00:00+05:30,28.643470123034565,29.420241453380132,28.449276364463707,28.886211395263672,137830,0.0,0.0
FCL.NS,2017-01-17 00:00:00+05:30,28.934758508193568,28.934758508193568,28.40072845747309,28.449275970458984,127277,0.0,0.0
FCL.NS,2017-01-18 00:00:00+05:30,28.643467664137418,28.837661406037725,27.91524390996443,28.060888290405273,109092,0.0,0.0
FCL.NS,2017-01-19 00:00:00+05:30,28.303629212713414,28.886208579671976,27.478308597186178,28.3521785736084,95806,0.0,0.0
FCL.NS,2017-01-20 00:00:00+05:30,28.157983007606454,28.400724240430648,27.769597405481473,28.012338638305664,54553,0.0,0.0
FCL.NS,2017-01-23 00:00:00+05:30,27.381211657642172,30.488298310075717,27.381211657642172,29.760074615478516,201463,0.0,0.0
FCL.NS,2017-01-24 00:00:00+05:30,30.051369581323037,31.70201093693807,29.76007894987803,31.313623428344727,472472,0.0,0.0
FCL.NS,2017-01-25 00:00:00+05:30,31.459271355643985,32.041848945810806,30.58540126645577,31.265077590942383,221227,0.0,0.0
FCL.NS,2017-01-27 00:00:00+05:30,31.556363009671024,32.284586771432664,30.585397993988842,31.36216926574707,167525,0.0,0.0
FCL.NS,2017-01-30 00:00:00+05:30,31.07088150516633,31.21652774379688,29.614433934611657,30.099916458129883,158840,0.0,0.0
FCL.NS,2017-01-31 00:00:00+05:30,30.779590324303697,30.828137832070656,29.420237883204354,29.662979125976562,89736,0.0,0.0
FCL.NS,2017-02-01 00:00:00+05:30,29.32314278721457,30.39120277090682,29.226045919978354,30.002817153930664,47070,0.0,0.0
FCL.NS,2017-02-02 00:00:00+05:30,30.585401019751203,30.77959478288642,29.808629671148285,30.488304138183594,161594,0.0,0.0
FCL.NS,2017-02-03 00:00:00+05:30,30.48830210655069,30.973784630068913,29.614433934611657,30.099916458129883,137281,0.0,0.0
FCL.NS,2017-02-06 00:00:00+05:30,30.488299548511158,32.672972573012856,30.099913932676813,32.47877883911133,745077,0.0,0.0
FCL.NS,2017-02-07 00:00:00+05:30,32.721520105966505,33.10990387013438,32.041843888750975,32.138938903808594,222932,0.0,0.0
FCL.NS,2017-02-08 00:00:00+05:30,32.04184890889585,33.498296586572934,31.653461379940104,33.10990905761719,267329,0.0,0.0
FCL.NS,2017-02-09 00:00:00+05:30,33.40119168955474,33.98376910695639,32.72151556662824,33.06135177612305,435361,0.0,0.0
FCL.NS,2017-02-10 00:00:00+05:30,33.012806532118056,33.4011939728943,32.18748785038996,32.77006530761719,142313,0.0,0.0
FCL.NS,2017-02-13 00:00:00+05:30,32.13893757331486,32.527325025341604,27.575403531686916,29.760074615478516,605492,0.0,0.0
FCL.NS,2017-02-14 00:00:00+05:30,29.22604767874337,30.585398345947265,29.22604767874337,30.3426570892334,396096,0.0,0.0
FCL.NS,2017-02-15 00:00:00+05:30,30.099913862885025,30.48829947781883,29.12894889956615,29.614431381225586,76008,0.0,0.0
FCL.NS,2017-02-16 00:00:00+05:30,30.002817633736008,32.721520699984026,29.614432010548786,32.23603820800781,404661,0.0,0.0
FCL.NS,2017-02-17 00:00:00+05:30,32.575872647896254,33.83812631561219,31.26507147448687,32.96426010131836,1516305,0.0,0.0
FCL.NS,2017-02-20 00:00:00+05:30,32.478779574868724,35.05183456955602,32.478779574868724,33.69248580932617,1224017,0.0,0.0
FCL.NS,2017-02-21 00:00:00+05:30,33.78986191315705,34.27674752079722,33.010845683861234,33.887237548828125,1186996,8.6572,0.0
FCL.NS,2017-02-22 00:00:00+05:30,34.081993664785,34.422812115575844,33.108222417219714,34.27674865722656,1963844,0.0,0.0
FCL.NS,2017-02-23 00:00:00+05:30,34.56888407428705,35.05576976547419,33.302982020129086,33.546424865722656,101941,0.0,0.0
FCL.NS,2017-02-27 00:00:00+05:30,33.78986771131623,34.0333105569098,33.3516698463192,33.546424865722656,147528,0.0,0.0
FCL.NS,2017-02-28 00:00:00+05:30,33.93592791089605,33.984619447024464,32.81609315815321,33.05953598022461,135141,0.0,0.0
FCL.NS,2017-03-01 00:00:00+05:30,33.49773295522002,33.49773295522002,32.13445170026101,32.42658233642578,133106,0.0,0.0
FCL.NS,2017-03-02 00:00:00+05:30,33.01084209549948,33.449036123028925,30.67378994701311,32.280513763427734,213474,0.0,0.0
FCL.NS,2017-03-03 00:00:00+05:30,32.67002241228395,32.86477739160711,31.696251230310406,32.13444900512695,136666,0.0,0.0
FCL.NS,2017-03-06 00:00:00+05:30,32.28052080273499,33.15691276354781,31.939698611327678,32.76740646362305,127198,0.0,0.0
FCL.NS,2017-03-07 00:00:00+05:30,33.05953457076648,33.10822239017648,32.13445114340658,32.23182678222656,78597,0.0,0.0
FCL.NS,2017-03-08 00:00:00+05:30,32.62133568525314,32.62133568525314,29.74870985959342,31.16067886352539,132645,0.0,0.0
FCL.NS,2017-03-09 00:00:00+05:30,31.355434622154373,32.81609147988229,31.063302136216045,32.47526931762695,100876,0.0,0.0
FCL.NS,2017-03-10 00:00:00+05:30,32.96215635287895,32.96215635287895,31.793633788212468,32.621337890625,107247,0.0,0.0
FCL.NS,2017-03-14 00:00:00+05:30,33.25429070868822,33.78986416993413,32.13445225046642,32.621337890625,149308,0.0,0.0
FCL.NS,2017-03-15 00:00:00+05:30,32.13445014110953,32.76740291762471,31.9396951549016,32.52396011352539,188481,0.0,0.0
FCL.NS,2017-03-16 00:00:00+05:30,32.62133517618443,33.010845141757,32.03707394246791,32.32920455932617,106518,0.0,0.0
FCL.NS,2017-03-17 00:00:00+05:30,32.329204800478315,33.8872372451057,32.329204800478315,33.449039459228516,309574,0.0,0.0
FCL.NS,2017-03-20 00:00:00+05:30,33.449044356814404,34.081997219607125,33.449044356814404,33.83855438232422,154837,0.0,0.0
FCL.NS,2017-03-21 00:00:00+05:30,33.83855358643086,33.83855358643086,33.010849444993994,33.20560073852539,215130,0.0,0.0
FCL.NS,2017-03-22 00:00:00+05:30,33.010844921528395,33.7411733161229,32.62133495855441,33.25428771972656,89284,0.0,0.0
FCL.NS,2017-03-23 00:00:00+05:30,33.30297767698559,33.83855112451706,32.91346768897586,33.35166549682617,66683,0.0,0.0
FCL.NS,2017-03-24 00:00:00+05:30,32.91346657024206,33.4977315323974,31.744940360573793,32.962154388427734,234468,0.0,0.0
FCL.NS,2017-03-27 00:00:00+05:30,33.30297299156347,36.12690700608357,33.10821802495884,35.00707244873047,496962,0.0,0.0
FCL.NS,2017-03-28 00:00:00+05:30,35.54265274701976,35.54265274701976,34.081995784813465,34.37412643432617,104248,0.0,0.0
FCL.NS,2017-03-29 00:00:00+05:30,34.66625609343399,34.76363545025129,32.32920724945838,32.621337890625,252642,0.0,0.0
FCL.NS,2017-03-30 00:00:00+05:30,32.475267996056445,33.984616326000165,32.475267996056445,33.692481994628906,66223,0.0,0.0
FCL.NS,2017-03-31 00:00:00+05:30,33.6924864016395,34.179372064753615,33.010849444993994,33.20560073852539,119301,0.0,0.0
FCL.NS,2017-04-03 00:00:00+05:30,33.25428307631774,33.83854422455405,33.010840312112315,33.30297088623047,74603,0.0,0.0
FCL.NS,2017-04-05 00:00:00+05:30,33.59511148439068,35.54265417913797,33.44904429642747,34.52019500732422,281014,0.0,0.0
FCL.NS,2017-04-06 00:00:00+05:30,34.52019174956433,35.05576519714781,33.93592676749301,34.03330612182617,134869,0.0,0.0
FCL.NS,2017-04-07 00:00:00+05:30,34.08199752586475,34.17937317579577,33.30298118248786,33.59511184692383,149822,0.0,0.0
FCL.NS,2017-04-10 00:00:00+05:30,33.88723981210879,33.88723981210879,31.501499432403207,32.621337890625,199602,0.0,0.0
FCL.NS,2017-04-11 00:00:00+05:30,32.718715075411275,33.59511075487381,32.62133942864558,33.20560073852539,120932,0.0,0.0
FCL.NS,2017-04-12 00:00:00+05:30,33.30297472819214,35.83477828215062,32.62133416685187,34.66625213623047,435052,0.0,0.0
FCL.NS,2017-04-13 00:00:00+05:30,34.95839200383069,34.95839200383069,33.887241319062525,34.56888198852539,211963,0.0,0.0
FCL.NS,2017-04-17 00:00:00+05:30,34.568876763150996,34.861007373150585,34.0819911749376,34.42280960083008,108105,0.0,0.0
FCL.NS,2017-04-18 00:00:00+05:30,34.61756981177785,35.73740831979847,34.17937197322009,34.56888198852539,194741,0.0,0.0
FCL.NS,2017-04-19 00:00:00+05:30,34.47150364966812,34.71494646155944,34.081993664785,34.27674865722656,43208,0.0,0.0
FCL.NS,2017-04-20 00:00:00+05:30,34.56887791456489,37.19806092141802,34.325435112349645,36.85723876953125,407731,0.0,0.0
FCL.NS,2017-04-21 00:00:00+05:30,37.198055632323864,39.43772835132245,36.56510295070516,37.636253356933594,874085,0.0,0.0
FCL.NS,2017-04-24 00:00:00+05:30,38.17182744339893,38.902155760372224,37.00330139331329,37.587562561035156,287943,0.0,0.0
FCL.NS,2017-04-25 00:00:00+05:30,38.415273452125504,40.60625858763105,38.0257634977343,39.681175231933594,723532,0.0,0.0
FCL.NS,2017-04-26 00:00:00+05:30,39.92462049211775,40.21675111864377,37.00330679757254,37.49019241333008,282378,0.0,0.0
FCL.NS,2017-04-27 00:00:00+05:30,37.53888410195504,38.22052477721613,36.61380059371806,36.808555603027344,118995,0.0,0.0
FCL.NS,2017-04-28 00:00:00+05:30,37.78232693493094,37.78232693493094,36.272982113408936,36.808555603027344,139007,0.0,0.0
FCL.NS,2017-05-02 00:00:00+05:30,37.00330620637067,37.49019181434923,35.54264938243498,36.61379623413086,168770,0.0,0.0
FCL.NS,2017-05-03 00:00:00+05:30,36.80855204679027,36.954619218320744,35.64002581847387,35.88346862792969,54857,0.0,0.0
FCL.NS,2017-05-04 00:00:00+05:30,36.419046349477725,36.419046349477725,35.25052010290363,36.078224182128906,77199,0.0,0.0
FCL.NS,2017-05-05 00:00:00+05:30,36.126911807884234,36.126911807884234,34.08199367334079,34.95838928222656,173422,0.0,0.0
FCL.NS,2017-05-08 00:00:00+05:30,34.86101403712336,35.4452790834519,34.37412835583772,34.71495056152344,51225,0.0,0.0
FCL.NS,2017-05-09 00:00:00+05:30,35.98085288280479,37.00331207889838,34.86101432087567,36.27298355102539,225138,0.0,0.0
FCL.NS,2017-05-10 00:00:00+05:30,36.7598631345021,38.07445278060748,36.516420332286856,36.85723876953125,163138,0.0,0.0
FCL.NS,2017-05-11 00:00:00+05:30,37.44150349477051,37.97707691344186,36.90593007609916,37.78232192993164,251130,0.0,0.0
FCL.NS,2017-05-12 00:00:00+05:30,37.10067616318409,37.97707160925438,36.12690509628013,36.954612731933594,115019,0.0,0.0
FCL.NS,2017-05-15 00:00:00+05:30,37.78232188916069,38.70740527385423,36.90593003627392,37.10068130493164,94863,0.0,0.0
FCL.NS,2017-05-16 00:00:00+05:30,37.00330620637067,37.782322436207885,36.37035343014158,36.61379623413086,109654,0.0,0.0
FCL.NS,2017-05-17 00:00:00+05:30,37.00331207889838,37.00331207889838,36.02954070840106,36.27298355102539,91077,0.0,0.0
FCL.NS,2017-05-18 00:00:00+05:30,36.51641679194518,36.51641679194518,35.250515086086146,35.93215560913086,105493,0.0,0.0
FCL.NS,2017-05-19 00:00:00+05:30,36.71117678535558,36.71117678535558,34.66625493616963,34.95838928222656,155663,0.0,0.0
FCL.NS,2017-05-22 00:00:00+05:30,35.93216426881439,36.029539917870395,33.4003565322864,33.83855438232422,187461,0.0,0.0
FCL.NS,2017-05-23 00:00:00+05:30,34.37412571345456,34.37412571345456,31.3554362073913,33.74117660522461,224271,0.0,0.0
FCL.NS,2017-05-24 00:00:00+05:30,33.64379699202949,34.520192630172,32.18314007155375,32.621337890625,78538,0.0,0.0
FCL.NS,2017-05-25 00:00:00+05:30,33.74118117041089,34.033311853322544,32.37789969729893,32.572654724121094,106417,0.0,0.0
FCL.NS,2017-05-26 00:00:00+05:30,33.59510696570542,34.081992573904046,32.183137959000916,32.52396011352539,138531,0.0,0.0
FCL.NS,2017-05-29 00:00:00+05:30,32.86478561402332,33.205604127126286,31.988389845125422,33.0108528137207,90830,0.0,0.0
FCL.NS,2017-05-30 00:00:00+05:30,32.426580193398145,32.81609015897072,32.134449576539886,32.32920455932617,71594,0.0,0.0
FCL.NS,2017-05-31 00:00:00+05:30,32.718712127248274,32.718712127248274,31.696253069767227,32.47526931762695,40982,0.0,0.0
FCL.NS,2017-06-01 00:00:00+05:30,32.71871584496568,34.76363790692785,32.08576669681586,33.83855438232422,163718,0.0,0.0
FCL.NS,2017-06-02 00:00:00+05:30,34.08199363694637,35.05576488371627,31.939696151124096,32.23182678222656,262633,0.0,0.0
FCL.NS,2017-06-05 00:00:00+05:30,32.62133676679153,33.400353021278946,32.037075504586596,32.23182678222656,203393,0.0,0.0
FCL.NS,2017-06-06 00:00:00+05:30,32.81609557713612,32.96215905236018,30.430355002047044,31.111995697021484,263804,0.0,0.0
FCL.NS,2017-06-07 00:00:00+05:30,30.96592850715448,31.647569202128924,30.722485667138105,31.111995697021484,149488,0.0,0.0
FCL.NS,2017-06-08 00:00:00+05:30,31.160682405103277,31.45281305972256,30.43035391123367,31.063304901123047,103525,0.0,0.0
FCL.NS,2017-06-09 00:00:00+05:30,31.647566068438877,32.718712972590545,30.917237620705674,32.42658233642578,147724,0.0,0.0
FCL.NS,2017-06-12 00:00:00+05:30,32.52396515392862,32.67002863023897,31.063306245645844,31.550193786621094,57886,0.0,0.0
FCL.NS,2017-06-13 00:00:00+05:30,31.550190756665433,32.52396203045581,31.160680761292234,31.842321395874023,56073,0.0,0.0
FCL.NS,2017-06-14 00:00:00+05:30,31.550188300385177,32.1344495333158,31.160678335336538,31.647563934326172,75660,0.0,0.0
FCL.NS,2017-06-15 00:00:00+05:30,31.988384858157012,32.52396203045581,31.647566398187426,31.842321395874023,78535,0.0,0.0
FCL.NS,2017-06-16 00:00:00+05:30,32.03707412942286,32.47526819994621,30.38166233804266,30.72248077392578,205557,0.0,0.0
FCL.NS,2017-06-19 00:00:00+05:30,30.381663438241,31.1606796875,30.28428594275331,30.43035125732422,97536,0.0,0.0
FCL.NS,2017-06-20 00:00:00+05:30,30.284287005386282,31.25805642246761,30.284287005386282,30.479040145874023,102504,0.0,0.0
FCL.NS,2017-06-21 00:00:00+05:30,30.81985938195372,30.81985938195372,30.28428594275331,30.43035125732422,55861,0.0,0.0
FCL.NS,2017-06-22 00:00:00+05:30,30.819858273517788,32.621335374625524,30.625105146867952,31.74493980407715,143641,0.0,0.0
FCL.NS,2017-06-23 00:00:00+05:30,32.13444837435024,32.13444837435024,30.67379163006159,30.917234420776367,98210,0.0,0.0
FCL.NS,2017-06-27 00:00:00+05:30,30.868549623914035,31.1606802584081,29.407892736801156,29.602645874023438,125907,0.0,0.0
FCL.NS,2017-06-28 00:00:00+05:30,29.70002176294037,30.381662349608455,29.40789114426615,30.040842056274414,68376,0.0,0.0
FCL.NS,2017-06-29 00:00:00+05:30,30.67379377225885,30.67379377225885,29.55395722822793,29.99215316772461,38417,0.0,0.0
FCL.NS,2017-06-30 00:00:00+05:30,29.99215316772461,30.38166314592773,29.748710360008268,29.99215316772461,105822,0.0,0.0
FCL.NS,2017-07-03 00:00:00+05:30,30.28428943783954,31.014617952301965,29.797403761531257,30.673797607421875,79435,0.0,0.0
FCL.NS,2017-07-04 00:00:00+05:30,30.965924982178816,31.160679974950764,30.186908725733552,30.527729034423828,112008,0.0,0.0
FCL.NS,2017-07-05 00:00:00+05:30,30.86854776039254,33.059532958792985,30.479037794819973,32.32920455932617,233200,0.0,0.0
FCL.NS,2017-07-06 00:00:00+05:30,32.47526339512363,34.325429896688384,32.37788777489046,33.98461151123047,437897,0.0,0.0
FCL.NS,2017-07-07 00:00:00+05:30,33.789862456256984,34.325435890340906,32.62133623621051,33.400352478027344,392257,0.0,0.0
FCL.NS,2017-07-10 00:00:00+05:30,33.595109445853154,33.93592791089605,32.86478097963896,33.05953598022461,52807,0.0,0.0
FCL.NS,2017-07-11 00:00:00+05:30,33.0595342895036,33.98461770899311,32.37789367963542,32.47526931762695,138715,0.0,0.0
FCL.NS,2017-07-12 00:00:00+05:30,32.47526964011117,33.10822243726891,31.744941203994944,31.891008377075195,155554,0.0,0.0
FCL.NS,2017-07-13 00:00:00+05:30,32.03707555015545,33.10822243726891,31.744941203994944,31.891008377075195,175605,0.0,0.0
FCL.NS,2017-07-14 00:00:00+05:30,32.13444636418269,35.396578069841425,32.13444636418269,34.81231689453125,1244342,0.0,0.0
FCL.NS,2017-07-17 00:00:00+05:30,35.055768568738756,35.44527859424857,33.643799369569315,33.83855438232422,230808,0.0,0.0
FCL.NS,2017-07-18 00:00:00+05:30,33.64380615383522,33.69249398818111,31.647575228504444,31.988393783569336,307186,0.0,0.0
FCL.NS,2017-07-19 00:00:00+05:30,32.28051750454346,33.302976545012285,32.13445033534402,32.962154388427734,144575,0.0,0.0
FCL.NS,2017-07-20 00:00:00+05:30,33.108224940387565,33.49773495495513,32.572651456339266,32.76740646362305,100291,0.0,0.0
FCL.NS,2017-07-21 00:00:00+05:30,33.108219921140744,33.205595552698966,32.03707311543132,32.377891540527344,134571,0.0,0.0
FCL.NS,2017-07-24 00:00:00+05:30,33.595104129387316,33.595104129387316,32.76740015118678,32.9134635925293,138466,0.0,0.0
FCL.NS,2017-07-25 00:00:00+05:30,33.108222108499376,33.8872383563591,32.1344508700141,32.47526931762695,128358,0.0,0.0
FCL.NS,2017-07-26 00:00:00+05:30,32.32920586063965,32.81609147988229,32.32920586063965,32.47526931762695,54896,0.0,0.0
FCL.NS,2017-07-27 00:00:00+05:30,32.62133513230544,32.71871076624643,31.306745500890358,31.647563934326172,106848,0.0,0.0
FCL.NS,2017-07-28 00:00:00+05:30,31.35543575897883,32.32920703276922,31.258056402814226,31.842321395874023,104686,0.0,0.0
FCL.NS,2017-07-31 00:00:00+05:30,32.42658042247396,32.42658042247396,31.160678597383722,31.40412139892578,89963,0.0,0.0
FCL.NS,2017-08-01 00:00:00+05:30,31.014614616889144,31.4528105640487,31.014614616889144,31.209367752075195,31351,0.0,0.0
FCL.NS,2017-08-02 00:00:00+05:30,31.20936613681542,31.404121119243065,30.332972430533335,30.625104904174805,84981,0.0,0.0
FCL.NS,2017-08-03 00:00:00+05:30,30.430348770838165,31.063299653807384,29.943463190504758,30.235593795776367,108751,0.0,0.0
FCL.NS,2017-08-04 00:00:00+05:30,30.138219243387702,30.33297236809329,28.044609687224238,28.921005249023438,212207,0.0,0.0
FCL.NS,2017-08-07 00:00:00+05:30,28.969694929096004,30.430351816277316,28.726252114565785,30.284286499023438,138323,0.0,0.0
FCL.NS,2017-08-08 00:00:00+05:30,30.67379601970357,30.67379601970357,29.018384063013244,29.74871253967285,96746,0.0,0.0
FCL.NS,2017-08-09 00:00:00+05:30,29.407892213627488,29.407892213627488,28.67756378306377,28.72625160217285,121910,0.0,0.0
FCL.NS,2017-08-10 00:00:00+05:30,28.921008037709978,28.921008037709978,27.02215328047761,27.5090389251709,217921,0.0,0.0
FCL.NS,2017-08-11 00:00:00+05:30,27.509038654410787,27.752481474361325,25.318053274855945,27.07084083557129,210314,0.0,0.0
FCL.NS,2017-08-14 00:00:00+05:30,28.239365693960423,28.531496320279796,27.2655944631342,28.288053512573242,57800,0.0,0.0
FCL.NS,2017-08-16 00:00:00+05:30,28.726254378299068,29.213140045727865,27.752483043441472,28.336746215820312,111507,0.0,0.0
FCL.NS,2017-08-17 00:00:00+05:30,28.6288752336396,28.921007731757943,27.801169274952947,28.09330177307129,178676,0.0,0.0
FCL.NS,2017-08-18 00:00:00+05:30,27.75248007854731,28.67756349076071,27.509037270840754,28.288053512573242,93681,0.0,0.0
FCL.NS,2017-08-21 00:00:00+05:30,29.505270703256574,29.505270703256574,28.23936871087027,28.336746215820312,122434,0.0,0.0
FCL.NS,2017-08-22 00:00:00+05:30,29.018382224546134,29.16444939648102,27.752480354799566,28.38543128967285,64145,0.0,0.0
FCL.NS,2017-08-23 00:00:00+05:30,28.38543128967285,29.018382224546134,28.239365975059208,28.38543128967285,64829,0.0,0.0
FCL.NS,2017-08-24 00:00:00+05:30,28.38543184886319,28.677564341166704,27.75248090152083,28.23936653137207,106666,0.0,0.0
FCL.NS,2017-08-28 00:00:00+05:30,28.580186559712438,28.580186559712438,27.752480625726516,28.14198875427246,89428,0.0,0.0
FCL.NS,2017-08-29 00:00:00+05:30,28.239362319598893,28.239362319598893,27.022148426512736,27.119525909423828,78350,0.0,0.0
FCL.NS,2017-08-30 00:00:00+05:30,27.75247730935047,27.94723227901117,26.8760836605194,27.314279556274414,126774,0.0,0.0
FCL.NS,2017-08-31 00:00:00+05:30,27.31428336444559,28.72625244804051,26.924775228139808,27.99592399597168,186752,0.0,0.0
FCL.NS,2017-09-01 00:00:00+05:30,28.09330149437845,29.21313808275306,26.973464906003844,27.99592399597168,510011,0.0,0.0
FCL.NS,2017-09-04 00:00:00+05:30,28.2880532659815,28.482808253377524,27.41165953734182,27.849857330322266,154859,0.0,0.0
FCL.NS,2017-09-05 00:00:00+05:30,27.849858619614416,29.16445020209276,27.849858619614416,29.018383026123047,397851,0.0,0.0
FCL.NS,2017-09-06 00:00:00+05:30,28.921007855820427,31.06330356460481,28.921007855820427,30.576417922973633,609289,0.0,0.0
FCL.NS,2017-09-07 00:00:00+05:30,30.96592223599088,31.79362995320643,30.284283536382173,30.917234420776367,411520,0.0,0.0
FCL.NS,2017-09-08 00:00:00+05:30,30.235596016019603,31.355434418874662,29.261824783847363,29.651334762573242,263542,0.0,0.0
FCL.NS,2017-09-11 00:00:00+05:30,30.186908155612862,30.3816631447066,27.75248007854731,28.288053512573242,375303,0.0,0.0
FCL.NS,2017-09-12 00:00:00+05:30,28.580185221715027,29.018381149319353,27.995922127588084,28.677562713623047,121840,0.0,0.0
FCL.NS,2017-09-13 00:00:00+05:30,28.53149291101117,28.82362535974445,26.340507903456086,27.119525909423828,278812,0.0,0.0
FCL.NS,2017-09-14 00:00:00+05:30,27.119525909423828,27.119525909423828,27.119525909423828,27.119525909423828,0,0.0,0.0
FCL.NS,2017-09-15 00:00:00+05:30,27.119525909423828,27.119525909423828,27.119525909423828,27.119525909423828,0,0.0,0.0
FCL.NS,2017-09-18 00:00:00+05:30,27.119525909423828,27.119525909423828,27.119525909423828,27.119525909423828,0,0.0,0.0
FCL.NS,2017-09-19 00:00:00+05:30,27.119525909423828,27.119525909423828,27.119525909423828,27.119525909423828,0,0.0,0.0
FCL.NS,2017-09-20 00:00:00+05:30,27.119525909423828,27.119525909423828,27.119525909423828,27.119525909423828,0,0.0,0.0
FCL.NS,2017-09-21 00:00:00+05:30,27.119525909423828,27.119525909423828,27.119525909423828,27.119525909423828,0,0.0,0.0
FCL.NS,2017-09-22 00:00:00+05:30,27.119525909423828,27.119525909423828,27.119525909423828,27.119525909423828,0,0.0,0.0
FCL.NS,2017-09-25 00:00:00+05:30,27.119525909423828,27.119525909423828,27.119525909423828,27.119525909423828,0,0.0,0.0
FCL.NS,2017-09-26 00:00:00+05:30,27.119525909423828,27.119525909423828,27.119525909423828,27.119525909423828,0,0.0,0.0
FCL.NS,2017-09-27 00:00:00+05:30,27.119525909423828,27.119525909423828,27.119525909423828,27.119525909423828,0,0.0,0.0
FCL.NS,2017-09-28 00:00:00+05:30,27.119525909423828,27.119525909423828,27.119525909423828,27.119525909423828,0,0.0,0.0
FCL.NS,2017-09-29 00:00:00+05:30,27.119525909423828,27.119525909423828,27.119525909423828,27.119525909423828,0,0.0,0.0
FCL.NS,2017-10-03 00:00:00+05:30,27.119525909423828,27.119525909423828,27.119525909423828,27.119525909423828,0,0.0,0.0
FCL.NS,2017-10-04 00:00:00+05:30,27.119525909423828,27.119525909423828,27.119525909423828,27.119525909423828,0,0.0,0.0
FCL.NS,2017-10-05 00:00:00+05:30,27.119525909423828,27.119525909423828,27.119525909423828,27.119525909423828,0,0.0,0.0
FCL.NS,2017-10-06 00:00:00+05:30,27.119525909423828,27.119525909423828,27.119525909423828,27.119525909423828,0,0.0,0.0
FCL.NS,2017-10-09 00:00:00+05:30,27.119525909423828,27.119525909423828,27.119525909423828,27.119525909423828,0,0.0,0.0
FCL.NS,2017-10-10 00:00:00+05:30,27.119525909423828,27.119525909423828,27.119525909423828,27.119525909423828,0,0.0,0.0
FCL.NS,2017-10-11 00:00:00+05:30,27.119525909423828,27.119525909423828,27.119525909423828,27.119525909423828,0,0.0,0.0
FCL.NS,2017-10-12 00:00:00+05:30,27.119525909423828,27.119525909423828,27.119525909423828,27.119525909423828,0,0.0,0.0
FCL.NS,2017-10-13 00:00:00+05:30,27.119525909423828,27.119525909423828,27.119525909423828,27.119525909423828,0,0.0,0.0
FCL.NS,2017-10-16 00:00:00+05:30,27.119525909423828,27.119525909423828,27.119525909423828,27.119525909423828,0,0.0,0.0
FCL.NS,2017-10-17 00:00:00+05:30,27.119525909423828,27.119525909423828,27.119525909423828,27.119525909423828,0,0.0,0.0
FCL.NS,2017-10-18 00:00:00+05:30,27.119525909423828,27.119525909423828,27.119525909423828,27.119525909423828,0,0.0,0.0
FCL.NS,2017-10-19 00:00:00+05:30,27.119525909423828,27.119525909423828,27.119525909423828,27.119525909423828,0,0.0,0.0
FCL.NS,2017-10-23 00:00:00+05:30,27.119525909423828,27.119525909423828,27.119525909423828,27.119525909423828,0,0.0,0.0
FCL.NS,2017-10-24 00:00:00+05:30,27.119525909423828,27.119525909423828,27.119525909423828,27.119525909423828,0,0.0,0.0
FCL.NS,2017-10-25 00:00:00+05:30,27.119525909423828,27.119525909423828,27.119525909423828,27.119525909423828,0,0.0,0.0
FCL.NS,2017-10-26 00:00:00+05:30,27.119525909423828,27.119525909423828,27.119525909423828,27.119525909423828,0,0.0,0.0
FCL.NS,2017-10-27 00:00:00+05:30,27.119525909423828,27.119525909423828,27.119525909423828,27.119525909423828,0,0.0,0.0
FCL.NS,2017-10-30 00:00:00+05:30,27.119525909423828,27.119525909423828,27.119525909423828,27.119525909423828,0,0.0,0.0
FCL.NS,2017-10-31 00:00:00+05:30,27.119525909423828,27.119525909423828,27.119525909423828,27.119525909423828,0,0.0,0.0
FCL.NS,2017-11-01 00:00:00+05:30,27.119525909423828,27.119525909423828,27.119525909423828,27.119525909423828,0,0.0,0.0
FCL.NS,2017-11-02 00:00:00+05:30,27.119525909423828,27.119525909423828,27.119525909423828,27.119525909423828,0,0.0,0.0
FCL.NS,2017-11-03 00:00:00+05:30,27.119525909423828,27.119525909423828,27.119525909423828,27.119525909423828,0,0.0,0.0
FCL.NS,2017-11-06 00:00:00+05:30,27.119525909423828,27.119525909423828,27.119525909423828,27.119525909423828,0,0.0,0.0
FCL.NS,2017-11-07 00:00:00+05:30,27.119525909423828,27.119525909423828,27.119525909423828,27.119525909423828,0,0.0,0.0
FCL.NS,2017-11-08 00:00:00+05:30,27.119525909423828,27.119525909423828,27.119525909423828,27.119525909423828,0,0.0,0.0
FCL.NS,2017-11-09 00:00:00+05:30,27.119525909423828,27.119525909423828,27.119525909423828,27.119525909423828,0,0.0,0.0
FCL.NS,2017-11-10 00:00:00+05:30,27.119525909423828,27.119525909423828,27.119525909423828,27.119525909423828,0,0.0,0.0
FCL.NS,2017-11-13 00:00:00+05:30,27.119525909423828,27.119525909423828,27.119525909423828,27.119525909423828,0,0.0,0.0
FCL.NS,2017-11-14 00:00:00+05:30,27.119525909423828,27.119525909423828,27.119525909423828,27.119525909423828,0,0.0,0.0
FCL.NS,2017-11-15 00:00:00+05:30,27.119525909423828,27.119525909423828,27.119525909423828,27.119525909423828,0,0.0,0.0
FCL.NS,2017-11-16 00:00:00+05:30,27.119525909423828,27.119525909423828,27.119525909423828,27.119525909423828,0,0.0,0.0
FCL.NS,2017-11-17 00:00:00+05:30,27.119525909423828,27.119525909423828,27.119525909423828,27.119525909423828,0,0.0,0.0
FCL.NS,2017-11-20 00:00:00+05:30,27.119525909423828,27.119525909423828,27.119525909423828,27.119525909423828,0,0.0,0.0
FCL.NS,2017-11-21 00:00:00+05:30,27.119525909423828,27.119525909423828,27.119525909423828,27.119525909423828,0,0.0,0.0
FCL.NS,2017-11-22 00:00:00+05:30,27.119525909423828,27.119525909423828,27.119525909423828,27.119525909423828,0,0.0,0.0
FCL.NS,2017-11-23 00:00:00+05:30,27.119525909423828,27.119525909423828,27.119525909423828,27.119525909423828,0,0.0,0.0
FCL.NS,2017-11-24 00:00:00+05:30,27.119525909423828,27.119525909423828,27.119525909423828,27.119525909423828,0,0.0,0.0
FCL.NS,2017-11-27 00:00:00+05:30,27.119525909423828,27.119525909423828,27.119525909423828,27.119525909423828,0,0.0,0.0
FCL.NS,2017-11-28 00:00:00+05:30,27.119525909423828,27.119525909423828,27.119525909423828,27.119525909423828,0,0.0,0.0
FCL.NS,2017-11-29 00:00:00+05:30,27.119525909423828,27.119525909423828,27.119525909423828,27.119525909423828,0,0.0,0.0
FCL.NS,2017-11-30 00:00:00+05:30,27.119525909423828,27.119525909423828,27.119525909423828,27.119525909423828,0,0.0,0.0
FCL.NS,2017-12-01 00:00:00+05:30,27.119525909423828,27.119525909423828,27.119525909423828,27.119525909423828,0,0.0,0.0
FCL.NS,2017-12-04 00:00:00+05:30,27.119525909423828,27.119525909423828,27.119525909423828,27.119525909423828,0,0.0,0.0
FCL.NS,2017-12-05 00:00:00+05:30,27.119525909423828,27.119525909423828,27.119525909423828,27.119525909423828,0,0.0,0.0
FCL.NS,2017-12-06 00:00:00+05:30,27.119525909423828,27.119525909423828,27.119525909423828,27.119525909423828,0,0.0,0.0
FCL.NS,2017-12-07 00:00:00+05:30,27.119525909423828,27.119525909423828,27.119525909423828,27.119525909423828,0,0.0,0.0
FCL.NS,2017-12-08 00:00:00+05:30,27.119525909423828,27.119525909423828,27.119525909423828,27.119525909423828,0,0.0,0.0
FCL.NS,2017-12-11 00:00:00+05:30,27.119525909423828,27.119525909423828,27.119525909423828,27.119525909423828,0,0.0,0.0
FCL.NS,2017-12-12 00:00:00+05:30,27.119525909423828,27.119525909423828,27.119525909423828,27.119525909423828,0,0.0,0.0
FCL.NS,2017-12-13 00:00:00+05:30,27.119525909423828,27.119525909423828,27.119525909423828,27.119525909423828,0,0.0,0.0
FCL.NS,2017-12-14 00:00:00+05:30,27.119525909423828,27.119525909423828,27.119525909423828,27.119525909423828,0,0.0,0.0
FCL.NS,2017-12-15 00:00:00+05:30,27.119525909423828,27.119525909423828,27.119525909423828,27.119525909423828,0,0.0,0.0
FCL.NS,2017-12-18 00:00:00+05:30,27.119525909423828,27.119525909423828,27.119525909423828,27.119525909423828,0,0.0,0.0
FCL.NS,2017-12-19 00:00:00+05:30,27.119525909423828,27.119525909423828,27.119525909423828,27.119525909423828,0,0.0,0.0
FCL.NS,2017-12-20 00:00:00+05:30,27.119525909423828,27.119525909423828,27.119525909423828,27.119525909423828,0,0.0,0.0
FCL.NS,2017-12-21 00:00:00+05:30,27.119525909423828,27.119525909423828,27.119525909423828,27.119525909423828,0,0.0,0.0
FCL.NS,2017-12-22 00:00:00+05:30,27.119525909423828,27.119525909423828,27.119525909423828,27.119525909423828,0,0.0,0.0
FCL.NS,2017-12-26 00:00:00+05:30,27.119525909423828,27.119525909423828,27.119525909423828,27.119525909423828,0,0.0,0.0
FCL.NS,2017-12-27 00:00:00+05:30,27.119525909423828,27.119525909423828,27.119525909423828,27.119525909423828,0,0.0,0.0
FCL.NS,2017-12-28 00:00:00+05:30,27.119525909423828,27.119525909423828,27.119525909423828,27.119525909423828,0,0.0,0.0
FCL.NS,2017-12-29 00:00:00+05:30,27.119525909423828,27.119525909423828,27.119525909423828,27.119525909423828,0,0.0,0.0
FCL.NS,2018-01-01 00:00:00+05:30,27.119525909423828,27.119525909423828,27.119525909423828,27.119525909423828,0,0.0,0.0
FCL.NS,2018-01-02 00:00:00+05:30,27.119525909423828,27.119525909423828,27.119525909423828,27.119525909423828,0,0.0,0.0
FCL.NS,2018-01-03 00:00:00+05:30,27.119525909423828,27.119525909423828,27.119525909423828,27.119525909423828,0,0.0,0.0
FCL.NS,2018-01-04 00:00:00+05:30,27.119525909423828,27.119525909423828,27.119525909423828,27.119525909423828,0,0.0,0.0
FCL.NS,2018-01-05 00:00:00+05:30,27.119525909423828,27.119525909423828,27.119525909423828,27.119525909423828,0,0.0,0.0
FCL.NS,2018-01-08 00:00:00+05:30,27.119525909423828,27.119525909423828,27.119525909423828,27.119525909423828,0,0.0,0.0
FCL.NS,2018-01-09 00:00:00+05:30,27.119525909423828,27.119525909423828,27.119525909423828,27.119525909423828,0,0.0,0.0
FCL.NS,2018-01-10 00:00:00+05:30,27.119525909423828,27.119525909423828,27.119525909423828,27.119525909423828,0,0.0,0.0
FCL.NS,2018-01-11 00:00:00+05:30,27.119525909423828,27.119525909423828,27.119525909423828,27.119525909423828,0,0.0,0.0
FCL.NS,2018-01-12 00:00:00+05:30,27.119525909423828,27.119525909423828,27.119525909423828,27.119525909423828,0,0.0,0.0
FCL.NS,2018-01-15 00:00:00+05:30,27.119525909423828,27.119525909423828,27.119525909423828,27.119525909423828,0,0.0,0.0
FCL.NS,2018-01-16 00:00:00+05:30,27.119525909423828,27.119525909423828,27.119525909423828,27.119525909423828,0,0.0,0.0
FCL.NS,2018-01-17 00:00:00+05:30,27.119525909423828,27.119525909423828,27.119525909423828,27.119525909423828,0,0.0,0.0
FCL.NS,2018-01-18 00:00:00+05:30,27.119525909423828,27.119525909423828,27.119525909423828,27.119525909423828,0,0.0,0.0
FCL.NS,2018-01-19 00:00:00+05:30,27.119525909423828,27.119525909423828,27.119525909423828,27.119525909423828,0,0.0,0.0
FCL.NS,2018-01-22 00:00:00+05:30,27.119525909423828,27.119525909423828,27.119525909423828,27.119525909423828,0,0.0,0.0
FCL.NS,2018-01-23 00:00:00+05:30,27.119525909423828,27.119525909423828,27.119525909423828,27.119525909423828,0,0.0,0.0
FCL.NS,2018-01-24 00:00:00+05:30,27.119525909423828,27.119525909423828,27.119525909423828,27.119525909423828,0,0.0,0.0
FCL.NS,2018-01-25 00:00:00+05:30,27.119525909423828,27.119525909423828,27.119525909423828,27.119525909423828,0,0.0,0.0
FCL.NS,2018-01-29 00:00:00+05:30,27.119525909423828,27.119525909423828,27.119525909423828,27.119525909423828,0,0.0,0.0
FCL.NS,2018-01-30 00:00:00+05:30,27.119525909423828,27.119525909423828,27.119525909423828,27.119525909423828,0,0.0,0.0
FCL.NS,2018-01-31 00:00:00+05:30,27.119525909423828,27.119525909423828,27.119525909423828,27.119525909423828,0,0.0,0.0
FCL.NS,2018-02-01 00:00:00+05:30,27.119525909423828,27.119525909423828,27.119525909423828,27.119525909423828,0,0.0,0.0
FCL.NS,2018-02-02 00:00:00+05:30,27.119525909423828,27.119525909423828,27.119525909423828,27.119525909423828,0,0.0,0.0
FCL.NS,2018-02-05 00:00:00+05:30,27.119525909423828,27.119525909423828,27.119525909423828,27.119525909423828,0,0.0,0.0
FCL.NS,2018-02-06 00:00:00+05:30,27.119525909423828,27.119525909423828,27.119525909423828,27.119525909423828,0,0.0,0.0
FCL.NS,2018-02-07 00:00:00+05:30,27.119525909423828,27.119525909423828,27.119525909423828,27.119525909423828,0,0.0,0.0
FCL.NS,2018-02-08 00:00:00+05:30,27.119525909423828,27.119525909423828,27.119525909423828,27.119525909423828,0,0.0,0.0
FCL.NS,2018-02-09 00:00:00+05:30,27.119525909423828,27.119525909423828,27.119525909423828,27.119525909423828,0,0.0,0.0
FCL.NS,2018-02-12 00:00:00+05:30,27.119525909423828,27.119525909423828,27.119525909423828,27.119525909423828,0,0.0,0.0
FCL.NS,2018-02-14 00:00:00+05:30,27.119525909423828,27.119525909423828,27.119525909423828,27.119525909423828,0,0.0,0.0
FCL.NS,2018-02-15 00:00:00+05:30,27.119525909423828,27.119525909423828,27.119525909423828,27.119525909423828,0,0.0,0.0
FCL.NS,2018-02-16 00:00:00+05:30,27.119525909423828,27.119525909423828,27.119525909423828,27.119525909423828,0,0.0,0.0
FCL.NS,2018-02-19 00:00:00+05:30,27.119525909423828,27.119525909423828,27.119525909423828,27.119525909423828,0,0.0,0.0
FCL.NS,2018-02-20 00:00:00+05:30,27.119525909423828,27.119525909423828,27.119525909423828,27.119525909423828,0,0.0,0.0
FCL.NS,2018-02-21 00:00:00+05:30,27.315692901611328,27.315692901611328,27.315692901611328,27.315692901611328,0,17.3144,0.0
FCL.NS,2018-02-22 00:00:00+05:30,27.315692901611328,27.315692901611328,27.315692901611328,27.315692901611328,0,0.0,0.0
FCL.NS,2018-02-23 00:00:00+05:30,27.315692901611328,27.315692901611328,27.315692901611328,27.315692901611328,0,0.0,0.0
FCL.NS,2018-02-26 00:00:00+05:30,27.315692901611328,27.315692901611328,27.315692901611328,27.315692901611328,0,0.0,0.0
FCL.NS,2018-02-27 00:00:00+05:30,27.315692901611328,27.315692901611328,27.315692901611328,27.315692901611328,0,0.0,0.0
FCL.NS,2018-02-28 00:00:00+05:30,27.315692901611328,27.315692901611328,27.315692901611328,27.315692901611328,0,0.0,0.0
FCL.NS,2018-03-01 00:00:00+05:30,27.315692901611328,27.315692901611328,27.315692901611328,27.315692901611328,0,0.0,0.0
FCL.NS,2018-03-05 00:00:00+05:30,27.315692901611328,27.315692901611328,27.315692901611328,27.315692901611328,0,0.0,0.0
FCL.NS,2018-03-06 00:00:00+05:30,27.315692901611328,27.315692901611328,27.315692901611328,27.315692901611328,0,0.0,0.0
FCL.NS,2018-03-07 00:00:00+05:30,27.315692901611328,27.315692901611328,27.315692901611328,27.315692901611328,0,0.0,0.0
FCL.NS,2018-03-08 00:00:00+05:30,27.315692901611328,27.315692901611328,27.315692901611328,27.315692901611328,0,0.0,0.0
FCL.NS,2018-03-09 00:00:00+05:30,27.315692901611328,27.315692901611328,27.315692901611328,27.315692901611328,0,0.0,0.0
FCL.NS,2018-03-12 00:00:00+05:30,27.315692901611328,27.315692901611328,27.315692901611328,27.315692901611328,0,0.0,0.0
FCL.NS,2018-03-13 00:00:00+05:30,27.315692901611328,27.315692901611328,27.315692901611328,27.315692901611328,0,0.0,0.0
FCL.NS,2018-03-14 00:00:00+05:30,27.315692901611328,27.315692901611328,27.315692901611328,27.315692901611328,0,0.0,0.0
FCL.NS,2018-03-15 00:00:00+05:30,27.315692901611328,27.315692901611328,27.315692901611328,27.315692901611328,0,0.0,0.0
FCL.NS,2018-03-16 00:00:00+05:30,27.315692901611328,27.315692901611328,27.315692901611328,27.315692901611328,0,0.0,0.0
FCL.NS,2018-03-19 00:00:00+05:30,27.315692901611328,27.315692901611328,27.315692901611328,27.315692901611328,0,0.0,0.0
FCL.NS,2018-03-20 00:00:00+05:30,27.315692901611328,27.315692901611328,27.315692901611328,27.315692901611328,0,0.0,0.0
FCL.NS,2018-03-21 00:00:00+05:30,27.315692901611328,27.315692901611328,27.315692901611328,27.315692901611328,0,0.0,0.0
FCL.NS,2018-03-22 00:00:00+05:30,27.315692901611328,27.315692901611328,27.315692901611328,27.315692901611328,0,0.0,0.0
FCL.NS,2018-03-23 00:00:00+05:30,27.315692901611328,27.315692901611328,27.315692901611328,27.315692901611328,0,0.0,0.0
FCL.NS,2018-03-26 00:00:00+05:30,27.315692901611328,27.315692901611328,27.315692901611328,27.315692901611328,0,0.0,0.0
FCL.NS,2018-03-27 00:00:00+05:30,27.315692901611328,27.315692901611328,27.315692901611328,27.315692901611328,0,0.0,0.0
FCL.NS,2018-03-28 00:00:00+05:30,27.315692901611328,27.315692901611328,27.315692901611328,27.315692901611328,0,0.0,0.0
FCL.NS,2018-04-02 00:00:00+05:30,27.315692901611328,27.315692901611328,27.315692901611328,27.315692901611328,0,0.0,0.0
FCL.NS,2018-04-03 00:00:00+05:30,27.315692901611328,27.315692901611328,27.315692901611328,27.315692901611328,0,0.0,0.0
FCL.NS,2018-04-04 00:00:00+05:30,27.315692901611328,27.315692901611328,27.315692901611328,27.315692901611328,0,0.0,0.0
FCL.NS,2018-04-05 00:00:00+05:30,27.315692901611328,27.315692901611328,27.315692901611328,27.315692901611328,0,0.0,0.0
FCL.NS,2018-04-06 00:00:00+05:30,27.315692901611328,27.315692901611328,27.315692901611328,27.315692901611328,0,0.0,0.0
FCL.NS,2018-04-09 00:00:00+05:30,27.315692901611328,27.315692901611328,27.315692901611328,27.315692901611328,0,0.0,0.0
FCL.NS,2018-04-10 00:00:00+05:30,27.315692901611328,27.315692901611328,27.315692901611328,27.315692901611328,0,0.0,0.0
FCL.NS,2018-04-11 00:00:00+05:30,27.315692901611328,27.315692901611328,27.315692901611328,27.315692901611328,0,0.0,0.0
FCL.NS,2018-04-12 00:00:00+05:30,27.315692901611328,27.315692901611328,27.315692901611328,27.315692901611328,0,0.0,0.0
FCL.NS,2018-04-13 00:00:00+05:30,27.315692901611328,27.315692901611328,27.315692901611328,27.315692901611328,0,0.0,0.0
FCL.NS,2018-04-16 00:00:00+05:30,27.315692901611328,27.315692901611328,27.315692901611328,27.315692901611328,0,0.0,0.0
FCL.NS,2018-04-17 00:00:00+05:30,27.315692901611328,27.315692901611328,27.315692901611328,27.315692901611328,0,0.0,0.0
FCL.NS,2018-04-18 00:00:00+05:30,27.315692901611328,27.315692901611328,27.315692901611328,27.315692901611328,0,0.0,0.0
FCL.NS,2018-04-19 00:00:00+05:30,27.315692901611328,27.315692901611328,27.315692901611328,27.315692901611328,0,0.0,0.0
FCL.NS,2018-04-20 00:00:00+05:30,27.315692901611328,27.315692901611328,27.315692901611328,27.315692901611328,0,0.0,0.0
FCL.NS,2018-04-23 00:00:00+05:30,27.315692901611328,27.315692901611328,27.315692901611328,27.315692901611328,0,0.0,0.0
FCL.NS,2018-04-24 00:00:00+05:30,27.315692901611328,27.315692901611328,27.315692901611328,27.315692901611328,0,0.0,0.0
FCL.NS,2018-04-25 00:00:00+05:30,27.315692901611328,27.315692901611328,27.315692901611328,27.315692901611328,0,0.0,0.0
FCL.NS,2018-04-26 00:00:00+05:30,27.315692901611328,27.315692901611328,27.315692901611328,27.315692901611328,0,0.0,0.0
FCL.NS,2018-04-27 00:00:00+05:30,27.315692901611328,27.315692901611328,27.315692901611328,27.315692901611328,0,0.0,0.0
FCL.NS,2018-04-30 00:00:00+05:30,27.315692901611328,27.315692901611328,27.315692901611328,27.315692901611328,0,0.0,0.0
FCL.NS,2018-05-02 00:00:00+05:30,27.315692901611328,27.315692901611328,27.315692901611328,27.315692901611328,0,0.0,0.0
FCL.NS,2018-05-03 00:00:00+05:30,27.315692901611328,27.315692901611328,27.315692901611328,27.315692901611328,0,0.0,0.0
FCL.NS,2018-05-04 00:00:00+05:30,27.315692901611328,27.315692901611328,27.315692901611328,27.315692901611328,0,0.0,0.0
FCL.NS,2018-05-07 00:00:00+05:30,27.315692901611328,27.315692901611328,27.315692901611328,27.315692901611328,0,0.0,0.0
FCL.NS,2018-05-08 00:00:00+05:30,27.315692901611328,27.315692901611328,27.315692901611328,27.315692901611328,0,0.0,0.0
FCL.NS,2018-05-09 00:00:00+05:30,27.315692901611328,27.315692901611328,27.315692901611328,27.315692901611328,0,0.0,0.0
FCL.NS,2018-05-10 00:00:00+05:30,27.315692901611328,27.315692901611328,27.315692901611328,27.315692901611328,0,0.0,0.0
FCL.NS,2018-05-11 00:00:00+05:30,27.315692901611328,27.315692901611328,27.315692901611328,27.315692901611328,0,0.0,0.0
FCL.NS,2018-05-14 00:00:00+05:30,27.315692901611328,27.315692901611328,27.315692901611328,27.315692901611328,0,0.0,0.0
FCL.NS,2018-05-15 00:00:00+05:30,27.315692901611328,27.315692901611328,27.315692901611328,27.315692901611328,0,0.0,0.0
FCL.NS,2018-05-16 00:00:00+05:30,27.315692901611328,27.315692901611328,27.315692901611328,27.315692901611328,0,0.0,0.0
FCL.NS,2018-05-17 00:00:00+05:30,27.315692901611328,27.315692901611328,27.315692901611328,27.315692901611328,0,0.0,0.0
FCL.NS,2018-05-18 00:00:00+05:30,27.315692901611328,27.315692901611328,27.315692901611328,27.315692901611328,0,0.0,0.0
FCL.NS,2018-05-21 00:00:00+05:30,27.315692901611328,27.315692901611328,27.315692901611328,27.315692901611328,0,0.0,0.0
FCL.NS,2018-05-22 00:00:00+05:30,27.315692901611328,27.315692901611328,27.315692901611328,27.315692901611328,0,0.0,0.0
FCL.NS,2018-05-23 00:00:00+05:30,27.315692901611328,27.315692901611328,27.315692901611328,27.315692901611328,0,0.0,0.0
FCL.NS,2018-05-24 00:00:00+05:30,27.315692901611328,27.315692901611328,27.315692901611328,27.315692901611328,0,0.0,0.0
FCL.NS,2018-05-25 00:00:00+05:30,27.315692901611328,27.315692901611328,27.315692901611328,27.315692901611328,0,0.0,0.0
FCL.NS,2018-05-28 00:00:00+05:30,27.315692901611328,27.315692901611328,27.315692901611328,27.315692901611328,0,0.0,0.0
FCL.NS,2018-05-29 00:00:00+05:30,27.315692901611328,27.315692901611328,27.315692901611328,27.315692901611328,0,0.0,0.0
FCL.NS,2018-05-30 00:00:00+05:30,27.315692901611328,27.315692901611328,27.315692901611328,27.315692901611328,0,0.0,0.0
FCL.NS,2018-05-31 00:00:00+05:30,27.315692901611328,27.315692901611328,27.315692901611328,27.315692901611328,0,0.0,0.0
FCL.NS,2018-06-01 00:00:00+05:30,27.315692901611328,27.315692901611328,27.315692901611328,27.315692901611328,0,0.0,0.0
FCL.NS,2018-06-04 00:00:00+05:30,27.315692901611328,27.315692901611328,27.315692901611328,27.315692901611328,0,0.0,0.0
FCL.NS,2018-06-05 00:00:00+05:30,27.315692901611328,27.315692901611328,27.315692901611328,27.315692901611328,0,0.0,0.0
FCL.NS,2018-06-06 00:00:00+05:30,27.315692901611328,27.315692901611328,27.315692901611328,27.315692901611328,0,0.0,0.0
FCL.NS,2018-06-07 00:00:00+05:30,27.315692901611328,27.315692901611328,27.315692901611328,27.315692901611328,0,0.0,0.0
FCL.NS,2018-06-08 00:00:00+05:30,27.315692901611328,27.315692901611328,27.315692901611328,27.315692901611328,0,0.0,0.0
FCL.NS,2018-06-11 00:00:00+05:30,27.315692901611328,27.315692901611328,27.315692901611328,27.315692901611328,0,0.0,0.0
FCL.NS,2018-06-12 00:00:00+05:30,27.315692901611328,27.315692901611328,27.315692901611328,27.315692901611328,0,0.0,0.0
FCL.NS,2018-06-13 00:00:00+05:30,27.315692901611328,27.315692901611328,27.315692901611328,27.315692901611328,0,0.0,0.0
FCL.NS,2018-06-14 00:00:00+05:30,27.315692901611328,27.315692901611328,27.315692901611328,27.315692901611328,0,0.0,0.0
FCL.NS,2018-06-15 00:00:00+05:30,27.315692901611328,27.315692901611328,27.315692901611328,27.315692901611328,0,0.0,0.0
FCL.NS,2018-06-18 00:00:00+05:30,27.315692901611328,27.315692901611328,27.315692901611328,27.315692901611328,0,0.0,0.0
FCL.NS,2018-06-19 00:00:00+05:30,27.315692901611328,27.315692901611328,27.315692901611328,27.315692901611328,0,0.0,0.0
FCL.NS,2018-06-20 00:00:00+05:30,27.315692901611328,27.315692901611328,27.315692901611328,27.315692901611328,0,0.0,0.0
FCL.NS,2018-06-21 00:00:00+05:30,27.315692901611328,27.315692901611328,27.315692901611328,27.315692901611328,0,0.0,0.0
FCL.NS,2018-06-22 00:00:00+05:30,27.315692901611328,27.315692901611328,27.315692901611328,27.315692901611328,0,0.0,0.0
FCL.NS,2018-06-25 00:00:00+05:30,58.35848361889846,60.61435702729303,56.88726134279178,57.23054504394531,193158,0.0,0.0
FCL.NS,2018-06-26 00:00:00+05:30,56.39684851664329,57.132459584251684,54.82754640234994,55.072750091552734,211734,0.0,0.0
FCL.NS,2018-06-27 00:00:00+05:30,55.41603357705925,55.85740096447084,52.32646560668945,52.32646560668945,204319,0.0,0.0
FCL.NS,2018-06-28 00:00:00+05:30,51.002369991638716,52.96399960670174,49.72731149015006,50.610042572021484,289940,0.0,0.0
FCL.NS,2018-06-29 00:00:00+05:30,51.345652744453076,53.11112235913131,51.345652744453076,53.013038635253906,447904,0.0,0.0
FCL.NS,2018-07-02 00:00:00+05:30,52.96399603733009,52.96399603733009,51.002366554466015,51.885101318359375,257810,0.0,0.0
FCL.NS,2018-07-03 00:00:00+05:30,52.424552765204325,52.66975646968001,51.394697954708754,51.78702163696289,151979,0.0,0.0
FCL.NS,2018-07-04 00:00:00+05:30,52.42455033521036,53.45440509796988,51.49277555309025,52.66975402832031,226303,0.0,0.0
FCL.NS,2018-07-05 00:00:00+05:30,53.9448160780558,53.9448160780558,52.47359382138155,52.76783752441406,85748,0.0,0.0
FCL.NS,2018-07-06 00:00:00+05:30,52.52263617657248,53.258247337985296,52.47359618078067,52.62071990966797,77118,0.0,0.0
FCL.NS,2018-07-09 00:00:00+05:30,53.06208084956382,53.84673570741149,52.03222602552832,52.228389739990234,133622,0.0,0.0
FCL.NS,2018-07-10 00:00:00+05:30,52.86592300918855,53.307286707642604,52.42455556922268,52.81687927246094,126556,0.0,0.0
FCL.NS,2018-07-11 00:00:00+05:30,52.71879999261153,53.25824743028007,50.217722787776054,51.24757766723633,166075,0.0,0.0
FCL.NS,2018-07-12 00:00:00+05:30,50.85524439772457,52.473590267051286,49.13881854786776,49.9234733581543,166418,0.0,0.0
FCL.NS,2018-07-13 00:00:00+05:30,50.11963037344408,50.70812144657055,47.96184099651397,48.15800094604492,192293,0.0,0.0
FCL.NS,2018-07-16 00:00:00+05:30,49.285944015584526,49.629227701178,45.75501220958011,45.853092193603516,193513,0.0,0.0
FCL.NS,2018-07-17 00:00:00+05:30,46.098293512067,48.10896301269531,44.23474397986826,48.10896301269531,186062,0.0,0.0
FCL.NS,2018-07-18 00:00:00+05:30,49.92347026966637,50.51195759946341,46.588698756786634,47.52047348022461,389215,0.0,0.0
FCL.NS,2018-07-19 00:00:00+05:30,48.25608779412322,48.25608779412322,45.313643462060966,46.34349822998047,171933,0.0,0.0
FCL.NS,2018-07-20 00:00:00+05:30,46.14733673266217,47.079111564002034,45.16652190841213,45.5588493347168,117931,0.0,0.0
FCL.NS,2018-07-23 00:00:00+05:30,45.55884888755647,47.81472221288784,45.01940148781595,47.765682220458984,462103,0.0,0.0
FCL.NS,2018-07-24 00:00:00+05:30,48.25609059539941,50.11963653564453,48.10896687365115,50.11963653564453,401181,0.0,0.0
FCL.NS,2018-07-25 00:00:00+05:30,52.52263617657248,52.62071990966797,51.100453849538674,52.62071990966797,240180,0.0,0.0
FCL.NS,2018-07-26 00:00:00+05:30,53.84673275052844,54.77850379541086,50.51196101233295,51.19853210449219,198003,0.0,0.0
FCL.NS,2018-07-27 00:00:00+05:30,51.590859978300685,53.748653411865234,50.511965132274284,53.748653411865234,451478,0.0,0.0
FCL.NS,2018-07-30 00:00:00+05:30,54.33713884472989,54.33713884472989,51.983181939542305,52.32646560668945,233200,0.0,0.0
FCL.NS,2018-07-31 00:00:00+05:30,52.7678400767261,54.92563357252035,52.03222891280842,54.53330612182617,376222,0.0,0.0
FCL.NS,2018-08-01 00:00:00+05:30,54.53330454911278,54.53330454911278,53.01304226916221,53.748653411865234,138304,0.0,0.0
FCL.NS,2018-08-02 00:00:00+05:30,52.9640023936396,56.396854400634766,52.13031125997406,56.396854400634766,575059,0.0,0.0
FCL.NS,2018-08-03 00:00:00+05:30,55.90644347350614,59.19217154946723,55.90644347350614,59.04505157470703,1005464,0.0,0.0
FCL.NS,2018-08-06 00:00:00+05:30,59.82970026833596,60.71243504758809,57.03437970322317,57.81903076171875,332688,0.0,0.0
FCL.NS,2018-08-07 00:00:00+05:30,58.799850851760546,58.799850851760546,55.51411886796135,55.95548629760742,179032,0.0,0.0
FCL.NS,2018-08-08 00:00:00+05:30,55.416029663187075,58.75080108642578,55.416029663187075,58.75080108642578,330233,0.0,0.0
FCL.NS,2018-08-09 00:00:00+05:30,61.20284757252205,61.251887566267726,56.88726077569243,58.79985046386719,313994,0.0,0.0
FCL.NS,2018-08-10 00:00:00+05:30,58.6527262245617,58.84888993932846,57.37766769084524,57.62287139892578,100872,0.0,0.0
FCL.NS,2018-08-13 00:00:00+05:30,58.848885968685025,58.848885968685025,55.4160342871784,56.249725341796875,150273,0.0,0.0
FCL.NS,2018-08-14 00:00:00+05:30,57.62287284489729,58.848891416065314,55.26891569164997,55.75932312011719,149851,0.0,0.0
FCL.NS,2018-08-16 00:00:00+05:30,55.759318071916766,58.21135499225631,54.974667005710394,55.51411437988281,199040,0.0,0.0
FCL.NS,2018-08-17 00:00:00+05:30,56.59301389088871,57.67190865870084,55.5141153815651,55.85740280151367,142104,0.0,0.0
FCL.NS,2018-08-20 00:00:00+05:30,56.69109079267305,56.88725448748387,53.16015925212339,53.454402923583984,175129,0.0,0.0
FCL.NS,2018-08-21 00:00:00+05:30,54.33714494675868,54.72946864734009,51.10045290326933,52.27743148803711,233510,0.0,0.0
FCL.NS,2018-08-23 00:00:00+05:30,52.27743077137741,54.82755162700053,52.03222705880856,53.209205627441406,304385,0.0,0.0
FCL.NS,2018-08-24 00:00:00+05:30,52.620718757992464,53.55248988217947,50.757169026594894,51.00237274169922,236909,0.0,0.0
FCL.NS,2018-08-27 00:00:00+05:30,52.17935075433436,52.17935075433436,48.991702492687665,49.1878662109375,370994,0.0,0.0
FCL.NS,2018-08-28 00:00:00+05:30,49.43306560151735,51.19853142839053,47.569516053338695,48.64841079711914,427956,0.0,0.0
FCL.NS,2018-08-29 00:00:00+05:30,49.23690467896638,50.41388321047183,46.882947615955494,49.040740966796875,396897,0.0,0.0
FCL.NS,2018-08-30 00:00:00+05:30,50.02155702505539,50.02155702505539,48.452254771854406,49.285945892333984,150365,0.0,0.0
FCL.NS,2018-08-31 00:00:00+05:30,49.28594619930655,49.62922990010997,48.64841505037252,49.1878662109375,134057,0.0,0.0
FCL.NS,2018-09-03 00:00:00+05:30,49.678267932125394,49.678267932125394,49.04073685638784,49.138816833496094,128347,0.0,0.0
FCL.NS,2018-09-04 00:00:00+05:30,49.53114822159349,49.53114822159349,47.422394870010116,48.4032096862793,208172,0.0,0.0
FCL.NS,2018-09-05 00:00:00+05:30,48.05992354674867,48.69745464142235,47.0791087804885,47.91279983520508,189337,0.0,0.0
FCL.NS,2018-09-06 00:00:00+05:30,47.61855795065302,48.35416905310856,46.44157943842185,46.58870315551758,205486,0.0,0.0
FCL.NS,2018-09-07 00:00:00+05:30,46.5887061177131,47.52048098836972,45.90213496346549,46.88294982910156,168236,0.0,0.0
FCL.NS,2018-09-10 00:00:00+05:30,46.8829469918955,47.03007070944217,45.1174810888933,45.853092193603516,224511,0.0,0.0
FCL.NS,2018-09-11 00:00:00+05:30,46.686788715980946,48.10897109891043,45.90213752793736,46.63774871826172,250307,0.0,0.0
FCL.NS,2018-09-12 00:00:00+05:30,46.7358305879023,46.93199057094171,45.60789197786645,45.951175689697266,100391,0.0,0.0
FCL.NS,2018-09-14 00:00:00+05:30,46.14734102022162,47.32431966697734,46.09830102275513,46.73583221435547,110235,0.0,0.0
FCL.NS,2018-09-17 00:00:00+05:30,46.098297658713214,46.68678506838998,45.313646531973625,45.90213394165039,116527,0.0,0.0
FCL.NS,2018-09-18 00:00:00+05:30,45.60789127037173,46.490626146402995,44.47995267783309,44.87228012084961,95537,0.0,0.0
FCL.NS,2018-09-19 00:00:00+05:30,45.21556384719421,45.509811300341596,42.665446691003325,42.861610412597656,188209,0.0,0.0
FCL.NS,2018-09-21 00:00:00+05:30,43.057774403770416,43.744341821381376,40.75285720825195,40.75285720825195,197760,0.0,0.0
FCL.NS,2018-09-24 00:00:00+05:30,41.390384331081414,41.390384331081414,38.742183685302734,38.742183685302734,141644,0.0,0.0
FCL.NS,2018-09-25 00:00:00+05:30,37.369040802661836,37.712328213047485,36.829593433783096,36.927677154541016,261128,0.0,0.0
FCL.NS,2018-09-26 00:00:00+05:30,36.78055413161652,38.742183685302734,35.30933196635186,38.742183685302734,269654,0.0,0.0
FCL.NS,2018-09-27 00:00:00+05:30,39.47779151395991,40.65476989746094,39.47779151395991,40.65476989746094,281709,0.0,0.0
FCL.NS,2018-09-28 00:00:00+05:30,42.027912017047086,42.567363141703375,38.64410400390625,38.64410400390625,260850,0.0,0.0
FCL.NS,2018-10-01 00:00:00+05:30,38.10465704874958,38.10465704874958,36.731518445175475,37.17288589477539,201256,0.0,0.0
FCL.NS,2018-10-03 00:00:00+05:30,38.15369363629859,38.79122095156672,36.38822416875933,37.61424255371094,145918,0.0,0.0
FCL.NS,2018-10-04 00:00:00+05:30,36.780554074287075,38.595059912013994,35.750699308509326,37.369041442871094,152290,0.0,0.0
FCL.NS,2018-10-05 00:00:00+05:30,36.82959138569098,37.66328612897036,36.682471425002504,36.976715087890625,83187,0.0,0.0
FCL.NS,2018-10-08 00:00:00+05:30,36.976725917250036,38.79123215439985,35.16221593858795,35.26029968261719,274835,0.0,0.0
FCL.NS,2018-10-09 00:00:00+05:30,34.86796434928043,36.68247391994053,34.4265969541733,35.35837173461914,131854,0.0,0.0
FCL.NS,2018-10-10 00:00:00+05:30,35.9468655129721,37.12384033203125,34.86796694015228,37.12384033203125,105230,0.0,0.0
FCL.NS,2018-10-11 00:00:00+05:30,36.29014898428033,38.64410609067616,35.30933414686735,37.221923828125,411522,0.0,0.0
FCL.NS,2018-10-12 00:00:00+05:30,38.25177507339769,39.036426121472815,37.56520400326521,38.496978759765625,215296,0.0,0.0
FCL.NS,2018-10-15 00:00:00+05:30,39.18355420820283,39.2325942026538,36.78055706498793,37.663291931152344,206175,0.0,0.0
FCL.NS,2018-10-16 00:00:00+05:30,38.30082156981629,39.52684020996094,38.15370157790611,39.52684020996094,217951,0.0,0.0
FCL.NS,2018-10-17 00:00:00+05:30,40.60573367703892,41.48846474040234,38.938347790892706,39.28163146972656,214131,0.0,0.0
FCL.NS,2018-10-19 00:00:00+05:30,38.93834769093874,39.6739587792757,38.34985657536229,38.64410400390625,79533,0.0,0.0
FCL.NS,2018-10-22 00:00:00+05:30,38.98739125439162,39.23259497297269,36.73151779174805,36.73151779174805,178484,0.0,0.0
FCL.NS,2018-10-23 00:00:00+05:30,36.73151712322038,38.54602311109093,36.29014968950513,38.300819396972656,224213,0.0,0.0
FCL.NS,2018-10-24 00:00:00+05:30,41.635587542987196,43.89146075529211,40.2134053847369,41.684627532958984,1086349,0.0,0.0
FCL.NS,2018-10-25 00:00:00+05:30,41.5865484788095,43.4500943298033,40.40956998572781,42.02791213989258,452804,0.0,0.0
FCL.NS,2018-10-26 00:00:00+05:30,42.17503755399174,42.81256868804046,39.96820419360845,40.0662841796875,255846,0.0,0.0
FCL.NS,2018-10-29 00:00:00+05:30,40.801900652388625,40.801900652388625,39.03643448078268,39.57588195800781,220915,0.0,0.0
FCL.NS,2018-10-30 00:00:00+05:30,39.2325933725556,41.83175418009207,38.398902259993456,39.968204498291016,207042,0.0,0.0
FCL.NS,2018-10-31 00:00:00+05:30,40.213405086676495,41.43942353444102,39.968201397123586,40.409568786621094,129787,0.0,0.0
FCL.NS,2018-11-01 00:00:00+05:30,40.80189653347071,41.09614398362777,40.21340911618009,40.31148910522461,95735,0.0,0.0
FCL.NS,2018-11-02 00:00:00+05:30,40.45861424445596,41.929836580617994,39.52683934991762,39.821083068847656,237908,0.0,0.0
FCL.NS,2018-11-05 00:00:00+05:30,39.9682087045843,43.15585725157569,37.76137509512873,41.14518737792969,330096,0.0,0.0
FCL.NS,2018-11-06 00:00:00+05:30,41.58654807816231,42.56736285602924,40.017242188668355,41.48846435546875,240750,0.0,0.0
FCL.NS,2018-11-07 00:00:00+05:30,41.5375070853473,42.420241940246115,41.39038710387196,41.880794525146484,89581,0.0,0.0
FCL.NS,2018-11-09 00:00:00+05:30,42.076954935756106,42.665442298440375,41.096140170274715,41.684627532958984,160976,0.0,0.0
FCL.NS,2018-11-12 00:00:00+05:30,41.78271328104057,42.17504073799881,40.115330942747825,40.36053466796875,192396,0.0,0.0
FCL.NS,2018-11-13 00:00:00+05:30,40.16437317621788,40.85094439337356,38.74219074243371,39.57588195800781,188180,0.0,0.0
FCL.NS,2018-11-14 00:00:00+05:30,40.11533187053264,40.16437186840864,37.61425082222485,38.05561828613281,257540,0.0,0.0
FCL.NS,2018-11-15 00:00:00+05:30,37.76136770066182,39.52683349420868,35.897818187660995,38.496978759765625,267333,0.0,0.0
FCL.NS,2018-11-16 00:00:00+05:30,38.546024848166944,38.74218857660403,37.41808995729954,37.71233367919922,120613,0.0,0.0
FCL.NS,2018-11-19 00:00:00+05:30,38.104655312421855,38.88931018329458,37.320004183060846,37.76137161254883,109013,0.0,0.0
FCL.NS,2018-11-20 00:00:00+05:30,37.27096146194424,38.49697993108714,37.02575776811566,37.369041442871094,216102,0.0,0.0
FCL.NS,2018-11-21 00:00:00+05:30,37.761371240399804,37.761371240399804,37.025760112340066,37.221923828125,237799,0.0,0.0
FCL.NS,2018-11-22 00:00:00+05:30,37.22192147148081,38.64410364398886,37.02575776811566,37.369041442871094,275896,0.0,0.0
FCL.NS,2018-11-26 00:00:00+05:30,37.61425105480613,37.66329479449738,36.78055986122322,37.32000732421875,121861,0.0,0.0
FCL.NS,2018-11-27 00:00:00+05:30,37.172884374990325,37.41808808790844,36.92768066207221,37.025760650634766,177764,0.0,0.0
FCL.NS,2018-11-28 00:00:00+05:30,37.12383691776808,37.12383691776808,36.19206589529278,36.29014587402344,182066,0.0,0.0
FCL.NS,2018-11-29 00:00:00+05:30,36.33919230776524,37.12384350129425,35.8487848441206,36.04494857788086,264038,0.0,0.0
FCL.NS,2018-11-30 00:00:00+05:30,36.09399089480029,36.48631838752588,35.7507071447996,35.8978271484375,94507,0.0,0.0
FCL.NS,2018-12-03 00:00:00+05:30,36.093987473884475,37.12384236779123,35.79974375298424,36.43727493286133,108438,0.0,0.0
FCL.NS,2018-12-04 00:00:00+05:30,36.92767928997247,36.92767928997247,36.04494445966183,36.14302444458008,50398,0.0,0.0
FCL.NS,2018-12-05 00:00:00+05:30,36.584391373026676,36.584391373026676,34.818925477404264,34.96604919433594,93448,0.0,0.0
FCL.NS,2018-12-06 00:00:00+05:30,34.9170045787564,34.9170045787564,33.690986107009174,33.887149810791016,99288,0.0,0.0
FCL.NS,2018-12-07 00:00:00+05:30,33.887150064055106,34.47564117979888,32.17072419078085,32.41592788696289,231896,0.0,0.0
FCL.NS,2018-12-10 00:00:00+05:30,32.023601155226444,32.023601155226444,28.934033382215894,30.012929916381836,295736,0.0,0.0
FCL.NS,2018-12-11 00:00:00+05:30,30.30717838360551,35.99590561592921,29.424445395880273,35.750701904296875,686620,0.0,0.0
FCL.NS,2018-12-12 00:00:00+05:30,36.63343091855794,40.556690079485655,36.04494354102338,38.5460205078125,990906,0.0,0.0
FCL.NS,2018-12-13 00:00:00+05:30,39.722993847619556,39.722993847619556,35.84877518084581,36.82958984375,405490,0.0,0.0
FCL.NS,2018-12-14 00:00:00+05:30,36.878636015984355,38.15369828489489,35.79974120238029,36.68247604370117,209302,0.0,0.0
FCL.NS,2018-12-17 00:00:00+05:30,36.780556029842764,37.51616715043962,36.58439231604794,36.68247604370117,79971,0.0,0.0
FCL.NS,2018-12-18 00:00:00+05:30,36.63342984205226,36.63342984205226,35.848778781226684,36.19206619262695,88047,0.0,0.0
FCL.NS,2018-12-19 00:00:00+05:30,36.584389257793475,39.870120900030585,36.584389257793475,38.496978759765625,530496,0.0,0.0
FCL.NS,2018-12-20 00:00:00+05:30,38.25177779852175,38.25177779852175,37.27096298317504,37.51616668701172,159407,0.0,0.0
FCL.NS,2018-12-21 00:00:00+05:30,37.27096229171677,37.90849340646916,36.87863487625198,37.074798583984375,118352,0.0,0.0
FCL.NS,2018-12-24 00:00:00+05:30,38.20273998087855,38.20273998087855,35.89782278869151,36.09398651123047,77966,0.0,0.0
FCL.NS,2018-12-26 00:00:00+05:30,36.192063847600885,36.7315111831211,35.2112491497419,36.33918380737305,105811,0.0,0.0
FCL.NS,2018-12-27 00:00:00+05:30,36.87863697439322,36.87863697439322,35.4564584308221,35.652618408203125,91960,0.0,0.0
FCL.NS,2018-12-28 00:00:00+05:30,35.652623400862076,36.535358388738516,35.652623400862076,35.8978271484375,116058,0.0,0.0
FCL.NS,2018-12-31 00:00:00+05:30,36.29015439129334,36.29015439129334,35.79974689951911,35.99591064453125,61631,0.0,0.0
FCL.NS,2019-01-01 00:00:00+05:30,36.04494560995334,36.04494560995334,35.60357818071279,35.750701904296875,64407,0.0,0.0
FCL.NS,2019-01-02 00:00:00+05:30,35.40741530870306,35.94686648038672,35.30933531831246,35.456459045410156,40844,0.0,0.0
FCL.NS,2019-01-03 00:00:00+05:30,35.50550492052665,35.75070867862212,34.573729891461376,34.769893646240234,66281,0.0,0.0
FCL.NS,2019-01-04 00:00:00+05:30,34.76988617106916,35.11316986199536,33.88715133509949,34.03427505493164,124723,0.0,0.0
FCL.NS,2019-01-07 00:00:00+05:30,34.32852468653979,34.96605592732329,33.88715719226754,33.9852409362793,135716,0.0,0.0
FCL.NS,2019-01-08 00:00:00+05:30,33.64194869995117,34.57372355833634,33.15154127359179,33.64194869995117,167268,0.0,0.0
FCL.NS,2019-01-09 00:00:00+05:30,33.74002252007035,34.03426614115891,33.347695197611834,33.7890625,108795,0.0,0.0
FCL.NS,2019-01-10 00:00:00+05:30,33.690978798630056,34.13234610101822,33.49481887891144,33.7890625,78313,0.0,0.0
FCL.NS,2019-01-11 00:00:00+05:30,33.838114811323855,33.88715480912482,33.39674734809114,33.49483108520508,50993,0.0,0.0
FCL.NS,2019-01-14 00:00:00+05:30,33.494824458790006,40.164363861083984,33.494824458790006,40.164363861083984,1555933,0.0,0.0
FCL.NS,2019-01-15 00:00:00+05:30,41.68462952720197,46.686783573861575,41.43942582410078,43.00872802734375,3366394,0.0,0.0
FCL.NS,2019-01-16 00:00:00+05:30,42.61640020834551,42.61640020834551,40.556687057429784,41.733665466308594,741894,0.0,0.0
FCL.NS,2019-01-17 00:00:00+05:30,41.733667813897355,45.26460323915483,41.68462782358366,42.959686279296875,671416,0.0,0.0
FCL.NS,2019-01-18 00:00:00+05:30,43.45010098453402,43.793388457578786,40.70381990773616,41.14518737792969,242421,0.0,0.0
FCL.NS,2019-01-21 00:00:00+05:30,41.19422541253697,42.371204029768975,39.57587934615398,39.821083068847656,252432,0.0,0.0
FCL.NS,2019-01-22 00:00:00+05:30,40.01724697686815,40.01724697686815,38.104657182877474,38.44794464111328,212230,0.0,0.0
FCL.NS,2019-01-23 00:00:00+05:30,38.25178057033127,38.74218801354064,37.418089413480075,37.90849685668945,170320,0.0,0.0
FCL.NS,2019-01-24 00:00:00+05:30,38.1536927430404,41.78270408432543,37.859445344332016,40.11532211303711,484045,0.0,0.0
FCL.NS,2019-01-25 00:00:00+05:30,40.31148423254945,40.85093533162308,38.25177477948916,38.59505844116211,171274,0.0,0.0
FCL.NS,2019-01-28 00:00:00+05:30,38.44793928193068,38.595059250800496,36.58438974415537,36.927677154541016,758134,0.0,0.0
FCL.NS,2019-01-29 00:00:00+05:30,36.73151694343538,38.202739220944046,36.19206952331788,37.025760650634766,1065705,0.0,0.0
FCL.NS,2019-01-30 00:00:00+05:30,37.02575927933836,38.7421852061951,36.78055557550168,37.51616668701172,504957,0.0,0.0
FCL.NS,2019-01-31 00:00:00+05:30,37.5161638167451,40.213404352589514,36.68247278408862,37.85944747924805,395901,0.0,0.0
FCL.NS,2019-02-01 00:00:00+05:30,37.810409681847204,38.10465337269003,36.73151490158633,37.074798583984375,156844,0.0,0.0
FCL.NS,2019-02-04 00:00:00+05:30,37.614249567256856,37.614249567256856,34.32852117953472,34.52468490600586,204440,0.0,0.0
FCL.NS,2019-02-05 00:00:00+05:30,34.96604919433594,35.26029288668775,33.93619065883728,34.96604919433594,179218,0.0,0.0
FCL.NS,2019-02-06 00:00:00+05:30,35.75069162927129,35.75069162927129,33.59289883877074,33.7890625,165309,0.0,0.0
FCL.NS,2019-02-07 00:00:00+05:30,34.27947721835471,34.7698846070536,33.494826144738774,33.887149810791016,128727,0.0,0.0
FCL.NS,2019-02-08 00:00:00+05:30,33.59290531406508,34.96604746584308,33.59290531406508,34.181392669677734,150053,0.0,0.0
FCL.NS,2019-02-11 00:00:00+05:30,34.279476389954084,34.6718000465254,33.445781604406235,34.181392669677734,139753,0.0,0.0
FCL.NS,2019-02-12 00:00:00+05:30,34.76988722953911,35.75070208091391,34.23043980958531,35.01509094238281,162408,0.0,0.0
FCL.NS,2019-02-14 00:00:00+05:30,33.592904381130055,34.230435449931186,32.51400967863257,33.83810806274414,108845,0.0,0.0
FCL.NS,2019-02-15 00:00:00+05:30,33.93618812380203,33.93618812380203,32.85729341860171,33.10249710083008,75580,0.0,0.0
FCL.NS,2019-02-18 00:00:00+05:30,34.0833141841577,34.0833141841577,32.85729568832469,32.95537567138672,71832,0.0,0.0
FCL.NS,2019-02-19 00:00:00+05:30,33.00442123413086,33.44578492388988,32.366890084349585,33.00442123413086,118700,0.0,0.0
FCL.NS,2019-02-20 00:00:00+05:30,33.10249151795856,33.34769515883233,32.857287877084794,33.05345153808594,76850,0.0,0.0
FCL.NS,2019-02-21 00:00:00+05:30,33.10250122263026,33.24962494689108,32.71017378560921,33.00442123413086,61913,0.0,0.0
FCL.NS,2019-02-22 00:00:00+05:30,32.95537998476161,37.270967151545356,32.95537998476161,35.40741729736328,441252,0.0,0.0
FCL.NS,2019-02-25 00:00:00+05:30,35.45646003551929,38.54602471723956,35.064132579977716,36.43727493286133,410195,0.0,0.0
FCL.NS,2019-02-26 00:00:00+05:30,35.79973478720222,35.84877477148523,34.18138911528595,34.81892013549805,201589,0.0,0.0
FCL.NS,2019-02-27 00:00:00+05:30,35.211253802507464,41.39038646721872,34.867966367988615,36.68247604370117,1573721,0.0,0.0
FCL.NS,2019-02-28 00:00:00+05:30,37.07479818386921,38.644104087280716,36.09398339730382,36.53535079956055,422411,0.0,0.0
FCL.NS,2019-03-01 00:00:00+05:30,36.976718600873944,37.85944967340242,36.63343117696437,37.074798583984375,212376,0.0,0.0
FCL.NS,2019-03-05 00:00:00+05:30,37.27096604603407,39.723003285904724,37.123842315037066,39.085472106933594,439855,0.0,0.0
FCL.NS,2019-03-06 00:00:00+05:30,39.526838335623104,40.654776927674824,38.398903485083174,38.840267181396484,252603,0.0,0.0
FCL.NS,2019-03-07 00:00:00+05:30,38.742183274114936,38.8402632541537,38.05561218930935,38.202735900878906,108824,0.0,0.0
FCL.NS,2019-03-08 00:00:00+05:30,38.153701132804684,38.74218857660403,37.51616995076213,37.71233367919922,149965,0.0,0.0
FCL.NS,2019-03-11 00:00:00+05:30,37.71233197969349,39.03643053932749,37.66329198517218,38.300819396972656,114487,0.0,0.0
FCL.NS,2019-03-12 00:00:00+05:30,38.25177975863755,39.72300205704668,38.25177975863755,38.840267181396484,189728,0.0,0.0
FCL.NS,2019-03-13 00:00:00+05:30,38.30081995782074,45.804055216316414,38.25177996258133,42.125999450683594,2298495,0.0,0.0
FCL.NS,2019-03-14 00:00:00+05:30,42.5183185870136,43.744337043865336,41.48846383156043,41.684627532958984,904150,0.0,0.0
FCL.NS,2019-03-15 00:00:00+05:30,41.78270689601593,43.646256419521386,39.919161114021826,40.50764846801758,784273,0.0,0.0
FCL.NS,2019-03-18 00:00:00+05:30,40.99805420713826,41.19421789781102,38.8402610927602,38.98738479614258,225045,0.0,0.0
FCL.NS,2019-03-19 00:00:00+05:30,38.7421881542337,40.017246762906105,38.30082070544005,39.183555603027344,201926,0.0,0.0
FCL.NS,2019-03-20 00:00:00+05:30,39.37971688054837,39.77204056723733,38.546022030999985,38.693145751953125,141852,0.0,0.0
FCL.NS,2019-03-22 00:00:00+05:30,38.251776117225205,39.13451090884267,37.81040872141648,38.104652404785156,133783,0.0,0.0
FCL.NS,2019-03-25 00:00:00+05:30,38.00657138702976,39.23258981886943,37.66328772271918,38.496978759765625,174879,0.0,0.0
FCL.NS,2019-03-26 00:00:00+05:30,38.791224076243054,40.998057346918834,38.30081668275955,39.28163146972656,465420,0.0,0.0
FCL.NS,2019-03-27 00:00:00+05:30,40.0662813763402,41.88079092393853,39.62491772835407,40.409568786621094,497375,0.0,0.0
FCL.NS,2019-03-28 00:00:00+05:30,40.4095675430912,41.145178589112845,39.87012019097758,40.164363861083984,161270,0.0,0.0
FCL.NS,2019-04-01 00:00:00+05:30,40.017238848457126,41.04709353095385,39.62491521496421,40.65476989746094,160416,0.0,0.0
FCL.NS,2019-04-02 00:00:00+05:30,40.262442070880205,41.047093070576665,39.821074714328724,40.11532211303711,186074,0.0,0.0
FCL.NS,2019-04-03 00:00:00+05:30,40.409569841774065,40.94901722457394,39.72299874479628,40.017242431640625,232043,0.0,0.0
FCL.NS,2019-04-04 00:00:00+05:30,40.01724598178272,43.84242547464558,39.28163482865616,42.125999450683594,1818490,0.0,0.0
FCL.NS,2019-04-05 00:00:00+05:30,42.42024534026538,44.08763145454353,41.586554153882304,43.352020263671875,693538,0.0,0.0
FCL.NS,2019-04-08 00:00:00+05:30,43.744337043865336,45.019399232200264,41.48846383156043,41.684627532958984,877441,0.0,0.0
FCL.NS,2019-04-09 00:00:00+05:30,41.88079580834735,42.17503952182516,40.60573722226895,40.75285720825195,161549,0.0,0.0
FCL.NS,2019-04-10 00:00:00+05:30,40.75285545342106,41.39038658976388,40.556691739045455,40.70381546020508,92908,0.0,0.0
FCL.NS,2019-04-11 00:00:00+05:30,40.89998057692755,40.94902057182498,40.01724570272661,40.213409423828125,121701,0.0,0.0
FCL.NS,2019-04-12 00:00:00+05:30,40.311483530220585,41.096138300107434,39.62491621883645,40.26244354248047,211805,0.0,0.0
FCL.NS,2019-04-15 00:00:00+05:30,40.50764619645663,41.782704552953106,40.06627883495485,40.65476989746094,258157,0.0,0.0
FCL.NS,2019-04-16 00:00:00+05:30,40.94901615533521,41.88079092393853,40.36052879701279,40.409568786621094,237549,0.0,0.0
FCL.NS,2019-04-18 00:00:00+05:30,40.50765152477799,41.047098930233396,39.23259300056205,39.42875671386719,130167,0.0,0.0
FCL.NS,2019-04-22 00:00:00+05:30,39.428757737772614,39.428757737772614,38.251779168889065,38.398902893066406,98854,0.0,0.0
FCL.NS,2019-04-23 00:00:00+05:30,38.595065838036625,40.21341196239641,38.006578379094165,39.3306770324707,242322,0.0,0.0
FCL.NS,2019-04-24 00:00:00+05:30,39.42875671386719,40.2134078255761,39.08546928020529,39.42875671386719,126194,0.0,0.0
FCL.NS,2019-04-25 00:00:00+05:30,40.115321870518684,40.89997286547152,39.23258716275233,39.47779083251953,182800,0.0,0.0
FCL.NS,2019-04-26 00:00:00+05:30,39.67395584274167,39.772035817322454,38.8402610927602,38.98738479614258,68925,0.0,0.0
FCL.NS,2019-04-30 00:00:00+05:30,39.37971560219483,39.37971560219483,36.63343117696437,37.074798583984375,147072,0.0,0.0
FCL.NS,2019-05-02 00:00:00+05:30,37.27096568391252,39.23259545675002,36.682478248666015,37.90849685668945,157980,0.0,0.0
FCL.NS,2019-05-03 00:00:00+05:30,38.10465851962244,38.1537022593137,37.02576359363137,37.32000732421875,92911,0.0,0.0
FCL.NS,2019-05-06 00:00:00+05:30,36.976722166429184,37.02576216271318,34.67180492596242,35.16221237182617,351695,0.0,0.0
FCL.NS,2019-05-07 00:00:00+05:30,35.11317075744812,36.682476756802096,35.01509076939987,35.750701904296875,158047,0.0,0.0
FCL.NS,2019-05-08 00:00:00+05:30,35.50549658723285,35.99590398832305,34.818925477404264,34.96604919433594,101388,0.0,0.0
FCL.NS,2019-05-09 00:00:00+05:30,35.40740996215269,35.995901040168974,34.81892262564765,35.309329986572266,97007,0.0,0.0
FCL.NS,2019-05-10 00:00:00+05:30,35.50550079345703,35.750704523050636,35.015093334269814,35.50550079345703,73972,0.0,0.0
FCL.NS,2019-05-13 00:00:00+05:30,35.848786883846095,35.848786883846095,34.47564815241943,34.72085189819336,69558,0.0,0.0
FCL.NS,2019-05-14 00:00:00+05:30,35.21124927391284,35.94686029990118,34.47563824792451,34.86796188354492,114802,0.0,0.0
FCL.NS,2019-05-15 00:00:00+05:30,35.701662144060116,37.02576069894072,35.4564584308221,35.652618408203125,250878,0.0,0.0
FCL.NS,2019-05-16 00:00:00+05:30,36.093980260192154,36.241103961994284,34.76988191001761,34.86796188354492,85009,0.0,0.0
FCL.NS,2019-05-17 00:00:00+05:30,35.11316629390017,35.79973734749688,34.62275893297556,35.309329986572266,113611,0.0,0.0
FCL.NS,2019-05-20 00:00:00+05:30,36.19206794852638,37.074799031715095,35.603576818222336,36.24110794067383,189671,0.0,0.0
FCL.NS,2019-05-21 00:00:00+05:30,36.73151855050165,36.78055854692851,35.55453992869756,35.79974365234375,77534,0.0,0.0
FCL.NS,2019-05-22 00:00:00+05:30,35.799741898321,36.53535303321801,35.40741446310458,35.750701904296875,120633,0.0,0.0
FCL.NS,2019-05-23 00:00:00+05:30,35.94686399651634,37.12383876592359,34.818925477404264,34.96604919433594,197455,0.0,0.0
FCL.NS,2019-05-24 00:00:00+05:30,35.50550089071776,37.46713073284016,34.917009693173846,36.78055953979492,318863,0.0,0.0
FCL.NS,2019-05-27 00:00:00+05:30,37.02575820800473,39.62491889007191,36.82959450230903,39.28163146972656,463112,0.0,0.0
FCL.NS,2019-05-28 00:00:00+05:30,39.870125050465155,41.19422359808462,39.33067389109039,39.77204132080078,317269,0.0,0.0
FCL.NS,2019-05-29 00:00:00+05:30,39.379715193330156,40.16436627460147,38.4479403974092,39.28163146972656,254615,0.0,0.0
FCL.NS,2019-05-30 00:00:00+05:30,39.428753516266035,39.428753516266035,38.30081506236901,38.496978759765625,104695,0.0,0.0
FCL.NS,2019-05-31 00:00:00+05:30,38.7912255133325,39.03642921915826,37.172883299789476,37.418087005615234,232251,0.0,0.0
FCL.NS,2019-06-03 00:00:00+05:30,36.92768078985259,37.90849564491893,36.682477076085995,37.663291931152344,258629,0.0,0.0
FCL.NS,2019-06-04 00:00:00+05:30,37.56520752461487,38.055614943321366,37.07480010590838,37.221923828125,143451,0.0,0.0
FCL.NS,2019-06-06 00:00:00+05:30,37.418087778307736,37.418087778307736,36.53535292250167,37.12384033203125,66134,0.0,0.0
FCL.NS,2019-06-07 00:00:00+05:30,37.27096436355288,37.27096436355288,36.6824769491541,37.025760650634766,42945,0.0,0.0
FCL.NS,2019-06-10 00:00:00+05:30,36.87863555600175,37.270962978697945,35.9959044672027,36.14302444458008,69783,0.0,0.0
FCL.NS,2019-06-11 00:00:00+05:30,36.143021442824875,36.63342880970995,35.407410392497276,35.848777770996094,62550,0.0,0.0
FCL.NS,2019-06-12 00:00:00+05:30,35.358379652074014,36.388234643588355,35.358379652074014,35.8978271484375,106776,0.0,0.0
FCL.NS,2019-06-13 00:00:00+05:30,36.143025598001586,36.143025598001586,35.45645819864042,35.750701904296875,35741,0.0,0.0
FCL.NS,2019-06-14 00:00:00+05:30,36.143027368843654,36.53535482328232,35.35837620147823,35.79974365234375,125763,0.0,0.0
FCL.NS,2019-06-17 00:00:00+05:30,35.70165853111458,35.799738509879575,34.08331269091274,34.181392669677734,123115,0.0,0.0
FCL.NS,2019-06-18 00:00:00+05:30,34.18138865935763,34.76987968743713,33.39673769676255,33.543861389160156,104270,0.0,0.0
FCL.NS,2019-06-19 00:00:00+05:30,33.98523627184263,36.97672083564636,33.54386883814758,34.27947998046875,231830,0.0,0.0
FCL.NS,2019-06-20 00:00:00+05:30,34.524676462203054,35.946858454401735,33.396738116991116,35.55453109741211,129432,0.0,0.0
FCL.NS,2019-06-21 00:00:00+05:30,34.818921834119095,36.04494020855991,34.72084186076829,35.603572845458984,72478,0.0,0.0
FCL.NS,2019-06-24 00:00:00+05:30,34.917007392240045,35.79974225963014,34.13235625539982,34.27947998046875,101029,0.0,0.0
FCL.NS,2019-06-25 00:00:00+05:30,34.32851720892231,34.573720903271756,33.838109820223416,33.887149810791016,76528,0.0,0.0
FCL.NS,2019-06-26 00:00:00+05:30,34.08331451488967,34.818925619527576,33.887150805350586,34.230438232421875,63664,0.0,0.0
FCL.NS,2019-06-27 00:00:00+05:30,34.76988686195839,35.30933427620925,34.132355718699934,34.475643157958984,67740,0.0,0.0
FCL.NS,2019-06-28 00:00:00+05:30,34.76988709753032,34.76988709753032,34.23043967962462,34.377559661865234,28473,0.0,0.0
FCL.NS,2019-07-01 00:00:00+05:30,33.93619079735746,34.818925619527576,33.93619079735746,34.230438232421875,38661,0.0,0.0
FCL.NS,2019-07-02 00:00:00+05:30,34.32851791381836,34.769885321012616,33.985234231284785,34.32851791381836,34306,0.0,0.0
FCL.NS,2019-07-03 00:00:00+05:30,34.622764234291644,34.622764234291644,33.592909366964435,34.083316802978516,31734,0.0,0.0
FCL.NS,2019-07-04 00:00:00+05:30,34.083316802978516,34.52468424369355,33.93619307556957,34.083316802978516,39207,0.0,0.0
FCL.NS,2019-07-05 00:00:00+05:30,34.13235731289527,34.27948104252242,32.95537870041367,33.24962615966797,64744,0.0,0.0
FCL.NS,2019-07-08 00:00:00+05:30,33.249620290972345,33.249620290972345,31.631274516765888,31.87647819519043,83083,0.0,0.0
FCL.NS,2019-07-09 00:00:00+05:30,31.778400421142578,32.36688779351092,31.58223671651598,31.778400421142578,69135,0.0,0.0
FCL.NS,2019-07-10 00:00:00+05:30,31.82744478746488,32.02360851905949,31.09183360011906,31.58224105834961,59694,0.0,0.0
FCL.NS,2019-07-11 00:00:00+05:30,31.63127761712936,32.21976500642481,30.895666509754257,31.43511390686035,83727,0.0,0.0
FCL.NS,2019-07-12 00:00:00+05:30,31.68031791624846,31.68031791624846,30.307177543329306,30.650463104248047,65004,0.0,0.0
FCL.NS,2019-07-15 00:00:00+05:30,30.69950309754944,30.99374866580981,29.62060829286217,29.963891983032227,45868,0.0,0.0
FCL.NS,2019-07-16 00:00:00+05:30,29.62060707619278,30.405258151145865,29.52252522413471,29.718687057495117,82798,0.0,0.0
FCL.NS,2019-07-17 00:00:00+05:30,29.816766989413992,34.279475069243055,29.424441477202414,32.56304931640625,429411,0.0,0.0
FCL.NS,2019-07-18 00:00:00+05:30,32.759215574639406,32.80825556597488,30.454298566757,30.944705963134766,87830,0.0,0.0
FCL.NS,2019-07-19 00:00:00+05:30,31.729363056951122,31.729363056951122,29.424449354147768,29.62061309814453,122336,0.0,0.0
FCL.NS,2019-07-22 00:00:00+05:30,29.228279526322467,29.669646923067077,28.492668445585267,29.081157684326172,114221,0.0,0.0
FCL.NS,2019-07-23 00:00:00+05:30,29.42444610595703,30.895668411254885,28.688834953308106,29.42444610595703,109843,0.0,0.0
FCL.NS,2019-07-24 00:00:00+05:30,29.81676838465393,30.307175765555332,29.13019917384539,29.91485023498535,98349,0.0,0.0
FCL.NS,2019-07-25 00:00:00+05:30,29.9148533842332,30.356220821811128,29.424445951704786,29.473485946655273,58156,0.0,0.0
FCL.NS,2019-07-26 00:00:00+05:30,29.424443933424282,29.914851332314687,29.130200242392345,29.522525787353516,82823,0.0,0.0
FCL.NS,2019-07-29 00:00:00+05:30,29.228279943070845,30.405258437334478,28.786914410788793,28.934036254882812,75281,0.0,0.0
FCL.NS,2019-07-30 00:00:00+05:30,29.130200235171028,29.228280218320183,26.923366940711276,27.462814331054688,96055,0.0,0.0
FCL.NS,2019-07-31 00:00:00+05:30,27.462816590061845,27.708020309615968,25.991594272737103,26.678165435791016,111399,0.0,0.0
FCL.NS,2019-08-01 00:00:00+05:30,26.776243231987184,27.266650630893583,25.99159214203925,26.08967399597168,85459,0.0,0.0
FCL.NS,2019-08-02 00:00:00+05:30,25.648308617261545,26.08967605948879,23.049149571632853,24.029964447021484,221157,0.0,0.0
FCL.NS,2019-08-05 00:00:00+05:30,23.58859514009815,23.68667699403475,21.725047398325774,22.656822204589844,159666,0.0,0.0
FCL.NS,2019-08-06 00:00:00+05:30,21.921212367845477,23.931882070866322,21.921212367845477,23.5395565032959,147207,0.0,0.0
FCL.NS,2019-08-07 00:00:00+05:30,23.882839308498124,28.24746378184942,23.5395537751264,28.051301956176758,709803,0.0,0.0
FCL.NS,2019-08-08 00:00:00+05:30,27.658981231313696,27.904184958999966,25.501187679372126,27.02145004272461,245668,0.0,0.0
FCL.NS,2019-08-09 00:00:00+05:30,27.708014988592403,28.83595150778222,26.825282141868005,27.168567657470703,137105,0.0,0.0
FCL.NS,2019-08-13 00:00:00+05:30,27.168567657470703,28.88499336472864,26.531036612456166,27.168567657470703,90283,0.0,0.0
FCL.NS,2019-08-14 00:00:00+05:30,26.776247435037973,27.07049304302282,25.69735248469504,25.991596221923828,72241,0.0,0.0
FCL.NS,2019-08-16 00:00:00+05:30,25.059817885112853,26.187756423926007,25.059817885112853,25.206941604614258,49446,0.0,0.0
FCL.NS,2019-08-19 00:00:00+05:30,24.91269803937345,25.89351293754371,24.91269803937345,25.157901763916016,161961,0.0,0.0
FCL.NS,2019-08-20 00:00:00+05:30,25.403104898414387,25.403104898414387,23.833800723641392,24.029964447021484,97271,0.0,0.0
FCL.NS,2019-08-21 00:00:00+05:30,24.226124829249166,24.569408491686403,22.80394270777391,23.147228240966797,93828,0.0,0.0
FCL.NS,2019-08-22 00:00:00+05:30,22.75490545725066,23.147231026357215,21.67600873914073,22.16641616821289,108533,0.0,0.0
FCL.NS,2019-08-23 00:00:00+05:30,22.215454246094094,23.245310880744324,21.676006868959963,22.852983474731445,110784,0.0,0.0
FCL.NS,2019-08-26 00:00:00+05:30,23.53955376286339,23.98092114421934,22.951064544640676,23.147228240966797,86104,0.0,0.0
FCL.NS,2019-08-27 00:00:00+05:30,23.392435695511928,26.48200225059706,22.607782654522143,25.157901763916016,289259,0.0,0.0
FCL.NS,2019-08-28 00:00:00+05:30,24.961738857526235,26.383919277641457,24.5203714235991,24.863656997680664,83710,0.0,0.0
FCL.NS,2019-08-29 00:00:00+05:30,24.912696196805665,25.354063616640694,23.53955581507732,23.784759521484375,101692,0.0,0.0
FCL.NS,2019-08-30 00:00:00+05:30,24.37324879101247,24.471330647726457,23.68667766477039,23.784759521484375,73267,0.0,0.0
FCL.NS,2019-09-03 00:00:00+05:30,24.02996140338005,24.079001392635696,22.75490297517644,23.04914665222168,51161,0.0,0.0
FCL.NS,2019-09-04 00:00:00+05:30,22.951070059758905,24.37325252298313,22.705866315806873,23.196273803710938,83000,0.0,0.0
FCL.NS,2019-09-05 00:00:00+05:30,23.49051659829236,25.893511878029877,22.8529854439635,24.177085876464844,280643,0.0,0.0
FCL.NS,2019-09-06 00:00:00+05:30,24.765572676237284,24.961736376430547,24.12804345674271,24.373247146606445,107892,0.0,0.0
FCL.NS,2019-09-09 00:00:00+05:30,24.226124755357848,25.15789763317583,24.128042907493946,24.569408416748047,81363,0.0,0.0
FCL.NS,2019-09-11 00:00:00+05:30,25.206941968419418,26.9233679269877,24.76557454505667,26.432960510253906,279079,0.0,0.0
FCL.NS,2019-09-12 00:00:00+05:30,26.97241117369454,27.3156967809655,25.795432483267263,25.991596221923828,111975,0.0,0.0
FCL.NS,2019-09-13 00:00:00+05:30,25.893509776342626,29.326361500839905,25.7463879337296,28.34554672241211,340067,0.0,0.0
FCL.NS,2019-09-16 00:00:00+05:30,28.14938606382774,30.307177543958087,27.806100502901877,29.963891983032227,542412,0.0,0.0
FCL.NS,2019-09-17 00:00:00+05:30,29.718689818714243,33.93619301226572,29.081160527236353,29.42444610595703,905635,0.0,0.0
FCL.NS,2019-09-18 00:00:00+05:30,29.865813088693283,31.287993506258374,29.473485650014485,30.25813865661621,271773,0.0,0.0
FCL.NS,2019-09-19 00:00:00+05:30,30.01213493200171,30.94693988553756,28.093325554465803,28.63452911376953,156042,8.6572,0.0
FCL.NS,2019-09-20 00:00:00+05:30,28.63453080572513,30.30733729926423,28.290128861607208,29.716936111450195,232417,0.0,0.0
FCL.NS,2019-09-23 00:00:00+05:30,30.20893784892105,31.389742081704025,28.880531444805577,29.52013397216797,276427,0.0,0.0
FCL.NS,2019-09-24 00:00:00+05:30,29.224932076662395,30.996139285073664,28.732929865788208,29.569332122802734,218710,0.0,0.0
FCL.NS,2019-09-25 00:00:00+05:30,29.224932742141945,30.208937186297035,27.945725838636612,28.68372917175293,127892,0.0,0.0
FCL.NS,2019-09-26 00:00:00+05:30,28.73293172402532,29.126533142812047,26.76492275325207,27.99492835998535,190956,0.0,0.0
FCL.NS,2019-09-27 00:00:00+05:30,28.04412471032353,28.437726085275983,27.65052333537108,27.89652442932129,68477,0.0,0.0
FCL.NS,2019-09-30 00:00:00+05:30,28.978932274056117,28.978932274056117,25.830117232161548,26.223718643188477,110911,0.0,0.0
FCL.NS,2019-10-01 00:00:00+05:30,26.666519390379126,27.06012077169037,25.14131145714383,25.436513900756836,107148,0.0,0.0
FCL.NS,2019-10-03 00:00:00+05:30,25.190513725683758,25.63331459206608,24.403309057382685,25.04291343688965,69862,0.0,0.0
FCL.NS,2019-10-04 00:00:00+05:30,25.584115004776194,26.814120533851973,24.944512505024687,25.190513610839844,107124,0.0,0.0
FCL.NS,2019-10-07 00:00:00+05:30,25.43651420383342,25.534915019543536,24.747710370702052,24.993711471557617,59267,0.0,0.0
FCL.NS,2019-10-09 00:00:00+05:30,24.993711862832765,26.22371738636626,24.304909895757696,25.33811378479004,121231,0.0,0.0
FCL.NS,2019-10-10 00:00:00+05:30,25.141314051527527,25.58411682422105,24.304911733745847,24.550912857055664,90948,0.0,0.0
FCL.NS,2019-10-11 00:00:00+05:30,24.600109313467257,25.0921114997366,24.157306595089086,24.304908752441406,80670,0.0,0.0
FCL.NS,2019-10-14 00:00:00+05:30,24.35411021989283,24.993712739188776,23.8129085212977,24.15730857849121,74826,0.0,0.0
FCL.NS,2019-10-15 00:00:00+05:30,24.157308374135038,24.99371252775713,23.960508611237774,24.452510833740234,84342,0.0,0.0
FCL.NS,2019-10-16 00:00:00+05:30,24.84611283108681,24.99371312600258,24.157308952360452,24.501710891723633,61742,0.0,0.0
FCL.NS,2019-10-17 00:00:00+05:30,24.50171033419777,25.48571478036507,24.05890945952621,25.239713668823242,170052,0.0,0.0
FCL.NS,2019-10-18 00:00:00+05:30,25.38731195119364,26.66651875607666,25.092111391441843,26.32211685180664,174498,0.0,0.0
FCL.NS,2019-10-22 00:00:00+05:30,26.518917675530247,28.29012473424276,25.78091442159348,26.568117141723633,134376,0.0,0.0
FCL.NS,2019-10-23 00:00:00+05:30,27.010924465049534,27.010924465049534,25.4857163532559,25.682518005371094,146943,0.0,0.0
FCL.NS,2019-10-24 00:00:00+05:30,25.68251642033434,26.076117823433353,24.94451308570887,25.239713668823242,96362,0.0,0.0
FCL.NS,2019-10-25 00:00:00+05:30,24.895311972046823,25.338114727733323,24.206509979338385,24.94451332092285,119314,0.0,0.0
FCL.NS,2019-10-27 00:00:00+05:30,24.895311471622673,25.436515037342872,23.71450727492677,24.747711181640625,56751,0.0,0.0
FCL.NS,2019-10-29 00:00:00+05:30,25.288916577980356,26.223719733428403,24.698513498474423,25.682518005371094,146523,0.0,0.0
FCL.NS,2019-10-30 00:00:00+05:30,25.830114667660723,27.01092066034668,25.73171385546366,26.32211685180664,133850,0.0,0.0
FCL.NS,2019-10-31 00:00:00+05:30,26.32211833274439,27.650524680045187,25.6333144854508,26.912521362304688,191783,0.0,0.0
FCL.NS,2019-11-01 00:00:00+05:30,27.060123321986087,27.355323916581003,25.928518540252774,26.420520782470703,186050,0.0,0.0
FCL.NS,2019-11-04 00:00:00+05:30,27.06011935429938,28.339324245766893,26.56811718422121,27.50292205810547,183892,0.0,0.0
FCL.NS,2019-11-05 00:00:00+05:30,27.256923170890712,27.699724033562102,26.863319901619054,27.060121536254883,79904,0.0,0.0
FCL.NS,2019-11-06 00:00:00+05:30,27.256920929467015,27.404521204886503,26.37131552327143,26.568117141723633,82627,0.0,0.0
FCL.NS,2019-11-07 00:00:00+05:30,26.568117040814943,27.01091974223092,26.568117040814943,26.715717315673828,69676,0.0,0.0
FCL.NS,2019-11-08 00:00:00+05:30,26.076115025135753,31.38973808885215,26.076115025135753,28.437725067138672,579056,0.0,0.0
FCL.NS,2019-11-11 00:00:00+05:30,28.536129950995146,29.323332785114342,27.748927116875947,28.142528533935547,104218,0.0,0.0
FCL.NS,2019-11-13 00:00:00+05:30,28.044125838655685,28.782129150199257,27.06012142326426,27.207721710205078,111624,0.0,0.0
FCL.NS,2019-11-14 00:00:00+05:30,27.207723408042195,29.42173348083325,26.61732034659666,28.290128707885742,198534,0.0,0.0
FCL.NS,2019-11-15 00:00:00+05:30,30.504138563093655,30.996140797982264,28.880531563329168,29.372533798217773,383685,0.0,0.0
FCL.NS,2019-11-18 00:00:00+05:30,29.12653216306791,29.3725332761397,28.04412689018412,28.38852882385254,101780,0.0,0.0
FCL.NS,2019-11-19 00:00:00+05:30,28.044127460301528,29.028131932592807,27.306124106083065,27.65052604675293,107270,0.0,0.0
FCL.NS,2019-11-20 00:00:00+05:30,27.65052604675293,28.388529400971393,26.9617221654132,27.65052604675293,131614,0.0,0.0
FCL.NS,2019-11-21 00:00:00+05:30,27.552125092049543,27.798126208942843,26.764922268726817,27.010923385620117,70988,0.0,0.0
FCL.NS,2019-11-22 00:00:00+05:30,27.06012102791143,28.04412542892639,26.568118827403946,26.863319396972656,95832,0.0,0.0
FCL.NS,2019-11-25 00:00:00+05:30,27.256923285951487,27.355322226845292,26.715719726838092,26.912521362304688,64786,0.0,0.0
FCL.NS,2019-11-26 00:00:00+05:30,27.306121220098476,27.355320687777315,26.076115759733682,26.32211685180664,101630,0.0,0.0
FCL.NS,2019-11-27 00:00:00+05:30,26.66652114019503,26.66652114019503,25.584115862933768,25.73171615600586,71349,0.0,0.0
FCL.NS,2019-11-28 00:00:00+05:30,25.87931694542737,26.66652165164255,25.682517176503264,25.928518295288086,117361,0.0,0.0
FCL.NS,2019-11-29 00:00:00+05:30,26.076114873392445,27.355319757955215,25.92851459853356,26.715717315673828,120491,0.0,0.0
FCL.NS,2019-12-02 00:00:00+05:30,27.010922737955,27.158523029183918,26.076117765439285,26.174518585205078,67498,0.0,0.0
FCL.NS,2019-12-03 00:00:00+05:30,26.42051963256648,26.42051963256648,25.190514080555374,25.387313842773438,63153,0.0,0.0
FCL.NS,2019-12-04 00:00:00+05:30,25.534916390856257,25.83011697700044,25.190514455795007,25.73171615600586,51376,0.0,0.0
FCL.NS,2019-12-05 00:00:00+05:30,26.174517916160713,26.174517916160713,25.239712967539464,25.33811378479004,62053,0.0,0.0
FCL.NS,2019-12-06 00:00:00+05:30,25.485714662302232,26.223717993508895,25.042913789681947,25.387313842773438,88320,0.0,0.0
FCL.NS,2019-12-09 00:00:00+05:30,25.288915135764732,25.584115720262716,24.89531185398136,25.092113494873047,45350,0.0,0.0
FCL.NS,2019-12-10 00:00:00+05:30,24.944514634394906,25.387315536557868,23.862109301041585,24.108110427856445,79219,0.0,0.0
FCL.NS,2019-12-11 00:00:00+05:30,24.403311885177448,24.452513238369814,23.71450983204179,23.862110137939453,55442,0.0,0.0
FCL.NS,2019-12-12 00:00:00+05:30,24.00970808275221,24.944513056242698,24.00970808275221,24.452510833740234,39385,0.0,0.0
FCL.NS,2019-12-13 00:00:00+05:30,24.89530895746349,25.239710850533715,24.60010840731148,24.698509216308594,44166,0.0,0.0
FCL.NS,2019-12-16 00:00:00+05:30,25.092111988294707,25.92851609660575,24.99371117375704,25.436513900756836,66425,0.0,0.0
FCL.NS,2019-12-17 00:00:00+05:30,25.534914679491173,27.453722114507865,25.190512767511944,26.37131690979004,127517,0.0,0.0
FCL.NS,2019-12-18 00:00:00+05:30,26.617316506821464,27.355319757955215,25.68251351482231,26.715717315673828,75466,0.0,0.0
FCL.NS,2019-12-19 00:00:00+05:30,26.617320678218277,26.961722624755662,26.07611895997354,26.272920608520508,80191,0.0,0.0
FCL.NS,2019-12-20 00:00:00+05:30,26.518917630017473,26.518917630017473,25.387311141118406,25.633312225341797,47894,0.0,0.0
FCL.NS,2019-12-23 00:00:00+05:30,25.09211407990619,25.928518257937647,25.09211407990619,25.141313552856445,39561,0.0,0.0
FCL.NS,2019-12-24 00:00:00+05:30,24.846112000575165,25.387313689455848,24.64931036270609,24.747711181640625,44596,0.0,0.0
FCL.NS,2019-12-26 00:00:00+05:30,25.23971596935292,25.23971596935292,24.304912786393007,24.79691505432129,80470,0.0,0.0
FCL.NS,2019-12-27 00:00:00+05:30,24.649309261294913,26.371316946766118,24.649309261294913,25.436513900756836,145654,0.0,0.0
FCL.NS,2019-12-30 00:00:00+05:30,25.58411480017712,27.50292416092619,25.38731316636304,27.207721710205078,386117,0.0,0.0
FCL.NS,2019-12-31 00:00:00+05:30,27.158522788522735,27.945725585994317,26.27291917215733,26.46971893310547,230601,0.0,0.0
FCL.NS,2020-01-01 00:00:00+05:30,26.8141208608141,26.86332033184126,26.125317005396834,26.46971893310547,37891,0.0,0.0
FCL.NS,2020-01-02 00:00:00+05:30,26.86332097629516,27.748926490745852,26.469719568116833,27.306123733520508,154147,0.0,0.0
FCL.NS,2020-01-03 00:00:00+05:30,27.404523344019154,27.994926368621904,26.863319789450184,27.207721710205078,149198,0.0,0.0
FCL.NS,2020-01-06 00:00:00+05:30,26.568120319200453,26.76492196118961,25.288915276789584,25.73171615600586,126902,0.0,0.0
FCL.NS,2020-01-07 00:00:00+05:30,25.73171615600586,26.469719498205873,25.288915276789584,25.73171615600586,130712,0.0,0.0
FCL.NS,2020-01-08 00:00:00+05:30,25.19051538537594,26.46972047499206,25.14131403464324,26.12531852722168,121371,0.0,0.0
FCL.NS,2020-01-09 00:00:00+05:30,26.371318681238492,29.421732871498953,26.27291973706844,28.240928649902344,844948,0.0,0.0
FCL.NS,2020-01-10 00:00:00+05:30,28.53612816550515,29.815333160119586,26.420519038947663,27.060121536254883,454796,0.0,0.0
FCL.NS,2020-01-13 00:00:00+05:30,27.30612321420411,29.224932623235343,27.109321575438,28.831329345703125,292253,0.0,0.0
FCL.NS,2020-01-14 00:00:00+05:30,29.126531704240897,32.127746362542666,29.028130885194365,30.700939178466797,869992,0.0,0.0
FCL.NS,2020-01-15 00:00:00+05:30,31.438944572277823,34.784557625023076,30.159737594280312,32.91495132446289,1027554,0.0,0.0
FCL.NS,2020-01-16 00:00:00+05:30,33.01334885826056,33.65295325826716,31.58654164156215,33.111751556396484,391684,0.0,0.0
FCL.NS,2020-01-17 00:00:00+05:30,33.01335421258053,33.45615704181103,31.783348438984532,32.76735305786133,283123,0.0,0.0
FCL.NS,2020-01-20 00:00:00+05:30,32.37374693983199,33.11175025529613,30.110535646304925,30.50413703918457,239686,0.0,0.0
FCL.NS,2020-01-21 00:00:00+05:30,30.15973651269363,31.094541506289442,29.618534807036838,30.307336807250977,94701,0.0,0.0
FCL.NS,2020-01-22 00:00:00+05:30,30.89773778355736,30.89773778355736,27.896525114397534,28.732929229736328,243624,0.0,0.0
FCL.NS,2020-01-23 00:00:00+05:30,28.782129936824937,30.45493823944459,28.68372911722857,29.618534088134766,170360,0.0,0.0
FCL.NS,2020-01-24 00:00:00+05:30,29.569333566069467,30.208937972896322,29.028131858427834,29.372533798217773,151578,0.0,0.0
FCL.NS,2020-01-27 00:00:00+05:30,29.077330253183604,30.208936852946493,28.6837288552328,29.12653160095215,144577,0.0,0.0
FCL.NS,2020-01-28 00:00:00+05:30,29.421733856201172,30.061336398910836,29.175732733863637,29.421733856201172,98740,0.0,0.0
FCL.NS,2020-01-29 00:00:00+05:30,29.618534915662078,29.91373550585941,29.12653268077347,29.372533798217773,89630,0.0,0.0
FCL.NS,2020-01-30 00:00:00+05:30,29.02813206548276,29.37253400772929,28.044127588686734,28.290128707885742,90430,0.0,0.0
FCL.NS,2020-01-31 00:00:00+05:30,28.58532808316315,28.78212972087933,28.093325865712224,28.191726684570312,64809,0.0,0.0
FCL.NS,2020-02-03 00:00:00+05:30,27.256923402281306,28.191726482638554,25.584115124194337,26.764921188354492,108157,0.0,0.0
FCL.NS,2020-02-04 00:00:00+05:30,27.060122869711005,28.191727632531006,27.060122869711005,27.798126220703125,82364,0.0,0.0
FCL.NS,2020-02-05 00:00:00+05:30,28.044126510620117,28.831329311059612,26.026918161469215,28.044126510620117,182764,0.0,0.0
FCL.NS,2020-02-06 00:00:00+05:30,27.601324740933034,29.7661353341527,27.601324740933034,29.224933624267578,203068,0.0,0.0
FCL.NS,2020-02-07 00:00:00+05:30,29.52013421568863,30.208938098123866,28.732931387339434,29.224933624267578,138421,0.0,0.0
FCL.NS,2020-02-10 00:00:00+05:30,30.40573661350214,30.40573661350214,28.88053049262796,29.12653160095215,154939,0.0,0.0
FCL.NS,2020-02-11 00:00:00+05:30,29.12653216306791,29.766134681686655,28.142527710780747,28.38852882385254,89525,0.0,0.0
FCL.NS,2020-02-12 00:00:00+05:30,28.53613042831421,28.683730727575494,27.15852450714283,27.552125930786133,83568,0.0,0.0
FCL.NS,2020-02-13 00:00:00+05:30,28.240926434193913,28.240926434193913,24.600109480364242,25.879314422607422,484378,0.0,0.0
FCL.NS,2020-02-14 00:00:00+05:30,25.928519713051585,26.617321757208813,25.87931836050055,26.518922805786133,117096,0.0,0.0
FCL.NS,2020-02-17 00:00:00+05:30,26.814119673765916,26.814119673765916,24.79691142152113,25.436513900756836,119208,0.0,0.0
FCL.NS,2020-02-18 00:00:00+05:30,25.485715999529194,25.485715999529194,24.009709259670288,24.550912857055664,212493,0.0,0.0
FCL.NS,2020-02-19 00:00:00+05:30,24.69851315567363,25.141314051527527,23.81290948712621,24.550912857055664,225864,0.0,0.0
FCL.NS,2020-02-20 00:00:00+05:30,24.550912857055664,25.092114577601414,23.81290948712621,24.550912857055664,124412,0.0,0.0
FCL.NS,2020-02-24 00:00:00+05:30,24.40330948538627,24.89531170788873,24.157308374135038,24.452510833740234,93148,0.0,0.0
FCL.NS,2020-02-25 00:00:00+05:30,24.846110191345215,24.895309658810145,24.206507730104203,24.600109100341797,70326,0.0,0.0
FCL.NS,2020-02-26 00:00:00+05:30,23.91130462117103,25.731713018679947,23.91130462117103,24.698509216308594,260553,0.0,0.0
FCL.NS,2020-02-27 00:00:00+05:30,24.600111593223208,24.993713003346866,23.812908772975895,24.649311065673828,252045,0.0,0.0
FCL.NS,2020-02-28 00:00:00+05:30,24.009708384623547,24.009708384623547,23.124104748352426,23.222505569458008,152142,0.0,0.0
FCL.NS,2020-03-02 00:00:00+05:30,23.370105810168944,23.81290856572902,21.992499948305845,22.435300827026367,81431,0.0,0.0
FCL.NS,2020-03-03 00:00:00+05:30,22.878105197452633,24.501712287710365,21.894100672831012,22.09090232849121,164247,0.0,0.0
FCL.NS,2020-03-04 00:00:00+05:30,22.386102325190397,22.779703748946698,20.71329392817658,21.254497528076172,237634,0.0,0.0
FCL.NS,2020-03-05 00:00:00+05:30,21.746500597231773,22.336903693555293,20.467293575724195,21.795700073242188,78988,0.0,0.0
FCL.NS,2020-03-06 00:00:00+05:30,21.795699613025647,21.795699613025647,19.876891936539494,20.811695098876953,233359,0.0,0.0
FCL.NS,2020-03-09 00:00:00+05:30,20.270493624304816,20.516494755966672,19.53249022931925,19.729290008544922,205694,0.0,0.0
FCL.NS,2020-03-11 00:00:00+05:30,19.18808802589954,21.008496752442557,19.18808802589954,20.811695098876953,259521,0.0,0.0
FCL.NS,2020-03-12 00:00:00+05:30,20.17209337192757,20.17209337192757,18.204084262471223,18.3516845703125,385104,0.0,0.0
FCL.NS,2020-03-13 00:00:00+05:30,16.728077329938607,21.352899460128114,14.858469062548709,15.89167308807373,629133,0.0,0.0
FCL.NS,2020-03-16 00:00:00+05:30,16.432874698851695,16.432874698851695,14.415664495284664,15.10446834564209,296513,0.0,0.0
FCL.NS,2020-03-17 00:00:00+05:30,14.858466590327874,16.236072354095352,14.022062487627805,15.59646987915039,308754,0.0,0.0
FCL.NS,2020-03-18 00:00:00+05:30,15.645670169533467,15.744070988579995,14.80926696131701,15.350469589233398,149448,0.0,0.0
FCL.NS,2020-03-19 00:00:00+05:30,15.153667268550944,15.153667268550944,13.62846121097021,14.51406478881836,192397,0.0,0.0
FCL.NS,2020-03-20 00:00:00+05:30,14.514065313455655,16.088472773672983,14.514065313455655,15.10446834564209,207823,0.0,0.0
FCL.NS,2020-03-23 00:00:00+05:30,13.821082048514443,14.808302194836903,13.080666938772598,13.722359657287598,193083,4.3286,0.0
FCL.NS,2020-03-24 00:00:00+05:30,13.96916555375889,15.301913209927875,13.327472795743633,13.524916648864746,72594,0.0,0.0
FCL.NS,2020-03-25 00:00:00+05:30,13.821083098427401,14.117249353119588,12.290891567089911,13.870444297790527,141094,0.0,0.0
FCL.NS,2020-03-26 00:00:00+05:30,14.758940569842107,14.907024152374184,13.524915422840484,14.56149673461914,174390,0.0,0.0
FCL.NS,2020-03-27 00:00:00+05:30,15.055107927322387,15.647440419090344,13.919805083168104,14.808302879333496,162047,0.0,0.0
FCL.NS,2020-03-30 00:00:00+05:30,14.018526077270508,15.252551276704294,13.870443429933058,14.018526077270508,117906,0.0,0.0
FCL.NS,2020-03-31 00:00:00+05:30,14.758940534485344,14.808301728544452,14.166609030235447,14.51213550567627,91295,0.0,0.0
FCL.NS,2020-04-01 00:00:00+05:30,15.203190642850359,15.499356889968023,14.56149789200087,14.907025337219238,96420,0.0,0.0
FCL.NS,2020-04-03 00:00:00+05:30,15.203189046066067,17.67123927701747,14.808301385708422,16.832101821899414,451772,0.0,0.0
FCL.NS,2020-04-07 00:00:00+05:30,17.819321990226673,19.941846704269484,17.819321990226673,19.744401931762695,513041,0.0,0.0
FCL.NS,2020-04-08 00:00:00+05:30,20.63290039591318,21.521398138708875,17.572517608085377,20.87970542907715,501937,0.0,0.0
FCL.NS,2020-04-09 00:00:00+05:30,21.62011985174443,22.952867365702378,21.274592439537127,22.755422592163086,297356,0.0,0.0
FCL.NS,2020-04-13 00:00:00+05:30,22.952866796446557,23.397116584405637,21.22523166123015,21.91628646850586,243301,0.0,0.0
FCL.NS,2020-04-15 00:00:00+05:30,22.015008299105652,22.656702894452273,20.484817840139822,21.027788162231445,161474,0.0,0.0
FCL.NS,2020-04-16 00:00:00+05:30,20.43545792718994,21.718843373334117,19.744403066667378,21.57076072692871,115387,0.0,0.0
FCL.NS,2020-04-17 00:00:00+05:30,22.015008754076753,22.508618832715,20.87970594980338,21.718843460083008,81651,0.0,0.0
FCL.NS,2020-04-20 00:00:00+05:30,23.199674296337975,23.199674296337975,22.06437146268626,22.65670394897461,140006,0.0,0.0
FCL.NS,2020-04-21 00:00:00+05:30,23.199675811004223,23.199675811004223,21.71884544008906,21.866928100585938,86143,0.0,0.0
FCL.NS,2020-04-22 00:00:00+05:30,21.76820520374821,21.91628974384739,20.731624720892825,20.92906951904297,115601,0.0,0.0
FCL.NS,2020-04-23 00:00:00+05:30,21.02778853303302,22.0643708248137,20.97842827850809,21.620121002197266,91463,0.0,0.0
FCL.NS,2020-04-24 00:00:00+05:30,21.2252328521013,21.521398138708875,20.73162278577336,20.87970542907715,79574,0.0,0.0
FCL.NS,2020-04-27 00:00:00+05:30,21.66948144918923,22.064369103501264,20.879704257592294,21.91628646850586,647378,0.0,0.0
FCL.NS,2020-04-28 00:00:00+05:30,22.015008337594114,24.088171005249023,22.015008337594114,24.088171005249023,375683,0.0,0.0
FCL.NS,2020-04-29 00:00:00+05:30,25.569001355138372,26.35877860018805,24.186893530017674,24.285615921020508,426766,0.0,0.0
FCL.NS,2020-04-30 00:00:00+05:30,25.075392695886745,26.70430564880371,23.693284792895778,26.70430564880371,905794,0.0,0.0
FCL.NS,2020-05-04 00:00:00+05:30,27.642165222112347,29.36980054849437,26.852389826098367,29.3204402923584,1608671,0.0,0.0
FCL.NS,2020-05-05 00:00:00+05:30,30.406380160859282,30.751907593295346,27.888969507203566,28.037052154541016,1065793,0.0,0.0
FCL.NS,2020-05-06 00:00:00+05:30,28.925547047532483,29.07363156312946,26.654941659368042,26.803024291992188,299939,0.0,0.0
FCL.NS,2020-05-07 00:00:00+05:30,27.296638044026967,27.54344309303801,25.470280304750617,26.50686264038086,416750,0.0,0.0
FCL.NS,2020-05-08 00:00:00+05:30,26.75366756393526,27.296637916024157,25.914530024638076,26.309417724609375,145657,0.0,0.0
FCL.NS,2020-05-11 00:00:00+05:30,26.40813760850036,27.0498302952899,25.17411248660782,25.420917510986328,195823,0.0,0.0
FCL.NS,2020-05-12 00:00:00+05:30,25.66772390833459,25.76644629996125,24.236253937180575,24.532421112060547,146763,0.0,0.0
FCL.NS,2020-05-13 00:00:00+05:30,25.667722725243237,25.717082977294922,23.890727289761717,25.717082977294922,211693,0.0,0.0
FCL.NS,2020-05-14 00:00:00+05:30,25.66772284274144,26.161332897409544,24.68050273340523,25.86516761779785,146661,0.0,0.0
FCL.NS,2020-05-15 00:00:00+05:30,25.66772489727668,26.35877978231567,25.22347505932689,26.161334991455078,134959,0.0,0.0
FCL.NS,2020-05-18 00:00:00+05:30,25.519641682316998,26.408139455631485,24.877948950643923,25.223474502563477,110405,0.0,0.0
FCL.NS,2020-05-19 00:00:00+05:30,25.174113674100028,25.618363492126285,23.989448748012006,24.285615921020508,171709,0.0,0.0
FCL.NS,2020-05-20 00:00:00+05:30,23.989448388646654,25.075390907464268,23.397117817448834,23.742643356323242,105945,0.0,0.0
FCL.NS,2020-05-21 00:00:00+05:30,23.643922690055298,24.137532751367743,23.298395270542,23.495838165283203,95976,0.0,0.0
FCL.NS,2020-05-22 00:00:00+05:30,23.495837909241008,23.79200507258481,22.706062572936727,23.100950241088867,95564,0.0,0.0
FCL.NS,2020-05-26 00:00:00+05:30,23.100952752765025,24.236255628254312,22.70606504167829,24.1868953704834,225586,0.0,0.0
FCL.NS,2020-05-27 00:00:00+05:30,25.026029610842897,25.223472498686373,23.10094968578849,25.075389862060547,316803,0.0,0.0
FCL.NS,2020-05-28 00:00:00+05:30,25.865169333721937,26.062612238904006,25.322197107781886,25.569002151489258,152969,0.0,0.0
FCL.NS,2020-05-29 00:00:00+05:30,25.569002581048288,26.506862516081565,25.272837276813085,26.309417724609375,177268,0.0,0.0
FCL.NS,2020-06-01 00:00:00+05:30,26.75366460135462,27.592802047729492,26.605581965635025,27.592802047729492,306762,0.0,0.0
FCL.NS,2020-06-02 00:00:00+05:30,28.48130127153937,28.629383915195785,26.70430389874343,26.951108932495117,340962,0.0,0.0
FCL.NS,2020-06-03 00:00:00+05:30,27.247277787413996,27.888970538248095,26.408140244181823,26.50686264038086,216212,0.0,0.0
FCL.NS,2020-06-04 00:00:00+05:30,27.04983100097092,27.099193136918128,25.963888488780633,26.45749855041504,151550,0.0,0.0
FCL.NS,2020-06-05 00:00:00+05:30,26.90174863543935,27.642163735497313,26.358778315252696,26.852388381958008,246704,0.0,0.0
FCL.NS,2020-06-08 00:00:00+05:30,27.642163331997473,27.79024597325287,25.963888376508446,26.260055541992188,409197,0.0,0.0
FCL.NS,2020-06-09 00:00:00+05:30,26.161333577678906,28.530661525100516,25.766445900270803,26.951108932495117,404952,0.0,0.0
FCL.NS,2020-06-10 00:00:00+05:30,26.95111069872971,27.74088798827676,26.55622299544273,26.70430564880371,255626,0.0,0.0
FCL.NS,2020-06-11 00:00:00+05:30,26.704303204355288,26.85238772713406,25.717083095019078,25.86516761779785,169659,0.0,0.0
FCL.NS,2020-06-12 00:00:00+05:30,24.483057846273613,26.16133277765176,24.38433734217024,25.717082977294922,216784,0.0,0.0
FCL.NS,2020-06-15 00:00:00+05:30,26.506860571742163,26.506860571742163,25.71708334675847,26.260055541992188,111383,0.0,0.0
FCL.NS,2020-06-16 00:00:00+05:30,26.260057027059123,27.049832413733498,25.124754202599817,25.569002151489258,221475,0.0,0.0
FCL.NS,2020-06-17 00:00:00+05:30,25.569000338166948,26.260055164728048,25.37155744698729,25.717082977294922,127659,0.0,0.0
FCL.NS,2020-06-18 00:00:00+05:30,26.309419433382573,26.60558663982665,25.51964398214477,25.914531707763672,229392,0.0,0.0
FCL.NS,2020-06-19 00:00:00+05:30,27.444718744955477,27.444718744955477,26.06261094538451,26.55622100830078,224426,0.0,0.0
FCL.NS,2020-06-22 00:00:00+05:30,26.95111069872971,27.346000284989785,25.96389049902572,26.70430564880371,237763,0.0,0.0
FCL.NS,2020-06-23 00:00:00+05:30,27.099193769740733,27.59280384290196,26.85238873316012,27.444719314575195,271540,0.0,0.0
FCL.NS,2020-06-24 00:00:00+05:30,27.987689118931012,28.03704936881478,26.654941659368042,26.803024291992188,225447,0.0,0.0
FCL.NS,2020-06-25 00:00:00+05:30,27.049833057732645,27.049833057732645,26.062612859399533,26.6055850982666,118404,0.0,0.0
FCL.NS,2020-06-26 00:00:00+05:30,26.852388403705245,27.839608537915392,26.704303877195343,26.901748657226562,123777,0.0,0.0
FCL.NS,2020-06-29 00:00:00+05:30,27.345999905141557,27.345999905141557,25.717085091877852,26.062612533569336,129381,0.0,0.0
FCL.NS,2020-06-30 00:00:00+05:30,26.11197280883789,27.34599795324473,25.96388828513072,26.11197280883789,166505,0.0,0.0
FCL.NS,2020-07-01 00:00:00+05:30,26.11197280883789,26.55622073104059,25.914528032543622,26.11197280883789,144112,0.0,0.0
FCL.NS,2020-07-02 00:00:00+05:30,26.556221255087014,27.395358746437346,26.161333577678906,26.951108932495117,200064,0.0,0.0
FCL.NS,2020-07-03 00:00:00+05:30,27.296635566851084,28.974910501011593,27.148552927477606,28.629383087158203,869101,0.0,0.0
FCL.NS,2020-07-06 00:00:00+05:30,29.271076869034996,31.492322191215994,29.07363397018048,30.307659149169922,1308771,0.0,0.0
FCL.NS,2020-07-07 00:00:00+05:30,30.70254698584648,31.3935999598079,30.15957477454858,30.55446434020996,507905,0.0,0.0
FCL.NS,2020-07-08 00:00:00+05:30,31.294882393056287,33.56548819417913,30.949354932109806,32.43018341064453,2974361,0.0,0.0
FCL.NS,2020-07-09 00:00:00+05:30,33.26932035050307,33.71357017843386,31.04807497679517,31.49232292175293,931886,0.0,0.0
FCL.NS,2020-07-10 00:00:00+05:30,31.294879383063716,31.34423963717716,29.91276967221137,30.45574188232422,299811,0.0,0.0
FCL.NS,2020-07-13 00:00:00+05:30,30.850627798991795,33.46676254272461,30.70254516215121,33.46676254272461,1301623,0.0,0.0
FCL.NS,2020-07-14 00:00:00+05:30,34.15781697533508,35.53992674397941,32.035295832137336,32.67698669433594,2762353,0.0,0.0
FCL.NS,2020-07-15 00:00:00+05:30,30.89998912122151,31.689764467058797,29.419158935546875,29.419158935546875,969582,0.0,0.0
FCL.NS,2020-07-16 00:00:00+05:30,29.12299328312826,30.4557408099677,26.85238778034472,28.826828002929688,839817,0.0,0.0
FCL.NS,2020-07-17 00:00:00+05:30,28.82683115392865,29.122996466500418,27.346000825123543,27.642166137695312,462146,0.0,0.0
FCL.NS,2020-07-20 00:00:00+05:30,28.62938550648495,30.406381095077545,27.83961010777115,29.51788330078125,684018,0.0,0.0
FCL.NS,2020-07-21 00:00:00+05:30,29.665963709661543,30.159573767279692,28.728105729970824,29.02427101135254,311812,0.0,0.0
FCL.NS,2020-07-22 00:00:00+05:30,29.172353558631617,30.50510108652766,28.530660862377353,28.876188278198242,402345,0.0,0.0
FCL.NS,2020-07-23 00:00:00+05:30,29.221717643984977,29.764687988669564,28.82682994939864,28.92555046081543,306619,0.0,0.0
FCL.NS,2020-07-24 00:00:00+05:30,28.728107152370505,28.876189800393302,27.64216459524829,28.2344970703125,314865,0.0,0.0
FCL.NS,2020-07-27 00:00:00+05:30,29.32043880968875,30.307658946271225,28.7774666047846,30.011491775512695,691301,0.0,0.0
FCL.NS,2020-07-28 00:00:00+05:30,30.603824982415873,32.67698581355595,30.3570199422351,31.196157455444336,1086165,0.0,0.0
FCL.NS,2020-07-29 00:00:00+05:30,31.591045163786408,32.430180794571065,30.80126978788096,31.24551773071289,362169,0.0,0.0
FCL.NS,2020-07-30 00:00:00+05:30,31.59104451209368,31.739129039622508,29.863409265338557,30.20893669128418,347538,0.0,0.0
FCL.NS,2020-07-31 00:00:00+05:30,30.45574135965924,30.45574135965924,29.122993808765223,29.665964126586914,279416,0.0,0.0
FCL.NS,2020-08-03 00:00:00+05:30,29.46852296293628,30.357020754774076,28.728107822575936,29.369800567626953,266181,0.0,0.0
FCL.NS,2020-08-04 00:00:00+05:30,29.517881483814904,30.159574191142255,28.974911165993213,29.665964126586914,213453,0.0,0.0
FCL.NS,2020-08-05 00:00:00+05:30,29.66596595266845,30.011493395720645,29.02427320584185,29.51788330078125,152398,0.0,0.0
FCL.NS,2020-08-06 00:00:00+05:30,29.51788336287682,30.011493458854602,29.320440454269555,29.616605758666992,190171,0.0,0.0
FCL.NS,2020-08-07 00:00:00+05:30,29.91277021777962,33.76293036398572,29.91277021777962,31.393600463867188,1146503,0.0,0.0
FCL.NS,2020-08-10 00:00:00+05:30,31.78849010136447,31.78849010136447,31.146795487025983,31.49232292175293,290489,0.0,0.0
FCL.NS,2020-08-11 00:00:00+05:30,31.78849003586896,32.380820627925566,30.949352519824735,31.393600463867188,262702,0.0,0.0
FCL.NS,2020-08-12 00:00:00+05:30,31.393600508427575,31.73912982590609,31.294879998260036,31.442962646484375,188767,0.0,0.0
FCL.NS,2020-08-13 00:00:00+05:30,31.887205842095497,33.3186756220079,31.44295796358571,32.82506561279297,640370,0.0,0.0
FCL.NS,2020-08-14 00:00:00+05:30,32.67698609953884,33.0718756736625,31.39360063255608,31.68976593017578,422482,0.0,0.0
FCL.NS,2020-08-17 00:00:00+05:30,31.689766432495485,32.874431407698694,31.689766432495485,32.47954559326172,306803,0.0,0.0
FCL.NS,2020-08-18 00:00:00+05:30,32.479545915375965,33.46676611017832,32.479545915375965,33.071876525878906,425379,0.0,0.0
FCL.NS,2020-08-19 00:00:00+05:30,33.417397729495974,33.46676174555515,32.08465214670349,32.38081741333008,254466,0.0,0.0
FCL.NS,2020-08-20 00:00:00+05:30,32.33146009001799,34.8488707331508,32.0846550511629,34.009735107421875,949918,0.0,0.0
FCL.NS,2020-08-21 00:00:00+05:30,34.750150530534235,36.52714607277744,34.05909566245464,34.50334548950195,1283550,0.0,0.0
FCL.NS,2020-08-24 00:00:00+05:30,34.453984617663394,35.391840744039,33.26931968872801,33.5161247253418,437248,0.0,0.0
FCL.NS,2020-08-25 00:00:00+05:30,33.56548629039608,34.404621941277526,32.183376525001314,32.47954559326172,348447,0.0,0.0
FCL.NS,2020-08-26 00:00:00+05:30,32.775708713554295,33.5654840557956,30.94935111627671,32.13401412963867,642433,0.0,0.0
FCL.NS,2020-08-27 00:00:00+05:30,32.134017794401124,32.77571245149959,31.541687161653563,31.837852478027344,240500,0.0,0.0
FCL.NS,2020-08-28 00:00:00+05:30,31.73912982590609,32.775710246449506,31.245517860203233,31.442962646484375,317468,0.0,0.0
FCL.NS,2020-08-31 00:00:00+05:30,32.676983462426726,33.565483049527835,30.01149035004207,30.702545166015625,487020,0.0,0.0
FCL.NS,2020-09-01 00:00:00+05:30,30.060854046728338,30.505101980395864,29.320438940976143,30.20893669128418,233016,0.0,0.0
FCL.NS,2020-09-02 00:00:00+05:30,31.048076166830313,31.048076166830313,30.110216219906285,30.258298873901367,98573,0.0,0.0
FCL.NS,2020-09-03 00:00:00+05:30,30.801269310037306,31.78848945609013,29.863409418097923,30.45574188232422,320521,0.0,0.0
FCL.NS,2020-09-04 00:00:00+05:30,30.110214755285348,31.492322596966137,29.764687324121898,30.949352264404297,168557,0.0,0.0
FCL.NS,2020-09-07 00:00:00+05:30,31.393599307938587,33.022514025035846,31.097434022815246,32.52890396118164,317237,0.0,0.0
FCL.NS,2020-09-08 00:00:00+05:30,32.874432933374344,32.874432933374344,31.492324986810143,31.739131927490234,198280,0.0,0.0
FCL.NS,2020-09-09 00:00:00+05:30,31.591043679995586,32.47954328987381,30.30765828368494,31.936569213867188,227318,0.0,0.0
FCL.NS,2020-09-10 00:00:00+05:30,31.93656935259187,32.3808191594607,31.93656935259187,32.13401412963867,133994,0.0,0.0
FCL.NS,2020-09-11 00:00:00+05:30,32.08465383180747,32.33145886128292,31.048073461199795,32.03529357910156,128760,0.0,0.0
FCL.NS,2020-09-14 00:00:00+05:30,32.82507056891283,32.82507056891283,31.34424031768368,31.541685104370117,146634,0.0,0.0
FCL.NS,2020-09-15 00:00:00+05:30,32.035293717252046,32.47954352541282,31.344238878551494,32.23273849487305,157486,0.0,0.0
FCL.NS,2020-09-16 00:00:00+05:30,32.23273666298963,32.5782621797297,31.591042113677283,32.38081741333008,172898,0.0,0.0
FCL.NS,2020-09-17 00:00:00+05:30,32.57826585036058,32.57826585036058,31.640405928751886,32.08465576171875,122257,0.0,0.0
FCL.NS,2020-09-18 00:00:00+05:30,31.936569489622205,32.82506910717214,31.887209236635186,32.331459045410156,200386,0.0,0.0
FCL.NS,2020-09-21 00:00:00+05:30,32.57826523553757,32.77571002045731,30.653185172975693,31.097434997558594,250325,0.0,0.0
FCL.NS,2020-09-22 00:00:00+05:30,31.09743664623111,31.393601956339303,29.27107887930228,30.653186798095703,159119,0.0,0.0
FCL.NS,2020-09-23 00:00:00+05:30,30.60382489800082,31.393600271211636,30.455742250895423,31.04807472229004,124270,0.0,0.0
FCL.NS,2020-09-24 00:00:00+05:30,30.998713779936047,30.998713779936047,29.616605882035667,29.814050674438477,106713,0.0,0.0
FCL.NS,2020-09-25 00:00:00+05:30,30.01149273406213,32.57826554775238,29.567244788194785,31.591045379638672,244060,0.0,0.0
FCL.NS,2020-09-28 00:00:00+05:30,32.578267634652,32.67698815140878,31.393602603839028,31.78849220275879,96477,0.0,0.0
FCL.NS,2020-09-29 00:00:00+05:30,31.54168505984137,32.380820694641486,31.29488001831827,31.49232292175293,82302,0.0,0.0
FCL.NS,2020-09-30 00:00:00+05:30,31.93657078027247,31.93657078027247,31.146795402725335,31.344240188598633,52773,0.0,0.0
FCL.NS,2020-10-01 00:00:00+05:30,31.49232142869599,33.31867902597357,31.393599040172592,32.13401412963867,278931,0.0,0.0
FCL.NS,2020-10-05 00:00:00+05:30,32.97315555749936,33.07187606923804,32.084655888066756,32.282100677490234,193267,0.0,0.0
FCL.NS,2020-10-06 00:00:00+05:30,32.77570866752789,32.77570866752789,31.73912829692021,32.03529357910156,115678,0.0,0.0
FCL.NS,2020-10-07 00:00:00+05:30,32.3314605466402,32.3314605466402,31.492323026086993,31.68976593017578,52275,0.0,0.0
FCL.NS,2020-10-08 00:00:00+05:30,31.837849960327148,32.03529474427807,30.603824768066406,30.850629806518555,189028,0.0,0.0
FCL.NS,2020-10-09 00:00:00+05:30,30.603823564995725,32.47954328987381,30.603823564995725,31.936569213867188,117239,0.0,0.0
FCL.NS,2020-10-12 00:00:00+05:30,32.331460037231444,32.47954456668114,30.65318502256763,30.850629806518555,112235,0.0,0.0
FCL.NS,2020-10-13 00:00:00+05:30,31.196158964055417,31.492324273405355,30.357021410266437,30.505104064941406,89168,0.0,0.0
FCL.NS,2020-10-14 00:00:00+05:30,30.949352022898346,30.949352022898346,30.307659303158097,30.55446434020996,51301,0.0,0.0
FCL.NS,2020-10-15 00:00:00+05:30,30.89998961329521,31.146794648171287,29.96213161054992,30.159574508666992,59638,0.0,0.0
FCL.NS,2020-10-16 00:00:00+05:30,30.899989499536698,30.949351636113978,29.76468671988098,29.96213150024414,80963,0.0,0.0
FCL.NS,2020-10-19 00:00:00+05:30,30.110211950688385,30.603821982666883,29.41915715272935,29.567241668701172,111107,0.0,0.0
FCL.NS,2020-10-20 00:00:00+05:30,29.419158843904164,30.06085342874261,29.02427117221562,29.271076202392578,69538,0.0,0.0
FCL.NS,2020-10-21 00:00:00+05:30,29.172355695469427,29.814050321699934,28.925550649372482,29.221717834472656,128009,0.0,0.0
FCL.NS,2020-10-22 00:00:00+05:30,29.073635406280665,29.91277106306443,29.073635406280665,29.616605758666992,58954,0.0,0.0
FCL.NS,2020-10-23 00:00:00+05:30,30.060853822273923,30.11021407576632,29.46852136550032,29.8634090423584,32757,0.0,0.0
FCL.NS,2020-10-26 00:00:00+05:30,30.50510161292559,30.50510161292559,29.320438587776543,29.665964126586914,51337,0.0,0.0
FCL.NS,2020-10-27 00:00:00+05:30,30.307660646225123,30.307660646225123,29.369800710678103,29.616605758666992,26171,0.0,0.0
FCL.NS,2020-10-28 00:00:00+05:30,29.61660467732985,32.47954463585015,29.61660467732985,30.949352264404297,252667,0.0,0.0
FCL.NS,2020-10-29 00:00:00+05:30,30.998712119620215,31.541684328159366,30.011491976428662,30.307659149169922,97683,0.0,0.0
FCL.NS,2020-10-30 00:00:00+05:30,30.65318633471768,30.899991383734644,29.71532827823707,29.814050674438477,59366,0.0,0.0
FCL.NS,2020-11-02 00:00:00+05:30,31.541682544310113,31.78848756614987,30.208935049780848,30.603822708129883,204924,0.0,0.0
FCL.NS,2020-11-03 00:00:00+05:30,31.09743301850134,35.34247867736157,30.20893530885303,30.99871063232422,739192,0.0,0.0
FCL.NS,2020-11-04 00:00:00+05:30,30.99871030103714,34.35525821437721,30.99871030103714,33.269317626953125,1179872,0.0,0.0
FCL.NS,2020-11-05 00:00:00+05:30,33.96037855217009,35.539929466526004,32.08465854616931,33.812294006347656,978496,0.0,0.0
FCL.NS,2020-11-06 00:00:00+05:30,34.10845399704137,38.995194287528406,33.56548369053078,37.36627960205078,2834092,0.0,0.0
FCL.NS,2020-11-09 00:00:00+05:30,38.15606131945632,40.476027227327116,37.26756165442924,38.40286636352539,2999594,0.0,0.0
FCL.NS,2020-11-10 00:00:00+05:30,38.50158275257457,38.64966726953968,34.89822798858354,35.29311752319336,650399,0.0,0.0
FCL.NS,2020-11-11 00:00:00+05:30,35.29312295711858,36.872673806862856,32.77571214273714,34.750152587890625,417597,0.0,0.0
FCL.NS,2020-11-12 00:00:00+05:30,35.293121028219815,38.40286606575608,34.60206615699553,37.90925598144531,771849,0.0,0.0
FCL.NS,2020-11-13 00:00:00+05:30,37.71180644949661,39.982411798441184,37.0701119142545,39.24199676513672,719344,0.0,0.0
FCL.NS,2020-11-14 00:00:00+05:30,39.98241760902659,40.13050214358663,38.74839237418009,39.19264221191406,161365,0.0,0.0
FCL.NS,2020-11-17 00:00:00+05:30,39.192642774037736,41.21644343502329,38.94583772352861,40.17986297607422,832020,0.0,0.0
FCL.NS,2020-11-18 00:00:00+05:30,40.476025048100716,41.36452466529104,37.56372493169453,38.15605926513672,672713,0.0,0.0
FCL.NS,2020-11-19 00:00:00+05:30,38.254779771070794,39.63688944982333,37.465004425760455,38.15605926513672,290551,0.0,0.0
FCL.NS,2020-11-20 00:00:00+05:30,38.40286584352319,38.74839139416277,37.514366190527014,37.61308670043945,233775,0.0,0.0
FCL.NS,2020-11-23 00:00:00+05:30,37.909251910473095,43.9312927859953,36.773947332097194,42.94407272338867,3022453,0.0,0.0
FCL.NS,2020-11-24 00:00:00+05:30,43.931296731136804,46.39934710929056,42.1543012120553,43.04279708862305,1776306,0.0,0.0
FCL.NS,2020-11-25 00:00:00+05:30,43.437683263068976,43.58576778057136,40.22921802204684,40.92027282714844,568886,0.0,0.0
FCL.NS,2020-11-26 00:00:00+05:30,41.561965133549116,44.22746018431083,41.26579985367467,43.190879821777344,827361,0.0,0.0
FCL.NS,2020-11-27 00:00:00+05:30,43.19088139903313,43.73385172628892,42.30238176101748,42.647911071777344,346504,0.0,0.0
FCL.NS,2020-12-01 00:00:00+05:30,42.6479096524915,44.32618459847729,42.6479096524915,43.38832473754883,518144,0.0,0.0
FCL.NS,2020-12-02 00:00:00+05:30,44.227463364225635,44.32618764191254,41.759412911244894,42.00621795654297,361657,0.0,0.0
FCL.NS,2020-12-03 00:00:00+05:30,42.64791480407396,43.4376902370122,42.25302520463169,42.549190521240234,239972,0.0,0.0
FCL.NS,2020-12-04 00:00:00+05:30,43.24023798898153,43.63512752040245,42.64790745779581,42.94407272338867,541382,0.0,0.0
FCL.NS,2020-12-07 00:00:00+05:30,42.450464876620366,44.22746032756879,42.450464876620366,43.38832473754883,578430,0.0,0.0
FCL.NS,2020-12-08 00:00:00+05:30,44.07938489461932,44.07938489461932,41.956859888023146,42.549190521240234,416455,0.0,0.0
FCL.NS,2020-12-09 00:00:00+05:30,42.94407966488698,47.58401546232839,42.49982981171613,45.16532516479492,1257333,0.0,0.0
FCL.NS,2020-12-10 00:00:00+05:30,48.12697975380907,54.19838485989869,47.386564680673544,50.841835021972656,2955578,0.0,0.0
FCL.NS,2020-12-11 00:00:00+05:30,51.92777862756087,55.08688387559049,48.719313124988574,49.4597282409668,1629604,0.0,0.0
FCL.NS,2020-12-14 00:00:00+05:30,49.657170946760885,51.28608564011572,47.43592569179294,49.212921142578125,449465,0.0,0.0
FCL.NS,2020-12-15 00:00:00+05:30,49.361006573932926,51.779696649244826,48.423146695839016,50.59503173828125,738017,0.0,0.0
FCL.NS,2020-12-16 00:00:00+05:30,51.08864115824532,54.29710654499503,50.397586321756215,52.520111083984375,641653,0.0,0.0
FCL.NS,2020-12-17 00:00:00+05:30,52.915001856588084,52.915001856588084,50.940561432596795,51.1873664855957,634564,0.0,0.0
FCL.NS,2020-12-18 00:00:00+05:30,51.335449792362155,51.97714442114515,47.38656903910353,49.01548385620117,361021,0.0,0.0
FCL.NS,2020-12-21 00:00:00+05:30,48.37378985113847,50.84184035374758,43.092163281933466,43.4870491027832,587631,0.0,0.0
FCL.NS,2020-12-22 00:00:00+05:30,43.93129591200709,45.80701567080824,40.72283048023129,44.77043151855469,681760,0.0,0.0
FCL.NS,2020-12-23 00:00:00+05:30,45.658928899481744,50.59502932104734,44.474264045116854,49.8546142578125,926576,0.0,0.0
FCL.NS,2020-12-24 00:00:00+05:30,50.446947342788974,50.496311362247454,41.01899581594786,47.781455993652344,616186,0.0,0.0
FCL.NS,2020-12-28 00:00:00+05:30,49.1142037845116,56.86388066423197,43.43768776921629,54.445194244384766,4274787,0.0,0.0
FCL.NS,2020-12-29 00:00:00+05:30,59.23320949958336,65.30461497966907,57.25876918293058,65.20589447021484,9777722,0.0,0.0
FCL.NS,2020-12-30 00:00:00+05:30,66.53864070100614,69.00669111623714,59.33193047577477,62.98464584350586,5111429,0.0,0.0
FCL.NS,2020-12-31 00:00:00+05:30,64.31738570708383,68.0688172579827,63.18208117951128,65.65013122558594,1967533,0.0,0.0
FCL.NS,2021-01-01 00:00:00+05:30,65.99566980401953,66.39055939602494,64.26803442940178,65.10717010498047,792595,0.0,0.0
FCL.NS,2021-01-04 00:00:00+05:30,64.81100527681089,64.81100527681089,61.60253974362117,62.787200927734375,885685,0.0,0.0
FCL.NS,2021-01-05 00:00:00+05:30,62.09614827519595,66.24246984795641,60.86212310093487,63.23145294189453,1509799,0.0,0.0
FCL.NS,2021-01-06 00:00:00+05:30,64.11994583968365,65.15653001171779,61.01020462141928,61.503814697265625,998411,0.0,0.0
FCL.NS,2021-01-07 00:00:00+05:30,62.73783819924687,63.034003483598696,61.3063682646095,61.849342346191406,347965,0.0,0.0
FCL.NS,2021-01-08 00:00:00+05:30,63.03400834892317,63.03400834892317,59.52937738736972,60.22043228149414,502823,0.0,0.0
FCL.NS,2021-01-11 00:00:00+05:30,60.220428942370816,61.7506194164058,56.27154835598584,57.90046310424805,679458,0.0,0.0
FCL.NS,2021-01-12 00:00:00+05:30,59.72682402854742,63.67570495605469,58.295353939136774,63.67570495605469,1457959,0.0,0.0
FCL.NS,2021-01-13 00:00:00+05:30,64.46548102913634,64.95909112114538,61.20765140911983,61.65190124511719,587008,0.0,0.0
FCL.NS,2021-01-14 00:00:00+05:30,61.306370345951386,63.87314125206987,60.22042967781188,62.19486999511719,287689,0.0,0.0
FCL.NS,2021-01-15 00:00:00+05:30,62.984642902536706,62.984642902536706,60.36851184411562,61.35573196411133,249719,0.0,0.0
FCL.NS,2021-01-18 00:00:00+05:30,61.701265062829286,67.08161236355092,59.23321446031612,64.86036682128906,1120823,0.0,0.0
FCL.NS,2021-01-19 00:00:00+05:30,65.45270108696914,69.10541274803705,62.688481564290754,67.97010803222656,2247137,0.0,0.0
FCL.NS,2021-01-20 00:00:00+05:30,67.1309752842844,68.85861067762997,63.42889944140108,66.29183959960938,1135447,0.0,0.0
FCL.NS,2021-01-21 00:00:00+05:30,66.83480901562488,67.08161408219941,64.02123276305386,64.21868133544922,568704,0.0,0.0
FCL.NS,2021-01-22 00:00:00+05:30,65.10716413364938,67.62457846139223,63.18208790553435,64.66291809082031,655753,0.0,0.0
FCL.NS,2021-01-25 00:00:00+05:30,69.10541080366401,69.30285182177481,64.16931003197372,64.81100463867188,1132609,0.0,0.0
FCL.NS,2021-01-27 00:00:00+05:30,65.05780859889968,65.05780859889968,62.2442289461047,63.132728576660156,327381,0.0,0.0
FCL.NS,2021-01-28 00:00:00+05:30,62.19486688134506,64.07058659525603,59.33192705820639,63.28080749511719,504863,0.0,0.0
FCL.NS,2021-01-29 00:00:00+05:30,63.922503933850585,66.63735931328054,61.75061887711744,63.132728576660156,562129,0.0,0.0
FCL.NS,2021-02-01 00:00:00+05:30,63.47826488946839,66.6373666668431,61.651905173105604,65.45270538330078,884537,0.0,0.0
FCL.NS,2021-02-02 00:00:00+05:30,65.45269870673113,66.14374979632399,63.08336884943963,64.02122497558594,581864,0.0,0.0
FCL.NS,2021-02-03 00:00:00+05:30,64.51483941233289,65.74886467856685,63.18209363117871,64.90972900390625,1005773,0.0,0.0
FCL.NS,2021-02-04 00:00:00+05:30,64.36675176380473,71.37602096283972,63.97186972320456,69.20413208007812,2790743,0.0,0.0
FCL.NS,2021-02-05 00:00:00+05:30,69.99390585673089,70.98112594629863,66.14374600103841,66.93352508544922,557484,0.0,0.0
FCL.NS,2021-02-08 00:00:00+05:30,66.93352546732466,69.00668616086658,66.29183089906626,67.5258560180664,403080,0.0,0.0
FCL.NS,2021-02-09 00:00:00+05:30,66.98288071861471,69.1054053905602,66.98288071861471,68.56243133544922,775929,0.0,0.0
FCL.NS,2021-02-10 00:00:00+05:30,68.61179661640821,69.9939062560667,67.18033049112468,67.5258560180664,534495,0.0,0.0
FCL.NS,2021-02-11 00:00:00+05:30,68.51308063779985,69.99391087839253,67.22969141652935,68.61180114746094,593282,0.0,0.0
FCL.NS,2021-02-12 00:00:00+05:30,69.20413411217083,73.05429437621467,68.11819340484882,72.75812530517578,1261872,0.0,0.0
FCL.NS,2021-02-15 00:00:00+05:30,73.0542919250698,74.04151208621938,71.22793613332148,71.82026672363281,622101,0.0,0.0
FCL.NS,2021-02-16 00:00:00+05:30,71.27729557122741,72.41260030989928,69.20413465341798,70.33943939208984,380616,0.0,0.0
FCL.NS,2021-02-17 00:00:00+05:30,69.99390896182076,72.01770571607994,69.59901940209716,71.67218017578125,455068,0.0,0.0
FCL.NS,2021-02-18 00:00:00+05:30,72.65939745999829,75.42361673778012,71.37601585608583,73.15300750732422,634778,0.0,0.0
FCL.NS,2021-02-19 00:00:00+05:30,71.62281499446384,73.7453319980437,68.4143499504866,70.2900619506836,402743,0.0,0.0
FCL.NS,2021-02-22 00:00:00+05:30,69.59902275960029,70.58624294058752,67.13097230713218,67.77266693115234,340139,0.0,0.0
FCL.NS,2021-02-23 00:00:00+05:30,68.1181876046317,69.99390732041294,67.62457754952567,69.10540771484375,218284,0.0,0.0
FCL.NS,2021-02-24 00:00:00+05:30,69.79646477776814,70.98113353097187,68.90797262773079,69.5496597290039,97776,0.0,0.0
FCL.NS,2021-02-25 00:00:00+05:30,70.09263049829757,70.931766117603,68.61180027650255,70.24071502685547,229639,0.0,0.0
FCL.NS,2021-02-26 00:00:00+05:30,69.10541087942778,69.99391052568454,67.2296910777506,68.01947021484375,377338,0.0,0.0
FCL.NS,2021-03-01 00:00:00+05:30,68.16756804294207,69.10542436079545,67.62459383877841,67.87139892578125,223643,0.0,0.0
FCL.NS,2021-03-02 00:00:00+05:30,69.00669521772382,70.29007699078782,64.21867863397323,66.29183959960938,454196,0.0,0.0
FCL.NS,2021-03-03 00:00:00+05:30,67.13097558954105,67.87139076148452,66.1437553602831,66.88417053222656,288379,0.0,0.0
FCL.NS,2021-03-04 00:00:00+05:30,66.48928123117554,68.61180623994072,65.45270450495951,67.47650146484375,770513,0.0,0.0
FCL.NS,2021-03-05 00:00:00+05:30,68.51307611326652,68.51307611326652,65.6995003483245,67.5258560180664,341522,0.0,0.0
FCL.NS,2021-03-08 00:00:00+05:30,67.13097146186686,68.41436069374765,66.24247180378725,66.39055633544922,529538,0.0,0.0
FCL.NS,2021-03-09 00:00:00+05:30,66.39055564744969,67.08160674552133,65.15653044954169,65.20589447021484,196427,0.0,0.0
FCL.NS,2021-03-10 00:00:00+05:30,66.09438658719493,66.83480170593973,63.97186927230686,65.20589447021484,323476,0.0,0.0
FCL.NS,2021-03-12 00:00:00+05:30,66.14374545204964,66.63735549273659,63.08336470616893,63.428890228271484,291473,0.0,0.0
FCL.NS,2021-03-15 00:00:00+05:30,64.46547727644732,64.51483376363969,59.825538162528964,62.046783447265625,395503,0.0,0.0
FCL.NS,2021-03-16 00:00:00+05:30,62.19487086704799,63.47826010404554,60.02298573437456,60.46723556518555,417859,0.0,0.0
FCL.NS,2021-03-17 00:00:00+05:30,60.565955514908666,61.70126020913518,59.33193031072596,59.5787353515625,186032,0.0,0.0
FCL.NS,2021-03-18 00:00:00+05:30,61.05956478870036,61.05956478870036,57.061323933238484,58.29534912109375,386748,0.0,0.0
FCL.NS,2021-03-19 00:00:00+05:30,58.98640384492973,59.233208881937806,55.87665887224959,58.097904205322266,757901,0.0,0.0
FCL.NS,2021-03-22 00:00:00+05:30,59.23320806102206,60.22042819537243,58.245987926671695,59.825538635253906,226468,0.0,0.0
FCL.NS,2021-03-23 00:00:00+05:30,59.825536300643314,62.54039156416327,59.7761760490412,61.99742126464844,308251,0.0,0.0
FCL.NS,2021-03-24 00:00:00+05:30,61.79997690955396,61.79997690955396,59.28256640139125,59.77617645263672,138990,0.0,0.0
FCL.NS,2021-03-25 00:00:00+05:30,59.924267636552365,60.467238000098696,56.37027261289719,57.99918746948242,546764,0.0,0.0
FCL.NS,2021-03-26 00:00:00+05:30,58.245988733905506,59.13448837351297,57.75237865988936,58.097904205322266,368739,0.0,0.0
FCL.NS,2021-03-30 00:00:00+05:30,58.838319069118626,62.19486906470322,58.44343327113254,60.71403884887695,348116,0.0,0.0
FCL.NS,2021-03-31 00:00:00+05:30,60.56595684408623,65.60077828126718,59.48001614695187,64.95909118652344,829355,0.0,0.0
FCL.NS,2021-04-01 00:00:00+05:30,65.84758405487378,67.62458342028043,64.71228685508369,66.34119415283203,535746,0.0,0.0
FCL.NS,2021-04-05 00:00:00+05:30,65.89694872365334,65.89694872365334,62.984648363950576,64.11994934082031,360658,0.0,0.0
FCL.NS,2021-04-06 00:00:00+05:30,64.86037284330729,66.04504176164086,64.41612670636559,65.50206756591797,287963,0.0,0.0
FCL.NS,2021-04-07 00:00:00+05:30,65.5020560808673,66.14375069096403,64.41611541172243,65.40333557128906,271211,0.0,0.0
FCL.NS,2021-04-08 00:00:00+05:30,65.40333876658934,70.98113444702413,65.25525422904121,67.72330474853516,717015,0.0,0.0
FCL.NS,2021-04-09 00:00:00+05:30,68.66116483459372,69.10541089185597,63.182089958268314,65.0084457397461,454533,0.0,0.0
FCL.NS,2021-04-12 00:00:00+05:30,64.16930567833685,64.26802618069445,60.46723035074049,61.207645416259766,310512,0.0,0.0
FCL.NS,2021-04-13 00:00:00+05:30,61.70126182684735,63.428897157999074,61.257011988504814,62.244232177734375,145471,0.0,0.0
FCL.NS,2021-04-15 00:00:00+05:30,61.20765140911983,63.67570186916498,61.059566875138664,61.65190124511719,147909,0.0,0.0
FCL.NS,2021-04-16 00:00:00+05:30,62.09614978552343,64.86036172396537,61.602539703813214,62.688480377197266,234948,0.0,0.0
FCL.NS,2021-04-19 00:00:00+05:30,61.355734366640846,63.626336212406706,60.76340001188163,62.19486999511719,228504,0.0,0.0
FCL.NS,2021-04-20 00:00:00+05:30,62.63911605839709,68.4143558992958,62.63911605839709,67.92074584960938,1401210,0.0,0.0
FCL.NS,2021-04-22 00:00:00+05:30,68.80924826142788,71.5241039429775,67.27906139641739,69.25350189208984,1551717,0.0,0.0
FCL.NS,2021-04-23 00:00:00+05:30,70.58624607097552,70.58624607097552,64.41611966616996,66.29183959960938,642091,0.0,0.0
FCL.NS,2021-04-26 00:00:00+05:30,68.11819401909324,68.51308360674183,65.30461794642221,67.13097381591797,271589,0.0,0.0
FCL.NS,2021-04-27 00:00:00+05:30,68.01946969416294,72.41259633939804,67.22969056311547,70.24071502685547,1343041,0.0,0.0
FCL.NS,2021-04-28 00:00:00+05:30,71.03049695187678,73.74535275316579,70.2407252379104,71.77091217041016,1154415,0.0,0.0
FCL.NS,2021-04-29 00:00:00+05:30,72.11643688302979,73.15301354888813,70.19135302033482,70.38880157470703,552337,0.0,0.0
FCL.NS,2021-04-30 00:00:00+05:30,70.58624475883946,73.05429527488279,70.58624475883946,70.93177032470703,583944,0.0,0.0
FCL.NS,2021-05-03 00:00:00+05:30,70.78368423112721,77.99039459228516,66.3411933999211,77.99039459228516,3289536,0.0,0.0
FCL.NS,2021-05-04 00:00:00+05:30,80.65588171537861,82.82777052339864,76.65764470270285,77.2993392944336,2057442,0.0,0.0
FCL.NS,2021-05-05 00:00:00+05:30,78.38528615900135,83.22266669306059,76.80573532981062,81.54438781738281,1161989,0.0,0.0
FCL.NS,2021-05-06 00:00:00+05:30,82.7784035679749,85.29581782628432,79.96482779991187,81.79118347167969,902730,0.0,0.0
FCL.NS,2021-05-07 00:00:00+05:30,82.92648700420673,82.92648700420673,79.56993721432482,80.21163177490234,617456,0.0,0.0
FCL.NS,2021-05-10 00:00:00+05:30,82.4328879956419,83.91371831891692,80.9520576723669,82.33416748046875,907478,0.0,0.0
FCL.NS,2021-05-11 00:00:00+05:30,81.93928001414824,84.85157671273738,81.49503391839487,82.87713623046875,677730,0.0,0.0
FCL.NS,2021-05-12 00:00:00+05:30,83.91371016889526,84.6047612398824,81.4456598698101,81.74182891845703,369344,0.0,0.0
FCL.NS,2021-05-14 00:00:00+05:30,82.6303349770561,82.82778355351526,77.29935145484065,78.78018188476562,667819,0.0,0.0
FCL.NS,2021-05-17 00:00:00+05:30,80.85333555658463,81.84055575255783,77.10189579912947,79.5699462890625,371646,0.0,0.0
FCL.NS,2021-05-18 00:00:00+05:30,80.1622773926057,83.76563263641735,79.71803131444624,80.35972595214844,497780,0.0,0.0
FCL.NS,2021-05-19 00:00:00+05:30,80.85333703940101,81.88991374504785,78.23720196571469,78.7308120727539,322548,0.0,0.0
FCL.NS,2021-05-20 00:00:00+05:30,77.54614159975463,79.86610732035842,77.54614159975463,78.97760772705078,346833,0.0,0.0
FCL.NS,2021-05-21 00:00:00+05:30,79.96483745685023,83.7162772885706,77.9903970258169,82.33416748046875,837734,0.0,0.0
FCL.NS,2021-05-24 00:00:00+05:30,82.48225129052784,83.81499706332337,80.55716736814098,81.14949798583984,391694,0.0,0.0
FCL.NS,2021-05-25 00:00:00+05:30,82.23544346255412,87.31962133039517,82.08735893015563,86.03623962402344,2528388,0.0,0.0
FCL.NS,2021-05-26 00:00:00+05:30,87.17154100743528,91.51530357961808,86.8753719539265,89.93575286865234,2195896,0.0,0.0
FCL.NS,2021-05-27 00:00:00+05:30,91.12042024902348,91.12042024902348,87.07281172439093,87.96131134033203,648936,0.0,0.0
FCL.NS,2021-05-28 00:00:00+05:30,88.94853714073044,91.0216980223534,86.48048667882397,87.813232421875,567154,0.0,0.0
FCL.NS,2021-05-31 00:00:00+05:30,87.8625999907878,89.83704044001898,86.8753797661722,87.31962585449219,399642,0.0,0.0
FCL.NS,2021-06-01 00:00:00+05:30,88.70172219850197,88.99789123364545,82.92648626833545,84.65412139892578,539303,0.0,0.0
FCL.NS,2021-06-02 00:00:00+05:30,86.23367962130675,92.1076441027743,83.91371374760433,90.6761703491211,2279948,0.0,0.0
FCL.NS,2021-06-03 00:00:00+05:30,91.41659232951028,92.10765101371199,88.84982122278609,89.09662628173828,511158,0.0,0.0
FCL.NS,2021-06-04 00:00:00+05:30,88.84982099155978,90.67617691667442,86.3817704084609,88.70173645019531,738462,0.0,0.0
FCL.NS,2021-06-07 00:00:00+05:30,90.33064479889173,92.79869520323304,89.73831420822823,90.6761703491211,758234,0.0,0.0
FCL.NS,2021-06-08 00:00:00+05:30,89.88639417445519,91.61402936976515,88.35619998870968,89.39278411865234,437816,0.0,0.0
FCL.NS,2021-06-09 00:00:00+05:30,89.83703960238606,94.32889459526235,86.87537895615354,89.14598846435547,1131767,0.0,0.0
FCL.NS,2021-06-10 00:00:00+05:30,90.87362348269656,94.77314030542313,90.03448027739498,91.95956420898438,1779666,0.0,0.0
FCL.NS,2021-06-11 00:00:00+05:30,92.79869759806718,94.03272283208403,90.38001115215107,91.41658782958984,554812,0.0,0.0
FCL.NS,2021-06-14 00:00:00+05:30,91.81147495881251,92.30508503923623,86.87537415457528,90.47872924804688,606438,0.0,0.0
FCL.NS,2021-06-15 00:00:00+05:30,91.31786869141597,92.79869899452001,89.93575890214038,90.38001251220703,366955,0.0,0.0
FCL.NS,2021-06-16 00:00:00+05:30,91.81147160876397,91.81147160876397,88.06003212167064,88.356201171875,408573,0.0,0.0
FCL.NS,2021-06-17 00:00:00+05:30,86.8753747748541,91.81147561433444,86.1843236700837,88.45492553710938,417047,0.0,0.0
FCL.NS,2021-06-18 00:00:00+05:30,88.94853118123466,90.0344718053377,82.92648996403432,87.56642150878906,541752,0.0,0.0
FCL.NS,2021-06-21 00:00:00+05:30,86.03624483320559,90.67617691667442,85.49327069216677,88.70173645019531,375438,0.0,0.0
FCL.NS,2021-06-22 00:00:00+05:30,90.28128883318604,90.33065285843409,87.07282302127444,87.86260223388672,279208,0.0,0.0
FCL.NS,2021-06-23 00:00:00+05:30,89.63959926573233,89.63959926573233,86.48049003283553,86.92474365234375,416451,0.0,0.0
FCL.NS,2021-06-24 00:00:00+05:30,87.76387667509896,91.46595239931382,85.93752082419809,88.9979019165039,886588,0.0,0.0
FCL.NS,2021-06-25 00:00:00+05:30,89.34342571117729,91.81147614518771,89.04725664633916,89.24470520019531,427688,0.0,0.0
FCL.NS,2021-06-28 00:00:00+05:30,90.18255443964941,90.18255443964941,87.36897866692341,87.61578369140625,292969,0.0,0.0
FCL.NS,2021-06-29 00:00:00+05:30,86.87537993136212,88.55365130364277,86.87537993136212,87.51707458496094,201916,0.0,0.0
FCL.NS,2021-06-30 00:00:00+05:30,87.51706988422387,88.20812099289387,85.74007055922648,86.03623962402344,248015,0.0,0.0
FCL.NS,2021-07-01 00:00:00+05:30,86.33240209096003,86.87537620499818,83.51882607251751,84.4073257446289,441475,0.0,0.0
FCL.NS,2021-07-02 00:00:00+05:30,85.14774153634364,88.0600380891776,83.81499578389239,85.59198760986328,456246,0.0,0.0
FCL.NS,2021-07-05 00:00:00+05:30,87.86259354548984,90.82425400207939,86.52984784640294,89.29405975341797,2135638,0.0,0.0
FCL.NS,2021-07-06 00:00:00+05:30,90.23193003624374,91.61403985708408,86.43113367785222,87.31962585449219,792532,0.0,0.0
FCL.NS,2021-07-07 00:00:00+05:30,87.46771056087925,89.343430497594,86.62857487473894,87.51707458496094,313351,0.0,0.0
FCL.NS,2021-07-08 00:00:00+05:30,87.36848687655151,88.75528981502192,85.33781789295915,86.37791442871094,306434,25.971601,0.0
FCL.NS,2021-07-09 00:00:00+05:30,85.28827381551751,89.1019756723051,85.28827381551751,87.91329193115234,333152,0.0,0.0
FCL.NS,2021-07-12 00:00:00+05:30,89.1515078068054,91.33076386354053,88.60669001388814,89.05245208740234,997106,0.0,0.0
FCL.NS,2021-07-13 00:00:00+05:30,90.14209255164253,94.10438233413231,88.75528961627751,92.81663513183594,1523409,0.0,0.0
FCL.NS,2021-07-14 00:00:00+05:30,94.99589312206191,97.57137980856088,93.31191553504786,95.29306030273438,2182827,0.0,0.0
FCL.NS,2021-07-15 00:00:00+05:30,95.24354085750254,98.7600684569618,93.21286434871904,94.00532531738281,1755650,0.0,0.0
FCL.NS,2021-07-16 00:00:00+05:30,95.04542379872146,97.22468772880165,94.69872495182426,95.09495544433594,1111790,0.0,0.0
FCL.NS,2021-07-19 00:00:00+05:30,94.40154856259424,100.98884868491407,94.3520169218006,99.7506332397461,4703155,0.0,0.0
FCL.NS,2021-07-20 00:00:00+05:30,100.5430937796124,104.20820846090693,96.58080436957842,103.21763610839844,4487789,0.0,0.0
FCL.NS,2021-07-22 00:00:00+05:30,104.90162056553953,109.65636363690797,104.60444581718684,108.07144927978516,3359895,0.0,0.0
FCL.NS,2021-07-23 00:00:00+05:30,109.65635785586556,112.92524968553919,96.97703610986441,101.33555603027344,3444523,0.0,0.0
FCL.NS,2021-07-26 00:00:00+05:30,100.98884280557998,111.43938357737868,97.57137139886045,107.08086395263672,3482829,0.0,0.0
FCL.NS,2021-07-27 00:00:00+05:30,107.97238188379937,108.46766803922965,102.42517845447372,103.81198120117188,1354464,0.0,0.0
FCL.NS,2021-07-28 00:00:00+05:30,104.55492057136236,107.37805041953598,101.43461597813142,105.34737396240234,1080904,0.0,0.0
FCL.NS,2021-07-29 00:00:00+05:30,105.0006746862961,107.9228602512767,101.43461554806636,104.90161895751953,1050642,0.0,0.0
FCL.NS,2021-07-30 00:00:00+05:30,103.01952622950951,105.89218760701816,103.01952622950951,103.86151123046875,575209,0.0,0.0
FCL.NS,2021-08-02 00:00:00+05:30,104.60443891340378,105.69406698966968,103.01952466088365,103.21763610839844,550994,0.0,0.0
FCL.NS,2021-08-03 00:00:00+05:30,103.8119837306326,109.95352918462478,103.21763428366091,106.040771484375,1919407,0.0,0.0
FCL.NS,2021-08-04 00:00:00+05:30,107.17992620587361,113.91582126912165,106.09029812261896,112.18231964111328,3494014,0.0,0.0
FCL.NS,2021-08-05 00:00:00+05:30,113.91581828875776,118.86867995348636,113.91581828875776,114.80733489990234,3916934,0.0,0.0
FCL.NS,2021-08-06 00:00:00+05:30,114.75780972667003,117.53141543819274,114.11393616248074,115.30262756347656,983813,0.0,0.0
FCL.NS,2021-08-09 00:00:00+05:30,115.7483827584854,117.87811491765078,109.65636102225615,114.36157989501953,1718430,0.0,0.0
FCL.NS,2021-08-10 00:00:00+05:30,114.90638650484645,116.29318923277762,103.16810629149128,109.8544692993164,1800495,0.0,0.0
FCL.NS,2021-08-11 00:00:00+05:30,106.98182068766035,110.30023676231181,99.5525275843506,104.40633392333984,2206333,0.0,0.0
FCL.NS,2021-08-12 00:00:00+05:30,105.3473640112201,109.80493942120798,105.14925257154076,107.72473907470703,1111146,0.0,0.0
FCL.NS,2021-08-13 00:00:00+05:30,108.41814364889298,110.94410623344501,107.03134836694889,108.66578674316406,744869,0.0,0.0
FCL.NS,2021-08-16 00:00:00+05:30,108.86391163263437,108.86391163263437,101.03838791953012,103.66340637207031,610765,0.0,0.0
FCL.NS,2021-08-17 00:00:00+05:30,101.38507457769673,107.27898436601845,101.38507457769673,102.42517852783203,640402,0.0,0.0
FCL.NS,2021-08-18 00:00:00+05:30,101.830846043045,104.40633277914048,100.2459241524007,100.98885345458984,702771,0.0,0.0
FCL.NS,2021-08-20 00:00:00+05:30,99.9487563298194,103.91104591627435,97.27420632448175,101.92990112304688,1009136,0.0,0.0
FCL.NS,2021-08-23 00:00:00+05:30,103.91104745939292,104.01010318903178,94.10437907579066,96.13505554199219,1139931,0.0,0.0
FCL.NS,2021-08-24 00:00:00+05:30,96.1350526505282,101.83084384432894,92.22228720900196,97.3732681274414,1370398,0.0,0.0
FCL.NS,2021-08-25 00:00:00+05:30,97.96760663219533,100.93932367326818,97.47232045868319,98.16571807861328,506465,0.0,0.0
FCL.NS,2021-08-26 00:00:00+05:30,98.71053273576467,100.44403428762092,96.33315766743985,96.87797546386719,587384,0.0,0.0
FCL.NS,2021-08-27 00:00:00+05:30,95.98646249657527,99.0572352787222,95.6397636845932,97.91807556152344,527012,0.0,0.0
FCL.NS,2021-08-30 00:00:00+05:30,99.0572290513122,103.51480435862125,99.0572290513122,102.02894592285156,1160572,0.0,0.0
FCL.NS,2021-08-31 00:00:00+05:30,102.87094193856656,103.21764076609587,100.54309831662108,101.23649597167969,518291,0.0,0.0
FCL.NS,2021-09-01 00:00:00+05:30,101.88036194534541,105.39689671623479,99.701105856956,100.5430908203125,902780,0.0,0.0
FCL.NS,2021-09-02 00:00:00+05:30,101.68225161359632,107.47709825697189,101.08790972459038,106.73416900634766,1403494,0.0,0.0
FCL.NS,2021-09-03 00:00:00+05:30,107.57616342958052,113.86629679263412,106.4865352777667,109.21060943603516,2041058,0.0,0.0
FCL.NS,2021-09-06 00:00:00+05:30,110.20117502840603,112.92524901787225,109.01249121962589,111.48892211914062,1044470,0.0,0.0
FCL.NS,2021-09-07 00:00:00+05:30,112.87571128161935,115.35214204740711,110.94409830729167,111.43938446044922,939667,0.0,0.0
FCL.NS,2021-09-08 00:00:00+05:30,112.92524454349959,114.46063466334978,111.14221134351014,112.08325958251953,560691,0.0,0.0
FCL.NS,2021-09-09 00:00:00+05:30,112.92525360450317,113.27195243302346,108.96296400434515,110.20117950439453,493428,0.0,0.0
FCL.NS,2021-09-13 00:00:00+05:30,112.92524971524973,132.24141085075297,112.08326471570845,123.67295837402344,9442793,0.0,0.0
FCL.NS,2021-09-14 00:00:00+05:30,125.30740529358032,128.47723386695267,121.44417152402387,124.5644760131836,2295411,0.0,0.0
FCL.NS,2021-09-15 00:00:00+05:30,123.67296167256502,127.38761570131992,122.93003237830757,123.57390594482422,957649,0.0,0.0
FCL.NS,2021-09-16 00:00:00+05:30,129.76499437804614,144.62358152057053,129.6164145525955,134.9654998779297,5072535,0.0,0.0
FCL.NS,2021-09-17 00:00:00+05:30,136.64945720806193,139.96788073699366,126.89232830474438,132.58811950683594,1985086,0.0,0.0
FCL.NS,2021-09-20 00:00:00+05:30,129.76498782080924,134.81691323996006,125.60458665412156,127.58573150634766,1425845,0.0,0.0
FCL.NS,2021-09-21 00:00:00+05:30,126.34751200862314,134.96548882236706,119.9087914409506,132.53858947753906,1991258,0.0,0.0
FCL.NS,2021-09-22 00:00:00+05:30,132.53858728814174,140.16599158086245,130.90413379438624,136.74851989746094,1834229,0.0,0.0
FCL.NS,2021-09-23 00:00:00+05:30,137.6895576676229,138.38295529476068,133.28151370053124,134.073974609375,1244142,0.0,0.0
FCL.NS,2021-09-24 00:00:00+05:30,133.67775364387848,135.9065417320626,130.16121830397844,130.8050994873047,542846,0.0,0.0
FCL.NS,2021-09-27 00:00:00+05:30,130.80510137254933,132.58813489178215,126.89234302877584,127.53620910644531,742820,0.0,0.0
FCL.NS,2021-09-28 00:00:00+05:30,128.2295956125888,130.4088518943392,124.81212381678304,125.80269622802734,712309,0.0,0.0
FCL.NS,2021-09-29 00:00:00+05:30,125.80269403323827,128.52676811663517,124.46542281288241,126.09986877441406,493986,0.0,0.0
FCL.NS,2021-09-30 00:00:00+05:30,126.09986173275752,127.58572024072811,123.82154233088241,125.1588134765625,314583,0.0,0.0
FCL.NS,2021-10-01 00:00:00+05:30,124.71305810650982,131.05272254261092,123.920597217947,128.1800537109375,865719,0.0,0.0
FCL.NS,2021-10-04 00:00:00+05:30,128.6753516496664,132.7367046282975,127.78384251530133,129.66592407226562,941778,0.0,0.0
FCL.NS,2021-10-05 00:00:00+05:30,130.30980197271646,132.0928353120054,128.9229915466316,129.76498413085938,561734,0.0,0.0
FCL.NS,2021-10-06 00:00:00+05:30,130.55745334993964,136.8971110527701,128.42771349036371,129.51734924316406,1365247,0.0,0.0
FCL.NS,2021-10-07 00:00:00+05:30,130.95367035441674,132.63764043840078,128.3286594983477,128.7744140625,566107,0.0,0.0
FCL.NS,2021-10-08 00:00:00+05:30,128.77440668036698,130.01262212921665,125.85222124406866,126.69420623779297,471018,0.0,0.0
FCL.NS,2021-10-11 00:00:00+05:30,126.69420465256164,130.65648648183617,125.35693349602974,126.05033111572266,687000,0.0,0.0
FCL.NS,2021-10-12 00:00:00+05:30,125.80268755644579,127.63525243690323,124.96070257641972,125.60457611083984,465485,0.0,0.0
FCL.NS,2021-10-13 00:00:00+05:30,126.79326060200829,127.73430131005192,122.73191548484367,123.97013092041016,612446,0.0,0.0
FCL.NS,2021-10-14 00:00:00+05:30,123.02908268187537,126.79326062980975,122.53379650754017,123.27672576904297,507888,0.0,0.0
FCL.NS,2021-10-18 00:00:00+05:30,123.32625322400426,125.70362829162305,120.84982243637366,121.09746551513672,465269,0.0,0.0
FCL.NS,2021-10-19 00:00:00+05:30,122.33568090895201,127.48665392423689,120.20594892009629,121.09746551513672,1086619,0.0,0.0
FCL.NS,2021-10-20 00:00:00+05:30,121.09746700538452,123.27672310233099,114.90638996011947,116.44178009033203,618917,0.0,0.0
FCL.NS,2021-10-21 00:00:00+05:30,117.38282408946674,124.81211675335705,114.41110702391062,120.94888305664062,728283,0.0,0.0
FCL.NS,2021-10-22 00:00:00+05:30,122.23662885489586,122.8309707502585,116.88753668169761,117.53141021728516,435749,0.0,0.0
FCL.NS,2021-10-25 00:00:00+05:30,119.36397001292417,119.36397001292417,109.40871471914976,110.5478744506836,526814,0.0,0.0
FCL.NS,2021-10-26 00:00:00+05:30,110.54786676592524,128.1800491072341,110.54786676592524,123.47483825683594,1220861,0.0,0.0
FCL.NS,2021-10-27 00:00:00+05:30,121.49370319107543,124.41588867159244,118.96774061421209,119.95831298828125,659235,0.0,0.0
FCL.NS,2021-10-28 00:00:00+05:30,120.35454330935754,120.35454330935754,115.2035699931786,116.73895263671875,337242,0.0,0.0
FCL.NS,2021-10-29 00:00:00+05:30,117.2837731944914,120.75077658039083,113.02430886882792,116.88754272460938,446210,0.0,0.0
FCL.NS,2021-11-01 00:00:00+05:30,119.31444110961482,123.32626230393466,118.72009918831827,119.9087905883789,530434,0.0,0.0
FCL.NS,2021-11-02 00:00:00+05:30,120.84982235820418,124.76257997714283,119.06678916927666,122.48426818847656,535852,0.0,0.0
FCL.NS,2021-11-03 00:00:00+05:30,122.08804540243801,124.71306371163098,121.09747302594764,121.7908706665039,478907,0.0,0.0
FCL.NS,2021-11-04 00:00:00+05:30,122.18709953438204,127.78383490002385,122.18709953438204,126.44656372070312,749619,0.0,0.0
FCL.NS,2021-11-08 00:00:00+05:30,127.78382712649638,132.14233921507,126.7932548231902,127.83335876464844,1201999,0.0,0.0
FCL.NS,2021-11-09 00:00:00+05:30,129.26968671588017,132.1423403747039,126.44655713817617,127.33807373046875,1039828,0.0,0.0
FCL.NS,2021-11-10 00:00:00+05:30,128.2791188957649,130.0621521427856,122.13757336930205,126.05033111572266,649000,0.0,0.0
FCL.NS,2021-11-11 00:00:00+05:30,125.55504425017831,126.24844186604844,120.89935726941106,121.69181060791016,579567,0.0,0.0
FCL.NS,2021-11-12 00:00:00+05:30,122.5833217864517,124.71305373706323,120.15642268114102,120.70123291015625,432137,0.0,0.0
FCL.NS,2021-11-15 00:00:00+05:30,122.73191108246863,122.73191108246863,116.88753292473831,117.18470764160156,430051,0.0,0.0
FCL.NS,2021-11-16 00:00:00+05:30,117.6799985614099,125.80268883316262,117.18471238490139,123.72248840332031,975009,0.0,0.0
FCL.NS,2021-11-17 00:00:00+05:30,123.32625738242213,128.57629385221094,122.88050284860509,123.97013092041016,783053,0.0,0.0
FCL.NS,2021-11-18 00:00:00+05:30,123.82153779400304,125.10928481004743,117.82857234178653,119.06678771972656,537944,0.0,0.0
FCL.NS,2021-11-22 00:00:00+05:30,118.86868703692647,119.5620846883215,111.48892573970433,112.52902221679688,617993,0.0,0.0
FCL.NS,2021-11-23 00:00:00+05:30,111.8851415286082,116.78847909124602,110.0525842315983,113.66817474365234,557806,0.0,0.0
FCL.NS,2021-11-24 00:00:00+05:30,114.70828193143122,117.8781104499557,113.71770957470889,114.26251983642578,361303,0.0,0.0
FCL.NS,2021-11-25 00:00:00+05:30,114.36157542457146,116.9865936782566,114.36157542457146,115.64932250976562,333124,0.0,0.0
FCL.NS,2021-11-26 00:00:00+05:30,114.21298994111828,117.13517522176107,108.1704928266226,111.43938446044922,734992,0.0,0.0
FCL.NS,2021-11-29 00:00:00+05:30,110.84504072499367,111.14220787741304,103.01951812514774,104.80255126953125,733868,0.0,0.0
FCL.NS,2021-11-30 00:00:00+05:30,104.95113106700754,110.64692173258061,103.91103469733949,104.80255126953125,535570,0.0,0.0
FCL.NS,2021-12-01 00:00:00+05:30,107.77428230133096,113.1728989664594,104.50539029287935,109.90400695800781,820980,0.0,0.0
FCL.NS,2021-12-02 00:00:00+05:30,109.95352386708566,113.91581301544912,109.30965036898326,111.73655700683594,569595,0.0,0.0
FCL.NS,2021-12-03 00:00:00+05:30,111.73656238726603,116.09507461436704,111.48891930356861,112.03372955322266,580320,0.0,0.0
FCL.NS,2021-12-06 00:00:00+05:30,111.98420613222872,115.50073340701694,109.95352981093184,111.09268951416016,390434,0.0,0.0
FCL.NS,2021-12-07 00:00:00+05:30,111.83561856356751,117.38282214943116,111.73656284117958,113.17288970947266,706047,0.0,0.0
FCL.NS,2021-12-08 00:00:00+05:30,114.60921261474643,117.23423073332704,114.26251381964339,114.90638732910156,421335,0.0,0.0
FCL.NS,2021-12-09 00:00:00+05:30,116.19413425458562,128.6753362130605,115.4512050267621,125.7531509399414,2935475,0.0,0.0
FCL.NS,2021-12-10 00:00:00+05:30,126.74373441138317,130.95366707332983,125.9512810330267,128.87347412109375,2446217,0.0,0.0
FCL.NS,2021-12-13 00:00:00+05:30,131.74613314379926,138.68014015136762,131.74613314379926,136.9961700439453,3320084,0.0,0.0
FCL.NS,2021-12-14 00:00:00+05:30,135.51029030222978,143.2862735954193,133.2815026825054,137.6400146484375,2705654,0.0,0.0
FCL.NS,2021-12-15 00:00:00+05:30,140.66127650641917,146.2580043496091,137.78862268007893,141.84996032714844,3110317,0.0,0.0
FCL.NS,2021-12-16 00:00:00+05:30,143.0386455565714,145.2179168834612,135.95605908898443,139.96788024902344,1532316,0.0,0.0
FCL.NS,2021-12-17 00:00:00+05:30,139.72024505741035,139.72024505741035,131.3499109999943,132.8357696533203,941147,0.0,0.0
FCL.NS,2021-12-20 00:00:00+05:30,130.75554952313823,130.9041293288953,121.39464388708227,122.83097076416016,1000628,0.0,0.0
FCL.NS,2021-12-21 00:00:00+05:30,123.87108663531028,130.06216438482662,123.87108663531028,126.84280395507812,775861,0.0,0.0
FCL.NS,2021-12-22 00:00:00+05:30,129.12113049067025,133.13293699481616,128.13055799780724,132.14236450195312,669666,0.0,0.0
FCL.NS,2021-12-23 00:00:00+05:30,133.62820248525364,134.1234886547541,129.46780168443655,130.4583740234375,483644,0.0,0.0
FCL.NS,2021-12-24 00:00:00+05:30,131.39941005720178,131.39941005720178,126.29796873844593,127.13996124267578,420455,0.0,0.0
FCL.NS,2021-12-27 00:00:00+05:30,127.23902860798809,134.07398760496633,124.61401765262283,131.84519958496094,658349,0.0,0.0
FCL.NS,2021-12-28 00:00:00+05:30,132.73670870562515,137.68957097076043,131.0032069128278,136.89710998535156,943188,0.0,0.0
FCL.NS,2021-12-29 00:00:00+05:30,138.68014448812363,141.89950498516936,137.73910367351291,139.62118530273438,1051636,0.0,0.0
FCL.NS,2021-12-30 00:00:00+05:30,139.37352577825567,140.066923396071,133.38056007404975,135.5102996826172,626032,0.0,0.0
FCL.NS,2021-12-31 00:00:00+05:30,135.3121918324921,141.50326914702896,135.2626601909888,137.24380493164062,738505,0.0,0.0
FCL.NS,2022-01-03 00:00:00+05:30,137.9372048982986,140.2650560538669,135.41124228830503,136.25323486328125,603297,0.0,0.0
FCL.NS,2022-01-04 00:00:00+05:30,137.14474870228037,137.49145509570022,133.72727687187515,134.2720947265625,719432,0.0,0.0
FCL.NS,2022-01-05 00:00:00+05:30,134.66830895480683,139.47259093378767,131.79565516454971,134.073974609375,1218182,0.0,0.0
FCL.NS,2022-01-06 00:00:00+05:30,131.69660053989193,133.72727702887306,131.0032028671738,132.88528442382812,500364,0.0,0.0
FCL.NS,2022-01-07 00:00:00+05:30,133.67774758773294,136.20371032955921,131.79566600006248,133.28152465820312,572988,0.0,0.0
FCL.NS,2022-01-10 00:00:00+05:30,134.7178372150214,137.1942680461799,133.62820160333797,134.1730194091797,601584,0.0,0.0
FCL.NS,2022-01-11 00:00:00+05:30,135.70840539434343,150.5669899265708,135.70840539434343,149.52688598632812,8013081,0.0,0.0
FCL.NS,2022-01-12 00:00:00+05:30,153.53873829988933,155.32177183216575,147.7934147469706,151.35948181152344,3659992,0.0,0.0
FCL.NS,2022-01-13 00:00:00+05:30,151.45852716405454,154.92553086735802,146.35708490373977,151.904296875,1742677,0.0,0.0
FCL.NS,2022-01-14 00:00:00+05:30,151.65665781085963,154.5293120530505,149.67551278453845,150.86419677734375,1262754,0.0,0.0
FCL.NS,2022-01-17 00:00:00+05:30,151.6566493379583,163.24634407144532,151.6566493379583,159.3831024169922,3591045,0.0,0.0
FCL.NS,2022-01-18 00:00:00+05:30,163.9397357751634,163.9397357751634,150.1212535167999,152.20144653320312,2696362,0.0,0.0
FCL.NS,2022-01-19 00:00:00+05:30,152.15192612720747,158.19440867605573,148.83350255342,156.46090698242188,1535402,0.0,0.0
FCL.NS,2022-01-20 00:00:00+05:30,157.84772958056297,162.45388553293063,156.01516445997913,158.3925323486328,1256019,0.0,0.0
FCL.NS,2022-01-21 00:00:00+05:30,157.2533582833435,161.01753618177418,150.170772129469,153.98446655273438,1236286,0.0,0.0
FCL.NS,2022-01-24 00:00:00+05:30,154.4797723488516,155.6684562796714,140.71082117989465,146.5056610107422,1716812,0.0,0.0
FCL.NS,2022-01-25 00:00:00+05:30,141.65184683362793,164.435011009666,140.2650515819299,161.2651824951172,3594290,0.0,0.0
FCL.NS,2022-01-27 00:00:00+05:30,158.98685623670406,165.97039406634983,155.22267842431245,158.24392700195312,1832533,0.0,0.0
FCL.NS,2022-01-28 00:00:00+05:30,160.57179465775306,164.1873779296875,153.5387244591346,154.529296875,923266,0.0,0.0
FCL.NS,2022-01-31 00:00:00+05:30,158.39252058610467,159.0859333574929,154.52929427519882,156.9066619873047,853434,0.0,0.0
FCL.NS,2022-02-01 00:00:00+05:30,158.5906435792951,171.86430738308067,155.7179746174757,167.60484313964844,4752988,0.0,0.0
FCL.NS,2022-02-02 00:00:00+05:30,168.8430544810929,175.33130641374086,166.6142666876979,170.03173828125,2503636,0.0,0.0
FCL.NS,2022-02-03 00:00:00+05:30,170.37846347532832,172.06243363785302,165.92088739603193,166.71334838867188,2026898,0.0,0.0
FCL.NS,2022-02-04 00:00:00+05:30,168.00108591497522,176.71811098604113,165.82181453227335,172.0624237060547,2615781,0.0,0.0
FCL.NS,2022-02-07 00:00:00+05:30,172.70630042036,174.63791353749377,167.4067321437983,168.05059814453125,957341,0.0,0.0
FCL.NS,2022-02-08 00:00:00+05:30,169.0411631224027,171.36901415838923,161.16611607279307,165.97039794921875,1572356,0.0,0.0
FCL.NS,2022-02-09 00:00:00+05:30,167.15909124558289,170.37845152142373,164.97983500492379,168.44683837890625,1122353,0.0,0.0
FCL.NS,2022-02-10 00:00:00+05:30,168.8925954140807,173.05299650100056,163.64255863335384,166.0694580078125,1005752,0.0,0.0
FCL.NS,2022-02-11 00:00:00+05:30,165.22749086448943,165.27702251093038,159.77934228458378,161.1661376953125,723788,0.0,0.0
FCL.NS,2022-02-14 00:00:00+05:30,158.4915848831116,166.11898938262428,150.12125107945937,154.57882690429688,4221182,0.0,0.0
FCL.NS,2022-02-15 00:00:00+05:30,156.1637277258039,168.39730251317621,153.83589173061208,163.0482177734375,2050004,0.0,0.0
FCL.NS,2022-02-16 00:00:00+05:30,164.4350161283993,178.69925244537072,164.4350161283993,172.16148376464844,2670268,0.0,0.0
FCL.NS,2022-02-17 00:00:00+05:30,174.0435555456871,176.22281165105016,168.39729628158548,169.68504333496094,825869,0.0,0.0
FCL.NS,2022-02-18 00:00:00+05:30,167.55532046123076,172.16149132894185,165.5741756015535,166.41616821289062,847709,0.0,0.0
FCL.NS,2022-02-21 00:00:00+05:30,165.92087692212138,167.3076722354963,158.54111556857228,160.1260223388672,932847,0.0,0.0
FCL.NS,2022-02-22 00:00:00+05:30,150.81465486123187,157.9963050927191,150.81465486123187,155.76751708984375,985240,0.0,0.0
FCL.NS,2022-02-23 00:00:00+05:30,158.2934659117084,163.14726442239748,155.0245741056628,157.1047821044922,670453,0.0,0.0
FCL.NS,2022-02-24 00:00:00+05:30,149.57643557488038,152.54815283795747,138.77920223167453,140.7108154296875,1255962,0.0,0.0
FCL.NS,2022-02-25 00:00:00+05:30,150.56700088330817,152.79578872533082,145.9113137474034,150.12124633789062,890652,0.0,0.0
FCL.NS,2022-02-28 00:00:00+05:30,143.13771476166843,160.76990686948392,143.13771476166843,156.8076171875,1406472,0.0,0.0
FCL.NS,2022-03-02 00:00:00+05:30,152.54814885774135,162.45387280954276,151.65663974805332,154.62835693359375,729146,0.0,0.0
FCL.NS,2022-03-03 00:00:00+05:30,158.98685838081775,159.72978762558793,151.6566292117257,152.64720153808594,535072,0.0,0.0
FCL.NS,2022-03-04 00:00:00+05:30,150.5174582884766,154.52927913516478,148.58584532227383,149.52688598632812,596649,0.0,0.0
FCL.NS,2022-03-07 00:00:00+05:30,146.60470742160905,149.92313083151794,143.93016510649903,146.55517578125,673383,0.0,0.0
FCL.NS,2022-03-08 00:00:00+05:30,148.3877536638914,151.8547571835387,146.70378354876416,150.76512145996094,534654,0.0,0.0
FCL.NS,2022-03-09 00:00:00+05:30,153.24154651138042,159.28404416795334,151.26040172102014,154.62835693359375,775906,0.0,0.0
FCL.NS,2022-03-10 00:00:00+05:30,158.49159087956505,161.4633082085569,154.7274125731882,155.32176208496094,633679,0.0,0.0
FCL.NS,2022-03-11 00:00:00+05:30,156.01514106648924,157.9962857149526,152.54813793167835,155.42079162597656,322799,0.0,0.0
FCL.NS,2022-03-14 00:00:00+05:30,155.42078580634643,166.21803280513632,155.42078580634643,164.8312225341797,1571073,0.0,0.0
FCL.NS,2022-03-15 00:00:00+05:30,165.82180298692705,168.6944718300538,157.99628757913786,159.97743225097656,1069926,0.0,0.0
FCL.NS,2022-03-16 00:00:00+05:30,161.85952077779797,166.1189850329895,157.99629454340044,160.22508239746094,801225,0.0,0.0
FCL.NS,2022-03-17 00:00:00+05:30,161.95858151911918,173.25110042310223,160.96800915508788,162.60244750976562,1873246,0.0,0.0
FCL.NS,2022-03-21 00:00:00+05:30,164.03880209692184,166.31710661679185,161.95859392711301,163.14727783203125,779670,0.0,0.0
FCL.NS,2022-03-22 00:00:00+05:30,163.14727033375303,165.77229624785903,161.46330028626977,162.45387268066406,482070,0.0,0.0
FCL.NS,2022-03-23 00:00:00+05:30,162.80058679153592,169.38788748093108,162.80058679153592,164.97984313964844,831391,0.0,0.0
FCL.NS,2022-03-24 00:00:00+05:30,165.07888264733248,168.14966310044272,163.64255570569125,164.78172302246094,379037,0.0,0.0
FCL.NS,2022-03-25 00:00:00+05:30,165.12842940682782,169.18978262114223,161.95860049354994,162.9491729736328,641942,0.0,0.0
FCL.NS,2022-03-28 00:00:00+05:30,162.7510301112274,164.03877710995798,157.79816866605879,159.28402709960938,429713,0.0,0.0
FCL.NS,2022-03-29 00:00:00+05:30,160.4727261588361,177.015281943581,158.83828777171087,171.71572875976562,1919277,0.0,0.0
FCL.NS,2022-03-30 00:00:00+05:30,174.3407302679944,182.76059508207365,168.44682792112573,169.68504333496094,2216928,0.0,0.0
FCL.NS,2022-03-31 00:00:00+05:30,170.27938931077713,182.26532138244463,168.5458876128463,178.99642944335938,2654897,0.0,0.0
FCL.NS,2022-04-01 00:00:00+05:30,180.28417132013806,191.47764212289184,179.78888513519263,186.5247802734375,4094911,0.0,0.0
FCL.NS,2022-04-04 00:00:00+05:30,188.20874996905923,195.4399312803311,187.2677092422009,189.2983856201172,2400001,0.0,0.0
FCL.NS,2022-04-05 00:00:00+05:30,190.93281459725728,196.33143071593094,187.21816839886708,188.6544952392578,1861746,0.0,0.0
FCL.NS,2022-04-06 00:00:00+05:30,188.65450451178847,191.18046707383385,185.88089885767852,189.2983856201172,908074,0.0,0.0
FCL.NS,2022-04-07 00:00:00+05:30,190.2889706892146,198.8078845558693,187.21819009668096,188.45640563964844,1447055,0.0,0.0
FCL.NS,2022-04-08 00:00:00+05:30,189.64507123420503,195.63803690674015,188.8526103402035,190.38800048828125,1527140,0.0,0.0
FCL.NS,2022-04-11 00:00:00+05:30,191.18045876238693,196.82671799300428,189.64506863534984,195.53897094726562,2286574,0.0,0.0
FCL.NS,2022-04-12 00:00:00+05:30,195.5885200636799,204.65226671807045,193.16162067308213,202.3739471435547,2539289,0.0,0.0
FCL.NS,2022-04-13 00:00:00+05:30,203.81026839274728,206.93056536226368,201.1852576161659,203.46356201171875,1393790,0.0,0.0
FCL.NS,2022-04-18 00:00:00+05:30,203.06733156924537,215.44948593322374,200.54136905600689,213.36927795410156,1935547,0.0,0.0
FCL.NS,2022-04-19 00:00:00+05:30,214.95421707077318,231.64536854367157,199.74892424122115,211.93296813964844,2826620,0.0,0.0
FCL.NS,2022-04-20 00:00:00+05:30,213.9636212547271,233.081670065752,213.9636212547271,222.7797088623047,3542814,0.0,0.0
FCL.NS,2022-04-21 00:00:00+05:30,225.75142750956752,229.41655721518535,214.0626861308901,216.7372283935547,1007449,0.0,0.0
FCL.NS,2022-04-22 00:00:00+05:30,216.68771250864094,224.8599348089668,214.5084562515411,220.40235900878906,1231552,0.0,0.0
FCL.NS,2022-04-25 00:00:00+05:30,219.16412377789553,221.19480003814644,203.71118968249746,207.62396240234375,736775,0.0,0.0
FCL.NS,2022-04-26 00:00:00+05:30,210.89285371928108,215.15231797754566,194.54840944437873,196.13333129882812,1404904,0.0,0.0
FCL.NS,2022-04-27 00:00:00+05:30,192.1710253107632,210.0013266282567,192.12149367300566,206.33621215820312,1452778,0.0,0.0
FCL.NS,2022-04-28 00:00:00+05:30,207.92113422146272,211.83390717123038,203.06733565900197,204.9494171142578,524816,0.0,0.0
FCL.NS,2022-04-29 00:00:00+05:30,200.09561743434796,207.02962397910258,191.031886353964,191.626220703125,2332214,0.0,0.0
FCL.NS,2022-05-02 00:00:00+05:30,187.31723103420305,197.61917707642397,182.51294925479257,190.9823455810547,1148983,0.0,0.0
FCL.NS,2022-05-04 00:00:00+05:30,192.0719634574371,192.51773308562207,176.3218698896704,178.60018920898438,865647,0.0,0.0
FCL.NS,2022-05-05 00:00:00+05:30,180.7794570568059,194.64747020088964,179.78888468937134,186.0790252685547,1146210,0.0,0.0
FCL.NS,2022-05-06 00:00:00+05:30,180.4822833054866,184.1473980619472,179.29359948108515,182.3643798828125,329041,0.0,0.0
FCL.NS,2022-05-09 00:00:00+05:30,177.56009977760107,181.07663476271074,167.50579612905543,171.71572875976562,852415,0.0,0.0
FCL.NS,2022-05-10 00:00:00+05:30,171.36901419678154,174.83601737417308,163.9892533136064,164.58358764648438,507448,0.0,0.0
FCL.NS,2022-05-11 00:00:00+05:30,164.58359741320595,169.88316577339378,148.28868453547972,154.62835693359375,1120089,0.0,0.0
FCL.NS,2022-05-12 00:00:00+05:30,158.491578599173,162.05764516362834,151.75568348572122,155.22268676757812,531493,0.0,0.0
FCL.NS,2022-05-13 00:00:00+05:30,160.07649761386676,166.41615460028473,157.05524892700564,160.3736572265625,406629,0.0,0.0
FCL.NS,2022-05-16 00:00:00+05:30,161.76047239351468,167.8029548319647,160.47272527878434,166.21804809570312,307103,0.0,0.0
FCL.NS,2022-05-17 00:00:00+05:30,167.4067288005357,182.51295728697457,166.7133311716861,178.748779296875,494853,0.0,0.0
FCL.NS,2022-05-18 00:00:00+05:30,183.7016389780575,185.23702914098303,176.22281472504696,182.95870971679688,495507,0.0,0.0
FCL.NS,2022-05-19 00:00:00+05:30,176.3714172163465,179.29360274640865,149.97265393085615,174.43980407714844,427775,0.0,0.0
FCL.NS,2022-05-20 00:00:00+05:30,178.74879835189037,182.06722215683325,177.906820825293,179.0955047607422,298520,0.0,0.0
FCL.NS,2022-05-23 00:00:00+05:30,180.53179766423276,180.68037745995832,173.0034423055122,179.19451904296875,285690,0.0,0.0
FCL.NS,2022-05-24 00:00:00+05:30,181.2252118307511,181.2252118307511,174.14262544051718,178.69924926757812,264533,0.0,0.0
FCL.NS,2022-05-25 00:00:00+05:30,179.73934626695814,180.3336957109697,168.49635938970277,171.07183837890625,224176,0.0,0.0
FCL.NS,2022-05-26 00:00:00+05:30,172.26053780330898,176.9162402695624,161.81001086357293,172.9044189453125,309356,0.0,0.0
FCL.NS,2022-05-27 00:00:00+05:30,174.836040711135,179.04597370276292,172.45867283242558,176.3218994140625,212304,0.0,0.0
FCL.NS,2022-05-30 00:00:00+05:30,178.94689085556053,188.20874847102982,177.31245250691757,183.35494995117188,548432,0.0,0.0
FCL.NS,2022-05-31 00:00:00+05:30,182.26531902248684,184.09788398254565,178.154449666595,179.98699951171875,229087,0.0,0.0
FCL.NS,2022-06-01 00:00:00+05:30,179.3926656006402,183.2063602273471,178.30302992733246,180.43275451660156,180441,0.0,0.0
FCL.NS,2022-06-02 00:00:00+05:30,181.81955477731762,183.05777019378678,175.33130297203238,177.51055908203125,444247,0.0,0.0
FCL.NS,2022-06-03 00:00:00+05:30,180.28417939220637,181.7700380135707,177.06481904591698,178.4516143798828,246936,0.0,0.0
FCL.NS,2022-06-06 00:00:00+05:30,178.30302612846455,179.88794796224707,174.8855544839893,176.86669921875,142546,0.0,0.0
FCL.NS,2022-06-07 00:00:00+05:30,175.52941595730277,176.0247021282404,171.1213720589449,172.85487365722656,147993,0.0,0.0
FCL.NS,2022-06-08 00:00:00+05:30,173.00346846393708,178.1544571802861,170.4279892206983,171.02232360839844,163423,0.0,0.0
FCL.NS,2022-06-09 00:00:00+05:30,170.08127408176776,172.35959357150452,166.16851621620623,167.60484313964844,156839,0.0,0.0
FCL.NS,2022-06-10 00:00:00+05:30,162.99867716013284,167.35718929224154,162.99867716013284,165.62368774414062,120747,0.0,0.0
FCL.NS,2022-06-13 00:00:00+05:30,161.8595274630681,162.75105171047585,153.78636828200015,156.8076171875,203295,0.0,0.0
FCL.NS,2022-06-14 00:00:00+05:30,154.57882064075199,162.80057429640442,154.57882064075199,161.2156524658203,176014,0.0,0.0
FCL.NS,2022-06-15 00:00:00+05:30,161.66140910971427,169.28881339936086,159.23450980595422,166.21804809570312,381400,0.0,0.0
FCL.NS,2022-06-16 00:00:00+05:30,168.8430511920092,175.2322397189591,162.1071563024223,165.52464294433594,365310,0.0,0.0
FCL.NS,2022-06-17 00:00:00+05:30,163.44443912710565,167.258148752712,160.42319041116315,161.7109375,479441,0.0,0.0
FCL.NS,2022-06-20 00:00:00+05:30,164.33594889706984,164.4350121792963,157.79818037335986,160.7698974609375,458406,0.0,0.0
FCL.NS,2022-06-21 00:00:00+05:30,163.8406540744057,168.10011803159824,162.30527908541822,165.1779327392578,308082,0.0,0.0
FCL.NS,2022-06-22 00:00:00+05:30,165.12840124828293,166.9114344313674,161.95857287554048,162.40432739257812,172995,0.0,0.0
FCL.NS,2022-06-23 00:00:00+05:30,164.38547235263997,165.92086246108758,161.90904156963867,165.62368774414062,166569,0.0,0.0
FCL.NS,2022-06-24 00:00:00+05:30,167.40673397659478,174.34074070935313,165.87134374849697,171.22044372558594,301240,0.0,0.0
FCL.NS,2022-06-27 00:00:00+05:30,173.74637585654438,183.2558760089271,172.55769211623,178.60018920898438,552954,0.0,0.0
FCL.NS,2022-06-28 00:00:00+05:30,179.590778213178,183.0082499524974,176.66859267129433,179.93746948242188,925637,0.0,0.0
FCL.NS,2022-06-29 00:00:00+05:30,180.28417851696275,183.25589574526433,176.86670672740303,180.7794647216797,239922,0.0,0.0
FCL.NS,2022-06-30 00:00:00+05:30,182.21579127272923,188.1096940723,180.9280441204438,183.55307006835938,408728,0.0,0.0
FCL.NS,2022-07-01 00:00:00+05:30,181.62144894791751,192.07197529401446,178.30302548322797,187.0200653076172,668961,0.0,0.0
FCL.NS,2022-07-04 00:00:00+05:30,189.19931238895728,193.1616016536475,187.0695879551599,190.9823455810547,314353,0.0,0.0
FCL.NS,2022-07-05 00:00:00+05:30,192.17103134089336,194.59793051783018,183.35494368102192,185.38560485839844,209027,0.0,0.0
FCL.NS,2022-07-06 00:00:00+05:30,186.17807421412425,188.25828224040112,182.16625308626735,183.7511749267578,256991,0.0,0.0
FCL.NS,2022-07-07 00:00:00+05:30,185.13797057432043,188.10968769503143,184.29599312574658,185.583740234375,151938,0.0,0.0
FCL.NS,2022-07-08 00:00:00+05:30,186.87146221306068,187.7134547314445,184.74173776999683,185.88088989257812,205849,0.0,0.0
FCL.NS,2022-07-11 00:00:00+05:30,186.1285448781741,193.16161484943524,184.8408128711259,190.58612060546875,358239,0.0,0.0
FCL.NS,2022-07-12 00:00:00+05:30,190.18991054751598,192.41869856174466,187.36677301685185,191.5767059326172,266370,0.0,0.0
FCL.NS,2022-07-13 00:00:00+05:30,191.37857163885374,206.0390451845903,191.18046019531695,204.25601196289062,1041025,0.0,0.0
FCL.NS,2022-07-14 00:00:00+05:30,206.63341169499017,209.6051289382646,199.6003415065998,200.9871368408203,631967,0.0,0.0
FCL.NS,2022-07-15 00:00:00+05:30,202.32439884119512,204.35507514508504,194.69699490664365,199.6498565673828,587699,0.0,0.0
FCL.NS,2022-07-18 00:00:00+05:30,199.60032942952762,205.54376355646144,199.5012661481049,203.66168212890625,319665,0.0,0.0
FCL.NS,2022-07-19 00:00:00+05:30,203.01781287827362,210.74428071721502,201.9281922937029,203.7607421875,508011,0.0,0.0
FCL.NS,2022-07-20 00:00:00+05:30,205.89047994735756,211.78438272044087,205.5437735604381,209.80323791503906,1004999,0.0,0.0
FCL.NS,2022-07-21 00:00:00+05:30,209.9022751377233,217.82685394597993,208.3173684450327,215.20184326171875,957909,0.0,0.0
FCL.NS,2022-07-22 00:00:00+05:30,215.44948006384217,222.87877247983673,215.20183698330902,218.6193084716797,1300412,0.0,0.0
FCL.NS,2022-07-25 00:00:00+05:30,218.42120653817244,225.85049927756606,215.94477562504125,221.0957489013672,1182996,0.0,0.0
FCL.NS,2022-07-26 00:00:00+05:30,221.8882117669649,223.62171342139433,212.873997117958,215.0532684326172,449501,0.0,0.0
FCL.NS,2022-07-27 00:00:00+05:30,213.07211112389842,221.69008724632283,208.81264714398426,215.89523315429688,939397,0.0,0.0
FCL.NS,2022-07-28 00:00:00+05:30,216.78840016892343,217.23497430420912,208.79962787629205,209.84164428710938,536558,34.6288,0.0
FCL.NS,2022-07-29 00:00:00+05:30,211.13175891779574,214.30741571786132,203.73842890785644,209.19659423828125,644353,0.0,0.0
FCL.NS,2022-08-01 00:00:00+05:30,211.37985562282483,215.10133195421258,210.38746193445476,213.86083984375,1745472,0.0,0.0
FCL.NS,2022-08-02 00:00:00+05:30,213.36463849991887,213.61273691677926,210.88365433131517,211.42947387695312,556008,0.0,0.0
FCL.NS,2022-08-03 00:00:00+05:30,211.42946723327978,213.86082861356647,209.79200864781922,212.3722381591797,603795,0.0,0.0
FCL.NS,2022-08-04 00:00:00+05:30,214.45627816616962,236.18969348431693,214.45627816616962,227.15890502929688,3334399,0.0,0.0
FCL.NS,2022-08-05 00:00:00+05:30,229.14369408020136,250.97635498544352,229.09408651050646,242.83872985839844,3867799,0.0,0.0
FCL.NS,2022-08-08 00:00:00+05:30,248.79308988208032,260.7018290572252,248.5946141767518,254.74746704101562,3028236,0.0,0.0
FCL.NS,2022-08-10 00:00:00+05:30,256.03757539636945,261.5949861907455,250.43055703102007,253.06039428710938,1683372,0.0,0.0
FCL.NS,2022-08-11 00:00:00+05:30,255.7398607401915,257.0795679656337,244.47618653445852,249.48776245117188,946616,0.0,0.0
FCL.NS,2022-08-12 00:00:00+05:30,249.43814236886385,271.37004742133956,248.09840492517793,257.923095703125,2303545,0.0,0.0
FCL.NS,2022-08-16 00:00:00+05:30,260.99955313545325,275.53811534237167,259.9575518245691,272.3128356933594,1453935,0.0,0.0
FCL.NS,2022-08-17 00:00:00+05:30,274.2976066385859,281.74055922620374,261.64458723963554,266.45770263671875,1501746,0.0,0.0
FCL.NS,2022-08-18 00:00:00+05:30,266.8050597769761,269.335651668693,261.6446002782183,263.9271240234375,641112,0.0,0.0
FCL.NS,2022-08-19 00:00:00+05:30,264.47293265776534,272.6105734691088,258.66742320087,262.43853759765625,803977,0.0,0.0
FCL.NS,2022-08-22 00:00:00+05:30,261.9423238512337,261.9423238512337,246.70907481189766,252.66343688964844,730099,0.0,0.0
FCL.NS,2022-08-23 00:00:00+05:30,248.0984272929908,265.96151405808615,244.12885245630295,263.48052978515625,845786,0.0,0.0
FCL.NS,2022-08-24 00:00:00+05:30,263.62938052007024,270.62577428091055,262.14078996909814,263.57977294921875,745368,0.0,0.0
FCL.NS,2022-08-25 00:00:00+05:30,265.0683413688428,267.94627680334435,260.205618698761,261.8926696777344,334480,0.0,0.0
FCL.NS,2022-08-26 00:00:00+05:30,263.9767157867665,264.96910945513775,259.11399286883733,260.00714111328125,293408,0.0,0.0
FCL.NS,2022-08-29 00:00:00+05:30,248.2472628430096,266.95388900310536,248.09840985418717,264.2744140625,797413,0.0,0.0
FCL.NS,2022-08-30 00:00:00+05:30,267.94629814174465,276.87784141313614,267.00351201558357,273.4540710449219,808983,0.0,0.0
FCL.NS,2022-09-01 00:00:00+05:30,274.8434397526235,314.8865002154022,273.90065364943223,308.5351867675781,4030734,0.0,0.0
FCL.NS,2022-09-02 00:00:00+05:30,313.1002063666732,329.97089894427523,312.6040095261555,326.79522705078125,3788584,0.0,0.0
FCL.NS,2022-09-05 00:00:00+05:30,327.7876428183606,339.3986617830136,318.459147645158,336.3222351074219,1605573,0.0,0.0
FCL.NS,2022-09-06 00:00:00+05:30,338.00930099718175,365.20088237801997,329.7724150983626,357.31134033203125,2336658,0.0,0.0
FCL.NS,2022-09-07 00:00:00+05:30,357.26172983942513,357.3113374099442,343.71556197343733,349.5706787109375,1183542,0.0,0.0
FCL.NS,2022-09-08 00:00:00+05:30,352.69674633566706,353.29218866579026,329.7724437668352,335.0817565917969,977595,0.0,0.0
FCL.NS,2022-09-09 00:00:00+05:30,337.1161465415312,349.81877358151615,336.421458848607,346.44464111328125,669284,0.0,0.0
FCL.NS,2022-09-12 00:00:00+05:30,348.37977217502345,375.86908787789724,347.4866239638888,373.5369567871094,1499450,0.0,0.0
FCL.NS,2022-09-13 00:00:00+05:30,377.01034408118085,405.88900554501936,362.0748316636924,373.7850646972656,3765932,0.0,0.0
FCL.NS,2022-09-14 00:00:00+05:30,361.9756351342937,386.0411845572043,358.65110987857383,369.66668701171875,1584329,0.0,0.0
FCL.NS,2022-09-15 00:00:00+05:30,371.65144016888945,373.0407852900005,358.2541252362326,359.9908142089844,737295,0.0,0.0
FCL.NS,2022-09-16 00:00:00+05:30,359.9411643578145,359.9907719227422,342.0284420288458,345.9980163574219,1081138,0.0,0.0
FCL.NS,2022-09-19 00:00:00+05:30,346.3453889301831,348.92561851512,324.5127283099423,330.3182373046875,723000,0.0,0.0
FCL.NS,2022-09-20 00:00:00+05:30,332.89850237067066,363.5634638167114,330.4671255191856,360.1893310546875,1181586,0.0,0.0
FCL.NS,2022-09-21 00:00:00+05:30,363.21609160241235,367.1856663740234,349.3225799017736,354.8303527832031,936917,0.0,0.0
FCL.NS,2022-09-22 00:00:00+05:30,352.2997553344589,364.2084794584406,350.314967980462,357.70831298828125,535870,0.0,0.0
FCL.NS,2022-09-23 00:00:00+05:30,357.7083191159052,358.55182952744224,348.47903959044885,349.5706787109375,325699,0.0,0.0
FCL.NS,2022-09-26 00:00:00+05:30,344.4598627397597,345.9980608758182,324.51274311504704,327.0433349609375,758851,0.0,0.0
FCL.NS,2022-09-27 00:00:00+05:30,328.68079012072366,352.2997469574966,328.48229927586306,343.6163024902344,600109,0.0,0.0
FCL.NS,2022-09-28 00:00:00+05:30,341.0856981049231,343.3185837420461,333.593108129085,336.2725830078125,396122,0.0,0.0
FCL.NS,2022-09-29 00:00:00+05:30,343.12011589551497,352.2997574632185,337.6123430690735,339.89483642578125,444659,0.0,0.0
FCL.NS,2022-09-30 00:00:00+05:30,339.3986681913312,351.307393391027,331.4099104840503,349.1241149902344,532607,0.0,0.0
FCL.NS,2022-10-03 00:00:00+05:30,349.1241012212239,371.1552540859622,349.1241012212239,362.81915283203125,1015836,0.0,0.0
FCL.NS,2022-10-04 00:00:00+05:30,369.1704605081835,375.9187256290983,364.30773738116085,365.69708251953125,448574,0.0,0.0
FCL.NS,2022-10-06 00:00:00+05:30,369.17046378822016,371.2544966570184,366.19328262863775,368.1780700683594,307112,0.0,0.0
FCL.NS,2022-10-07 00:00:00+05:30,368.1780690772516,369.91475808233304,360.9832146276288,365.59783935546875,315495,0.0,0.0
FCL.NS,2022-10-10 00:00:00+05:30,362.3229529929272,370.5598087493772,352.29977037036974,367.53302001953125,608545,0.0,0.0
FCL.NS,2022-10-11 00:00:00+05:30,370.0140121586056,385.04877126830576,359.7427308885588,363.2657165527344,988759,0.0,0.0
FCL.NS,2022-10-12 00:00:00+05:30,366.59021199314077,372.4453285307889,357.31132521388037,365.8459167480469,516509,0.0,0.0
FCL.NS,2022-10-13 00:00:00+05:30,365.7963572853314,371.4529837206806,364.5062271862322,369.66668701171875,369782,0.0,0.0
FCL.NS,2022-10-14 00:00:00+05:30,382.02194800634504,382.02194800634504,362.22368255783897,363.36492919921875,449305,0.0,0.0
FCL.NS,2022-10-17 00:00:00+05:30,358.2541192353288,371.1056295326051,354.48303535755866,368.1284484863281,474750,0.0,0.0
FCL.NS,2022-10-18 00:00:00+05:30,370.0636050254378,382.07157486396727,364.2084882469506,374.3805236816406,1091483,0.0,0.0
FCL.NS,2022-10-19 00:00:00+05:30,377.60578527124846,391.9954932513617,375.12480113674616,382.3692626953125,1202590,0.0,0.0
FCL.NS,2022-10-20 00:00:00+05:30,381.5753950105748,392.0947747662666,371.5026045543825,388.72064208984375,1128956,0.0,0.0
FCL.NS,2022-10-21 00:00:00+05:30,391.4000619407346,400.4804580696993,376.6630097128337,379.2928771972656,1212133,0.0,0.0
FCL.NS,2022-10-24 00:00:00+05:30,381.87306766913605,385.743427165571,378.3996898644541,380.97991943359375,210468,0.0,0.0
FCL.NS,2022-10-25 00:00:00+05:30,381.0791630066624,383.06395031398876,373.4873576132292,376.46453857421875,312016,0.0,0.0
FCL.NS,2022-10-27 00:00:00+05:30,378.5982388479268,385.94194699129343,375.3233513862292,379.78912353515625,354503,0.0,0.0
FCL.NS,2022-10-28 00:00:00+05:30,381.5754003643297,386.73586002570124,369.3689692418891,376.7126770019531,505166,0.0,0.0
FCL.NS,2022-10-31 00:00:00+05:30,378.3997227394287,380.48375566038663,357.36099352308867,360.5862731933594,651117,0.0,0.0
FCL.NS,2022-11-01 00:00:00+05:30,359.2465375787454,362.1244733972855,337.4138750739598,345.4522705078125,1071504,0.0,0.0
FCL.NS,2022-11-02 00:00:00+05:30,347.2385569524393,348.0820976724567,312.70326757267463,317.71484375,2458390,0.0,0.0
FCL.NS,2022-11-03 00:00:00+05:30,312.6039823239849,342.37579016436445,309.18021230816163,330.6655578613281,1700748,0.0,0.0
FCL.NS,2022-11-04 00:00:00+05:30,331.06254453543335,342.3758266637539,331.06254453543335,337.01690673828125,773191,0.0,0.0
FCL.NS,2022-11-07 00:00:00+05:30,338.4062379801381,345.7003374365069,316.5735774652905,326.4479064941406,1431455,0.0,0.0
FCL.NS,2022-11-09 00:00:00+05:30,330.1694099418318,330.1694099418318,319.0545879218203,323.3218688964844,620491,0.0,0.0
FCL.NS,2022-11-10 00:00:00+05:30,322.52793260302167,335.3794423393838,314.5887834927935,321.4859313964844,598452,0.0,0.0
FCL.NS,2022-11-11 00:00:00+05:30,328.6807911086817,336.42144951429935,321.58515223717274,329.77239990234375,1014664,0.0,0.0
FCL.NS,2022-11-14 00:00:00+05:30,332.2037554177297,336.91762498676394,328.4326718766819,334.6351318359375,445506,0.0,0.0
FCL.NS,2022-11-15 00:00:00+05:30,336.91765000587515,342.2765697515293,335.42905950511283,338.15814208984375,613262,0.0,0.0
FCL.NS,2022-11-16 00:00:00+05:30,339.34904235788923,343.76517621055245,330.07015508196946,336.1733703613281,456100,0.0,0.0
FCL.NS,2022-11-17 00:00:00+05:30,337.3642804763601,341.33385562990827,334.43670668643625,335.0817565917969,294266,0.0,0.0
FCL.NS,2022-11-18 00:00:00+05:30,335.42909437778843,337.31463648435965,328.482337985349,330.76483154296875,304207,0.0,0.0
FCL.NS,2022-11-21 00:00:00+05:30,330.46712435005384,333.096961775028,325.70364638351407,326.8945007324219,196418,0.0,0.0
FCL.NS,2022-11-22 00:00:00+05:30,327.4899272257209,331.45950210118417,321.535564912526,322.3294677734375,286453,0.0,0.0
FCL.NS,2022-11-23 00:00:00+05:30,324.11577622341724,326.29902410960494,315.73003766127147,317.8636779785156,229404,0.0,0.0
FCL.NS,2022-11-24 00:00:00+05:30,318.16142084697873,337.61234309209715,313.5964038478001,316.27587890625,935017,0.0,0.0
FCL.NS,2022-11-25 00:00:00+05:30,317.56597154192787,321.2378402020619,315.5811842197908,316.5735778808594,223770,0.0,0.0
FCL.NS,2022-11-28 00:00:00+05:30,317.31784086797177,322.52790705892363,315.5811521376545,317.962890625,265202,0.0,0.0
FCL.NS,2022-11-29 00:00:00+05:30,319.50116904560196,320.5431703334336,311.3635284585597,313.199462890625,283113,0.0,0.0
FCL.NS,2022-11-30 00:00:00+05:30,314.5887820736689,322.428685727563,307.8405174745968,318.2606506347656,1066266,0.0,0.0
FCL.NS,2022-12-01 00:00:00+05:30,320.7912745583187,325.50514479544796,314.78730458099864,316.22625732421875,340864,0.0,0.0
FCL.NS,2022-12-02 00:00:00+05:30,316.22627759946,318.40955606871637,311.7108979338294,313.39794921875,259836,0.0,0.0
FCL.NS,2022-12-05 00:00:00+05:30,314.98572554699365,321.03933262104925,313.44752756669857,316.6231689453125,245117,0.0,0.0
FCL.NS,2022-12-06 00:00:00+05:30,317.02015940344324,318.95530882401545,313.6956346629315,314.9361267089844,200096,0.0,0.0
FCL.NS,2022-12-07 00:00:00+05:30,315.58119655299834,316.97054167570093,310.81771890788866,312.1078186035156,169690,0.0,0.0
FCL.NS,2022-12-08 00:00:00+05:30,313.1002073213038,319.5507662677015,310.02378084362374,311.6612243652344,203829,0.0,0.0
FCL.NS,2022-12-09 00:00:00+05:30,313.5963947908225,315.08498527242455,304.2679004965401,306.1534423828125,270525,0.0,0.0
FCL.NS,2022-12-12 00:00:00+05:30,306.5503865903151,310.8176973753238,296.527204859095,300.5464172363281,448855,0.0,0.0
FCL.NS,2022-12-13 00:00:00+05:30,300.5464215506784,303.47396463318415,287.7941571508688,289.1835021972656,858929,0.0,0.0
FCL.NS,2022-12-14 00:00:00+05:30,289.72934980002174,291.1683024787059,278.6145283620478,280.1031188964844,928907,0.0,0.0
FCL.NS,2022-12-15 00:00:00+05:30,267.69822096943295,272.56094441280624,255.64064265292382,259.46136474609375,2508671,0.0,0.0
FCL.NS,2022-12-16 00:00:00+05:30,260.75144421587373,271.469284042821,258.12160697259475,262.2896423339844,1630487,0.0,0.0
FCL.NS,2022-12-19 00:00:00+05:30,260.00711065881234,267.94625907587533,251.7206184414133,264.6217346191406,1209051,0.0,0.0
FCL.NS,2022-12-20 00:00:00+05:30,264.9195455187967,266.4577438439367,259.51098702118975,262.0912170410156,493621,0.0,0.0
FCL.NS,2022-12-21 00:00:00+05:30,262.9842904231071,269.93104526447223,256.1367809937082,262.68658447265625,664882,0.0,0.0
FCL.NS,2022-12-22 00:00:00+05:30,262.68662012029273,267.00350841488785,244.47618997210998,249.3389129638672,909345,0.0,0.0
FCL.NS,2022-12-23 00:00:00+05:30,245.319707706861,247.50297071236892,211.47909326467527,217.48306274414062,1191316,0.0,0.0
FCL.NS,2022-12-26 00:00:00+05:30,208.40267429230553,257.92311322181536,207.55913360117486,248.6442413330078,2343682,0.0,0.0
FCL.NS,2022-12-27 00:00:00+05:30,258.02234012177047,264.6713894621652,251.12520752013737,260.6025695800781,1029597,0.0,0.0
FCL.NS,2022-12-28 00:00:00+05:30,263.48053684265807,264.572176009078,254.30089478693458,256.6330261230469,491618,0.0,0.0
FCL.NS,2022-12-29 00:00:00+05:30,250.43056757084986,254.0527986824741,248.14805892914165,249.98397827148438,379385,0.0,0.0
FCL.NS,2022-12-30 00:00:00+05:30,252.0183863704462,261.69424044461675,249.0908278761444,250.728271484375,426197,0.0,0.0
FCL.NS,2023-01-02 00:00:00+05:30,253.65582478375822,258.6177930687087,249.93434857004536,252.91152954101562,361423,0.0,0.0
FCL.NS,2023-01-03 00:00:00+05:30,254.7474662630639,254.7474662630639,248.14803929628292,250.1824493408203,268228,0.0,0.0
FCL.NS,2023-01-04 00:00:00+05:30,251.52217957983868,253.40773669055199,247.10603065491256,249.1900634765625,231164,0.0,0.0
FCL.NS,2023-01-05 00:00:00+05:30,250.43055494823142,250.43055494823142,243.13645523411748,244.6250457763672,172868,0.0,0.0
FCL.NS,2023-01-06 00:00:00+05:30,244.67465988481734,246.11362766317387,238.17447838371663,241.0524139404297,341254,0.0,0.0
FCL.NS,2023-01-09 00:00:00+05:30,246.06402361235885,250.03359855312763,243.7319074202932,246.16326904296875,375728,0.0,0.0
FCL.NS,2023-01-10 00:00:00+05:30,248.2968896835898,250.7778738233993,244.12883935725492,247.00677490234375,381588,0.0,0.0
FCL.NS,2023-01-11 00:00:00+05:30,248.24728584063038,252.56420462910253,246.06402266020115,246.85794067382812,332711,0.0,0.0
FCL.NS,2023-01-12 00:00:00+05:30,246.8579373747132,247.45337966265734,239.51422991794297,241.10205078125,320492,0.0,0.0
FCL.NS,2023-01-13 00:00:00+05:30,241.10204989804356,250.97636432831516,236.98362204015018,245.07162475585938,570122,0.0,0.0
FCL.NS,2023-01-16 00:00:00+05:30,246.11363693433174,247.55260476689452,238.47220849354488,240.0104217529297,188911,0.0,0.0
FCL.NS,2023-01-17 00:00:00+05:30,240.01042502464847,246.85793557237974,238.17449060249703,242.4914093017578,248911,0.0,0.0
FCL.NS,2023-01-18 00:00:00+05:30,245.12122356736998,246.60981399389246,241.15164909664333,241.49899291992188,184560,0.0,0.0
FCL.NS,2023-01-19 00:00:00+05:30,240.95321346057875,244.92278859125474,237.47983522123724,238.47222900390625,257431,0.0,0.0
FCL.NS,2023-01-20 00:00:00+05:30,240.10965751389756,242.73950995740682,235.34616462958155,239.1172637939453,204493,0.0,0.0
FCL.NS,2023-01-23 00:00:00+05:30,240.9531902005995,245.56781478745498,232.9644179927502,236.83474731445312,335795,0.0,0.0
FCL.NS,2023-01-24 00:00:00+05:30,237.62865996997598,238.02562652146813,231.0788708689743,232.4682159423828,333122,0.0,0.0
FCL.NS,2023-01-25 00:00:00+05:30,232.22013747524207,233.6591053840433,226.31539769191698,228.99485778808594,328412,0.0,0.0
FCL.NS,2023-01-27 00:00:00+05:30,230.18571629068384,231.57507655996656,220.1129262663336,224.8764190673828,258337,0.0,0.0
FCL.NS,2023-01-30 00:00:00+05:30,233.1628884790871,238.1744795140742,225.5710830016662,232.4682159423828,462600,0.0,0.0
FCL.NS,2023-01-31 00:00:00+05:30,235.19731589493176,244.02961410562543,232.71633155004852,241.5486297607422,571377,0.0,0.0
FCL.NS,2023-02-01 00:00:00+05:30,243.93036216076445,249.14042882245752,228.39939245503473,235.24691772460938,362439,0.0,0.0
FCL.NS,2023-02-02 00:00:00+05:30,235.24691653033628,247.10601755724957,231.47581765151995,237.92637634277344,294644,0.0,0.0
FCL.NS,2023-02-03 00:00:00+05:30,239.9608016105434,240.55622874967688,225.27337170435723,228.10169982910156,315517,0.0,0.0
FCL.NS,2023-02-06 00:00:00+05:30,228.1016962582057,237.13246977352787,223.83440035228483,234.15528869628906,337336,0.0,0.0
FCL.NS,2023-02-07 00:00:00+05:30,235.59425689903938,248.8427187710596,231.52545183926586,243.97999572753906,983220,0.0,0.0
FCL.NS,2023-02-08 00:00:00+05:30,243.93038219488483,251.96876233320066,243.03721875103201,246.85794067382812,597322,0.0,0.0
FCL.NS,2023-02-09 00:00:00+05:30,246.51059454869895,248.59462742250517,241.1516745056637,246.95718383789062,372504,0.0,0.0
FCL.NS,2023-02-10 00:00:00+05:30,243.23569105277215,256.9803492403813,243.23569105277215,252.26646423339844,613478,0.0,0.0
FCL.NS,2023-02-13 00:00:00+05:30,253.75506685072483,257.42692052360036,251.47255830508016,253.06039428710938,516457,0.0,0.0
FCL.NS,2023-02-14 00:00:00+05:30,253.15964485099687,259.9079100547246,249.53739867560103,254.15203857421875,586316,0.0,0.0
FCL.NS,2023-02-15 00:00:00+05:30,254.0528055723062,259.5109713170237,250.08323048523891,256.236083984375,525198,0.0,0.0
FCL.NS,2023-02-16 00:00:00+05:30,257.5261667880877,261.44613404220297,252.76267396924257,254.99557495117188,609502,0.0,0.0
FCL.NS,2023-02-17 00:00:00+05:30,253.60620582902507,254.2016329464039,249.33891001221124,250.7778778076172,199323,0.0,0.0
FCL.NS,2023-02-20 00:00:00+05:30,250.08321097127023,250.8771289552798,239.5142241837415,241.3501434326172,203152,0.0,0.0
FCL.NS,2023-02-21 00:00:00+05:30,241.1516704363404,241.64786728909007,233.26214350616587,235.99122619628906,164434,0.0,0.0
FCL.NS,2023-02-22 00:00:00+05:30,233.16289129644898,245.81591067352358,231.37657964996387,233.65908813476562,362252,0.0,0.0
FCL.NS,2023-02-23 00:00:00+05:30,233.5598604384577,238.17448502880032,231.22772921546033,234.2049102783203,176441,0.0,0.0
FCL.NS,2023-02-24 00:00:00+05:30,234.45301683687643,236.1400831358346,228.79637564967487,230.5826873779297,216218,0.0,0.0
FCL.NS,2023-02-27 00:00:00+05:30,230.9300005601515,231.2277216852871,226.06727770626355,227.30776977539062,184576,0.0,0.0
FCL.NS,2023-02-28 00:00:00+05:30,227.258152284727,231.0788740024994,223.28857757233,225.76956176757812,251693,0.0,0.0
FCL.NS,2023-03-01 00:00:00+05:30,225.42222918181625,231.227738545742,225.42222918181625,227.90321350097656,187670,0.0,0.0
FCL.NS,2023-03-02 00:00:00+05:30,228.9948487396574,231.77355415810968,223.28858490324123,226.761962890625,130107,0.0,0.0
FCL.NS,2023-03-03 00:00:00+05:30,227.9031944877876,234.20490018981556,226.7619478532748,232.66668701171875,240431,0.0,0.0
FCL.NS,2023-03-06 00:00:00+05:30,233.8079615293464,236.9836183374362,231.17810914149732,232.12088012695312,173128,0.0,0.0
FCL.NS,2023-03-08 00:00:00+05:30,231.32697208031283,235.7927436251627,227.75434878734265,233.65908813476562,241734,0.0,0.0
FCL.NS,2023-03-09 00:00:00+05:30,234.2049244032217,240.15928688804937,233.70872752948605,234.25454711914062,211578,0.0,0.0
FCL.NS,2023-03-10 00:00:00+05:30,233.16287946270734,233.16287946270734,224.42981252301945,230.88037109375,131492,0.0,0.0
FCL.NS,2023-03-13 00:00:00+05:30,224.67790658389154,229.6398746192489,223.28856159108136,223.83438110351562,172171,0.0,0.0
FCL.NS,2023-03-14 00:00:00+05:30,224.97566865573694,225.96806244349293,216.34184573080535,218.8228302001953,274920,0.0,0.0
FCL.NS,2023-03-15 00:00:00+05:30,222.29617389916461,224.03286275775184,218.3762220754699,218.97164916992188,164861,0.0,0.0
FCL.NS,2023-03-16 00:00:00+05:30,217.5326898736856,218.1281321339754,214.3570331518332,216.63954162597656,217602,0.0,0.0
FCL.NS,2023-03-17 00:00:00+05:30,220.6587643550148,222.19696260899917,216.54032105783625,217.53271484375,171510,0.0,0.0
FCL.NS,2023-03-20 00:00:00+05:30,218.1281407366633,219.81520701705253,214.40666431989607,217.5823211669922,187994,0.0,0.0
FCL.NS,2023-03-21 00:00:00+05:30,218.67395337267288,220.5098725944294,216.937264433248,217.88003540039062,104189,0.0,0.0
FCL.NS,2023-03-22 00:00:00+05:30,218.1777551190038,225.96803636830592,218.1777551190038,223.1893310546875,247378,0.0,0.0
FCL.NS,2023-03-23 00:00:00+05:30,222.29617458228216,225.12450250347715,220.55948571835808,222.89161682128906,130634,0.0,0.0
FCL.NS,2023-03-24 00:00:00+05:30,225.2733793768658,225.2733793768658,218.5747216200647,219.91445922851562,122491,0.0,0.0
FCL.NS,2023-03-27 00:00:00+05:30,201.4559122468326,222.09770332825514,201.4559122468326,214.15855407714844,247120,0.0,0.0
FCL.NS,2023-03-28 00:00:00+05:30,215.34942198714043,218.32660293627143,206.9140759646027,216.19296264648438,404778,0.0,0.0
FCL.NS,2023-03-29 00:00:00+05:30,215.3494316223292,237.18209289279577,215.3494316223292,232.17050170898438,477743,0.0,0.0
FCL.NS,2023-03-31 00:00:00+05:30,234.155278142293,236.18968814858854,230.2849489734189,231.32696533203125,198276,0.0,0.0
FCL.NS,2023-04-03 00:00:00+05:30,233.11328011719937,237.13247773495658,231.773557673098,233.16290283203125,138603,0.0,0.0
FCL.NS,2023-04-05 00:00:00+05:30,233.9071836100885,238.17447939445086,232.31936283309417,235.09805297851562,182708,0.0,0.0
FCL.NS,2023-04-06 00:00:00+05:30,236.18970493047067,240.65547666234932,229.34219433201397,234.55226135253906,165030,0.0,0.0
FCL.NS,2023-04-10 00:00:00+05:30,235.49503019333906,246.609836706495,231.87278406955963,244.4761962890625,357811,0.0,0.0
FCL.NS,2023-04-11 00:00:00+05:30,246.0639985020878,247.800687361449,243.5830144172861,245.27008056640625,250751,0.0,0.0
FCL.NS,2023-04-12 00:00:00+05:30,245.31971606618913,250.48016020306716,243.88074825052976,244.7242889404297,192474,0.0,0.0
FCL.NS,2023-04-13 00:00:00+05:30,244.77389016517526,246.60982449313994,240.15926570358096,241.0524139404297,130817,0.0,0.0
FCL.NS,2023-04-17 00:00:00+05:30,243.23570546975537,247.7510847563398,238.81954132625418,245.07162475585938,219974,0.0,0.0
FCL.NS,2023-04-18 00:00:00+05:30,249.09083202631592,249.09083202631592,241.1516820015728,242.04483032226562,150915,0.0,0.0
FCL.NS,2023-04-19 00:00:00+05:30,243.63266217873377,245.61744965065827,242.39217000878094,243.53341674804688,97444,0.0,0.0
FCL.NS,2023-04-20 00:00:00+05:30,243.5334061299154,246.1136357880091,242.3425367272283,243.33493041992188,92554,0.0,0.0
FCL.NS,2023-04-21 00:00:00+05:30,243.6326575498701,244.922772410655,234.30416266615094,237.18209838867188,204117,0.0,0.0
FCL.NS,2023-04-24 00:00:00+05:30,231.326964370394,243.1364426716407,231.326964370394,239.91116333007812,153412,0.0,0.0
FCL.NS,2023-04-25 00:00:00+05:30,239.86154821130611,242.7891065239176,235.29654639208712,238.2737274169922,118399,0.0,0.0
FCL.NS,2023-04-26 00:00:00+05:30,237.9760079558663,241.15166470950388,237.18208998177542,239.51422119140625,106081,0.0,0.0
FCL.NS,2023-04-27 00:00:00+05:30,239.51423437611209,241.54862942188097,236.4874304510554,236.98362731933594,119688,0.0,0.0
FCL.NS,2023-04-28 00:00:00+05:30,238.17448517528638,238.67068201940157,235.84235395085466,237.4798126220703,121777,0.0,0.0
FCL.NS,2023-05-02 00:00:00+05:30,240.2088986937917,246.90755618497292,240.2088986937917,243.23570251464844,276090,0.0,0.0
FCL.NS,2023-05-03 00:00:00+05:30,242.5410204974505,252.66344861349882,240.90357690718025,249.5373992919922,249296,0.0,0.0
FCL.NS,2023-05-04 00:00:00+05:30,252.86192578383455,262.83548581273567,252.06800777018628,259.9575500488281,643686,0.0,0.0
FCL.NS,2023-05-05 00:00:00+05:30,261.4461350838681,266.9539080616657,252.86192040442785,254.94593811035156,396313,0.0,0.0
FCL.NS,2023-05-08 00:00:00+05:30,255.0451625157498,258.41929479544405,252.41532545740506,255.1940155029297,165771,0.0,0.0
FCL.NS,2023-05-09 00:00:00+05:30,255.1940214310476,256.68261190832624,248.64423241665673,249.68624877929688,182270,0.0,0.0
FCL.NS,2023-05-10 00:00:00+05:30,252.06799462478304,254.0527819840333,248.84271516600137,252.66343688964844,139880,0.0,0.0
FCL.NS,2023-05-11 00:00:00+05:30,254.84665947357206,259.709412248582,254.30085511822946,256.3848876953125,150611,0.0,0.0
FCL.NS,2023-05-12 00:00:00+05:30,256.8314683822532,257.82386204723167,250.77787611151976,252.167236328125,128783,0.0,0.0
FCL.NS,2023-05-15 00:00:00+05:30,253.85428625188794,260.503320352336,251.57177794025588,257.4765319824219,246574,0.0,0.0
FCL.NS,2023-05-16 00:00:00+05:30,258.41930339057984,265.66379529060623,258.41930339057984,261.396484375,307605,0.0,0.0
FCL.NS,2023-05-17 00:00:00+05:30,263.3812744301365,265.7630131852894,260.00714200321556,261.94232177734375,182798,0.0,0.0
FCL.NS,2023-05-18 00:00:00+05:30,263.3316753639087,265.0683643455817,258.4193144158526,259.6101989746094,200580,0.0,0.0
FCL.NS,2023-05-19 00:00:00+05:30,261.1980213479927,261.4461197610188,252.01836492330395,252.9611358642578,144850,0.0,0.0
FCL.NS,2023-05-22 00:00:00+05:30,272.85864776503837,303.52360567089244,261.9919251203001,301.538818359375,4732574,0.0,0.0
FCL.NS,2023-05-23 00:00:00+05:30,306.64965765949466,308.4359542307087,282.8322085208932,286.3551940917969,1652374,0.0,0.0
FCL.NS,2023-05-24 00:00:00+05:30,284.6185191986477,305.30993522042644,278.86264748572194,293.5997009277344,1520068,0.0,0.0
FCL.NS,2023-05-25 00:00:00+05:30,295.7332849973584,303.67243358789153,292.11105451001737,298.6608581542969,587395,0.0,0.0
FCL.NS,2023-05-26 00:00:00+05:30,300.6952540519514,301.7868930445432,293.7484990078469,296.6264343261719,394506,0.0,0.0
FCL.NS,2023-05-29 00:00:00+05:30,300.1991205265778,307.1954846097921,297.718136059416,301.14190673828125,495214,0.0,0.0
FCL.NS,2023-05-30 00:00:00+05:30,302.6800929593842,305.6572742016076,298.41281195971203,300.9930114746094,343286,0.0,0.0
FCL.NS,2023-05-31 00:00:00+05:30,298.9585633358713,303.12662844925615,290.4239725661227,292.756103515625,368754,0.0,0.0
FCL.NS,2023-06-01 00:00:00+05:30,294.14547277820844,299.8021287161445,293.2523245473372,294.3439636230469,269381,0.0,0.0
FCL.NS,2023-06-02 00:00:00+05:30,295.7333152936423,315.13459953513524,292.90498726142823,310.4703674316406,1582665,0.0,0.0
FCL.NS,2023-06-05 00:00:00+05:30,312.9513708715041,322.1310129343972,312.60402700662826,318.16143798828125,886109,0.0,0.0
FCL.NS,2023-06-06 00:00:00+05:30,319.5011427661121,319.5011427661121,309.8253048289904,313.64599609375,364934,0.0,0.0
FCL.NS,2023-06-07 00:00:00+05:30,313.5964072917209,318.06217891454605,311.41312905082555,313.4971618652344,294900,0.0,0.0
FCL.NS,2023-06-08 00:00:00+05:30,314.3903073443213,314.5391906254567,303.27551624180694,306.40155029296875,254155,0.0,0.0
FCL.NS,2023-06-09 00:00:00+05:30,307.8405175598372,322.37907824929414,306.401534675521,313.64599609375,600413,0.0,0.0
FCL.NS,2023-06-12 00:00:00+05:30,315.28349224508474,315.28349224508474,308.5848347352213,310.07342529296875,272333,0.0,0.0
FCL.NS,2023-06-13 00:00:00+05:30,311.512389616232,313.8445209674683,307.74130551009284,309.5772399902344,209362,0.0,0.0
FCL.NS,2023-06-14 00:00:00+05:30,310.6192340656083,312.55441393195537,306.60005161759864,309.2298889160156,240299,0.0,0.0
FCL.NS,2023-06-15 00:00:00+05:30,310.8177487927055,310.8177487927055,300.9434184155882,302.332763671875,220889,0.0,0.0
FCL.NS,2023-06-16 00:00:00+05:30,303.0274290669273,309.6268412610744,302.68008520714005,305.26031494140625,259964,0.0,0.0
FCL.NS,2023-06-19 00:00:00+05:30,306.1534413847792,307.0465896137387,297.71809534986636,298.31353759765625,292152,0.0,0.0
FCL.NS,2023-06-20 00:00:00+05:30,298.85937608286974,300.6953106040447,293.74855425345623,294.8898010253906,243977,0.0,0.0
FCL.NS,2023-06-21 00:00:00+05:30,295.3859730786758,310.0734177280565,293.99662798243145,303.17626953125,446251,0.0,0.0
FCL.NS,2023-06-22 00:00:00+05:30,304.46635522048473,305.9053381059662,297.718090614079,298.5119934082031,199398,0.0,0.0
FCL.NS,2023-06-23 00:00:00+05:30,298.7105091750402,298.7601167467685,288.1911297051409,289.5804748535156,199066,0.0,0.0
FCL.NS,2023-06-26 00:00:00+05:30,288.7865877660521,291.5156706401299,283.87422647853026,287.595703125,281839,0.0,0.0
FCL.NS,2023-06-27 00:00:00+05:30,288.24076737346394,302.6304762777835,287.7445705146943,301.3899841308594,388391,0.0,0.0
FCL.NS,2023-06-28 00:00:00+05:30,303.970172361832,308.5351893513078,301.68767900981993,303.17626953125,304035,0.0,0.0
FCL.NS,2023-06-30 00:00:00+05:30,303.67243358789153,306.00456454345033,297.2714829225948,298.6608581542969,160322,0.0,0.0
FCL.NS,2023-07-03 00:00:00+05:30,301.3403398624796,304.36715880784834,295.73332153476656,297.07305908203125,257629,0.0,0.0
FCL.NS,2023-07-04 00:00:00+05:30,297.6188560356801,301.88616699454315,293.7981343431874,296.0806579589844,164164,0.0,0.0
FCL.NS,2023-07-05 00:00:00+05:30,296.1302867482179,301.38999175550924,295.73333530825056,296.4776306152344,162032,0.0,0.0
FCL.NS,2023-07-06 00:00:00+05:30,296.72570210019086,299.30593165380446,292.954618334837,293.69891357421875,126186,0.0,0.0
FCL.NS,2023-07-07 00:00:00+05:30,293.6492949630026,293.6492949630026,287.94303108714746,288.9354248046875,182038,0.0,0.0
FCL.NS,2023-07-10 00:00:00+05:30,288.93542178918904,289.58047164176736,279.8054178543785,280.5497131347656,247510,0.0,0.0
FCL.NS,2023-07-11 00:00:00+05:30,279.85502132257295,285.80938347837235,279.8054137521221,282.0382995605469,167367,0.0,0.0
FCL.NS,2023-07-12 00:00:00+05:30,282.2367717096372,286.3551996459781,273.9006704065292,274.9923095703125,331500,0.0,0.0
FCL.NS,2023-07-13 00:00:00+05:30,276.67937945807694,278.0687550071053,263.9767509261869,266.3584899902344,373725,0.0,0.0
FCL.NS,2023-07-14 00:00:00+05:30,268.83944154419146,273.9006553634321,266.0607513575836,272.3624572753906,279094,0.0,0.0
FCL.NS,2023-07-17 00:00:00+05:30,274.5953611457694,281.2443810609144,274.54572328728517,276.8282470703125,265841,0.0,0.0
FCL.NS,2023-07-18 00:00:00+05:30,280.9466643934128,281.3932233901079,272.7594163140251,273.9999084472656,265173,0.0,0.0
FCL.NS,2023-07-19 00:00:00+05:30,276.4312494258518,276.4312494258518,271.4692809903818,272.2632141113281,94681,0.0,0.0
FCL.NS,2023-07-20 00:00:00+05:30,272.0151095930124,274.694554316842,268.0455349336046,269.23638916015625,118986,0.0,0.0
FCL.NS,2023-07-21 00:00:00+05:30,269.0875496338341,284.122308351656,266.6065653475449,279.805419921875,540300,0.0,0.0
FCL.NS,2023-07-24 00:00:00+05:30,285.75976700289544,301.93577157454956,285.4620307331125,300.14947509765625,2140463,0.0,0.0
FCL.NS,2023-07-25 00:00:00+05:30,303.97015177760375,309.3291015202163,295.88214988262695,299.45477294921875,853243,0.0,0.0
FCL.NS,2023-07-26 00:00:00+05:30,302.77932677073176,304.96257475996504,293.1034881048583,301.48919677734375,1263938,0.0,0.0
FCL.NS,2023-07-27 00:00:00+05:30,305.16109081069067,305.16109081069067,295.78295736915567,297.8173828125,245728,0.0,0.0
FCL.NS,2023-07-28 00:00:00+05:30,295.7333338450715,297.6188758896776,289.8285789913661,291.9622497558594,208306,0.0,0.0
FCL.NS,2023-07-31 00:00:00+05:30,292.70651415033615,297.71808988251166,292.70651415033615,296.57684326171875,175432,0.0,0.0
FCL.NS,2023-08-01 00:00:00+05:30,296.57685617632825,299.5043993497177,293.25233130411516,294.0462341308594,146616,0.0,0.0
FCL.NS,2023-08-02 00:00:00+05:30,293.9470197313601,294.5920695653946,284.3207889342401,290.07666015625,176648,0.0,0.0
FCL.NS,2023-08-03 00:00:00+05:30,290.0766768420914,291.6645128763632,285.51168988605843,290.672119140625,166855,0.0,0.0
FCL.NS,2023-08-04 00:00:00+05:30,292.75615090156913,296.2295289631131,290.67211800755206,293.99664306640625,169014,0.0,0.0
FCL.NS,2023-08-07 00:00:00+05:30,301.68764591884536,307.54276193715435,294.2446941280844,298.0157775878906,489983,0.0,0.0
FCL.NS,2023-08-08 00:00:00+05:30,300.9929889699883,300.9929889699883,289.8781980013228,291.4660339355469,211320,0.0,0.0
FCL.NS,2023-08-09 00:00:00+05:30,294.09585548279745,294.09585548279745,286.40480492417004,288.8361511230469,169260,0.0,0.0
FCL.NS,2023-08-10 00:00:00+05:30,289.5804665903322,291.46603882944964,283.8245953032581,286.00787353515625,172290,0.0,0.0
FCL.NS,2023-08-11 00:00:00+05:30,286.3055851189574,289.5804722453052,281.1451257166704,282.48486328125,144757,0.0,0.0
FCL.NS,2023-08-14 00:00:00+05:30,282.48483334389607,290.4239821765252,281.93902897583257,288.38958740234375,228531,0.0,0.0
FCL.NS,2023-08-16 00:00:00+05:30,287.59570195393104,287.89343825570893,282.8818315542639,283.7253723144531,135766,0.0,0.0
FCL.NS,2023-08-17 00:00:00+05:30,285.1643231029107,285.2635685255989,278.9618627530364,279.8550109863281,136261,0.0,0.0
FCL.NS,2023-08-18 00:00:00+05:30,281.19472974928783,283.7253212892996,274.7937789803891,275.38922119140625,251653,0.0,0.0
FCL.NS,2023-08-21 00:00:00+05:30,275.78621471654424,280.15274112222426,272.90827892317236,274.89306640625,163871,0.0,0.0
FCL.NS,2023-08-22 00:00:00+05:30,276.23279119222053,284.9162360276162,275.43885806457024,278.0687255859375,223980,0.0,0.0
FCL.NS,2023-08-23 00:00:00+05:30,278.8129758022876,283.62606021919527,278.76333795426393,281.9886169433594,131625,0.0,0.0
FCL.NS,2023-08-24 00:00:00+05:30,284.32076872836564,286.35516351084607,279.904605058021,281.0954895019531,143804,0.0,0.0
FCL.NS,2023-08-25 00:00:00+05:30,281.8397980665946,284.3207822045047,277.72137045475387,279.2099609375,150830,0.0,0.0
FCL.NS,2023-08-28 00:00:00+05:30,282.83222723618195,284.76740722092717,276.72901154765003,279.0115051269531,210061,0.0,0.0
FCL.NS,2023-08-29 00:00:00+05:30,279.85499585449924,304.7640813298442,279.85499585449924,302.23345947265625,1571140,0.0,0.0
FCL.NS,2023-08-30 00:00:00+05:30,304.66486825569245,321.535561286138,303.07703226632475,312.65362548828125,2655570,0.0,0.0
FCL.NS,2023-08-31 00:00:00+05:30,313.4971512311277,325.20741459391775,307.7908876844128,310.6688232421875,924245,0.0,0.0
FCL.NS,2023-09-01 00:00:00+05:30,309.7260955999449,313.3483267323172,306.6992764895323,310.7680969238281,455099,0.0,0.0
FCL.NS,2023-09-04 00:00:00+05:30,314.63840698061654,341.333821442853,314.63840698061654,339.1505432128906,2421921,0.0,0.0
FCL.NS,2023-09-05 00:00:00+05:30,339.3986443064054,344.3606127904171,331.5587401587572,333.7916259765625,1107170,0.0,0.0
FCL.NS,2023-09-06 00:00:00+05:30,336.47108784161514,347.2385660547902,332.9481021535755,342.22698974609375,995117,0.0,0.0
FCL.NS,2023-09-07 00:00:00+05:30,343.3186203325487,344.5591124853828,337.36425799894494,338.0093078613281,318962,0.0,0.0
FCL.NS,2023-09-08 00:00:00+05:30,340.4463946966416,342.6348131748663,334.2293312434524,340.2474365234375,416440,69.2576,0.0
FCL.NS,2023-09-11 00:00:00+05:30,342.1871709844394,350.54289815805726,339.5013874415688,341.3416442871094,635326,0.0,0.0
FCL.NS,2023-09-12 00:00:00+05:30,343.18189758382715,344.12690335755696,293.4453906876203,305.3324279785156,1477311,0.0,0.0
FCL.NS,2023-09-13 00:00:00+05:30,305.33239285521694,327.71381838390766,305.33239285521694,324.5306701660156,1416857,0.0,0.0
FCL.NS,2023-09-14 00:00:00+05:30,333.6821946446245,334.22928400848565,321.69567978681727,329.85247802734375,374095,0.0,0.0
FCL.NS,2023-09-15 00:00:00+05:30,330.2503845429711,332.09064125108216,322.3920230303172,324.7296447753906,197474,0.0,0.0
FCL.NS,2023-09-18 00:00:00+05:30,327.61437535382834,327.66409971777335,313.4394709594901,314.5834045410156,292867,0.0,0.0
FCL.NS,2023-09-20 00:00:00+05:30,318.81101351355215,323.2872991947097,314.83209290807883,318.3633728027344,462792,0.0,0.0
FCL.NS,2023-09-21 00:00:00+05:30,318.36336614301604,320.99942527440356,311.35053086527006,313.09130859375,203436,0.0,0.0
FCL.NS,2023-09-22 00:00:00+05:30,313.0913146170507,317.3189177532619,310.55476487802605,312.79290771484375,153041,0.0,0.0
FCL.NS,2023-09-25 00:00:00+05:30,310.753660271411,318.81097971464476,310.753660271411,314.4341735839844,188449,0.0,0.0
FCL.NS,2023-09-26 00:00:00+05:30,316.02575885055876,318.3136258939705,312.9918138897051,314.3844299316406,130867,0.0,0.0
FCL.NS,2023-09-27 00:00:00+05:30,312.3452859873457,319.75603819567175,309.6595022772358,316.9210510253906,172526,0.0,0.0
FCL.NS,2023-09-28 00:00:00+05:30,318.31364476458964,320.800470114313,314.38444856932483,314.9812927246094,149402,0.0,0.0
FCL.NS,2023-09-29 00:00:00+05:30,317.3188798260837,323.2375356520607,313.5389178517337,318.2638854980469,500356,0.0,0.0
FCL.NS,2023-10-03 00:00:00+05:30,319.70625783519597,320.1041438160001,313.38971543588434,315.1304931640625,111673,0.0,0.0
FCL.NS,2023-10-04 00:00:00+05:30,314.93156464717515,316.1252225869159,309.46054894228877,311.5992126464844,134254,0.0,0.0
FCL.NS,2023-10-05 00:00:00+05:30,314.28496491412847,318.3136093902736,312.4447082884907,314.18548583984375,194143,0.0,0.0
FCL.NS,2023-10-06 00:00:00+05:30,315.77708911087876,321.2978291407189,308.4658166488645,319.35809326171875,213347,0.0,0.0
FCL.NS,2023-10-09 00:00:00+05:30,310.45526093077945,315.32943220262405,305.0837246239149,306.3768615722656,298253,0.0,0.0
FCL.NS,2023-10-10 00:00:00+05:30,307.81921405757794,312.84258847060596,307.52077684021685,309.8583984375,124910,0.0,0.0
FCL.NS,2023-10-11 00:00:00+05:30,310.30603646025736,318.26387648122375,310.30603646025736,312.04681396484375,161164,0.0,0.0
FCL.NS,2023-10-12 00:00:00+05:30,313.3399657095359,318.16441252276326,309.3610455100497,311.30078125,170998,0.0,0.0
FCL.NS,2023-10-13 00:00:00+05:30,309.9578893391087,314.33469548334926,308.06790831736305,309.2615661621094,116363,0.0,0.0
FCL.NS,2023-10-16 00:00:00+05:30,306.47636069005915,310.5547603152455,306.47636069005915,307.918701171875,148424,0.0,0.0
FCL.NS,2023-10-17 00:00:00+05:30,311.0023782938902,312.04686317541024,307.57057745769526,308.5653076171875,94595,0.0,0.0
FCL.NS,2023-10-18 00:00:00+05:30,308.8139632313553,310.7039442982507,305.9292217349462,307.86895751953125,130286,0.0,0.0
FCL.NS,2023-10-19 00:00:00+05:30,315.32945501124385,330.89697566205683,313.48919817720895,326.66937255859375,1974998,0.0,0.0
FCL.NS,2023-10-20 00:00:00+05:30,328.06196467716876,335.12455423979,323.2872724877431,325.8238220214844,583715,0.0,0.0
FCL.NS,2023-10-23 00:00:00+05:30,325.3264681717704,325.97306702437834,298.91639606940464,300.75665283203125,643017,0.0,0.0
FCL.NS,2023-10-25 00:00:00+05:30,302.89529039913606,307.2223720476168,285.68647323508753,290.26220703125,457209,0.0,0.0
FCL.NS,2023-10-26 00:00:00+05:30,290.2125037454802,297.1258900133951,280.06624468519914,293.2961730957031,314257,0.0,0.0
FCL.NS,2023-10-27 00:00:00+05:30,295.33535028865424,303.3429455276233,293.5945726745417,296.72796630859375,197624,0.0,0.0
FCL.NS,2023-10-30 00:00:00+05:30,297.32482826699203,297.4243073508348,287.3775270178002,291.75433349609375,201661,0.0,0.0
FCL.NS,2023-10-31 00:00:00+05:30,293.39567586902206,301.20428342037496,293.39567586902206,296.180908203125,154479,0.0,0.0
FCL.NS,2023-11-01 00:00:00+05:30,296.4295403082005,297.3247912377812,291.40616594567786,292.052734375,85213,0.0,0.0
FCL.NS,2023-11-02 00:00:00+05:30,295.1364410834195,298.3195592785691,292.6496157637303,295.28564453125,98701,0.0,0.0
FCL.NS,2023-11-03 00:00:00+05:30,297.42430888445733,299.66245167706614,293.7935499811317,294.738525390625,108281,0.0,0.0
FCL.NS,2023-11-06 00:00:00+05:30,294.73849608361087,301.4031994349388,294.73849608361087,298.2698059082031,173520,0.0,0.0
FCL.NS,2023-11-07 00:00:00+05:30,299.3640485869856,310.0076428997771,298.76720443001716,304.23822021484375,290200,0.0,0.0
FCL.NS,2023-11-08 00:00:00+05:30,306.67528175962104,314.3347157740316,302.59691258086747,304.6858215332031,315142,0.0,0.0
FCL.NS,2023-11-09 00:00:00+05:30,307.37159656801435,320.00468080266955,304.7355679115163,315.3294372558594,717250,0.0,0.0
FCL.NS,2023-11-10 00:00:00+05:30,328.2609592812824,328.2609592812824,316.3241971255994,317.915771484375,716338,0.0,0.0
FCL.NS,2023-11-13 00:00:00+05:30,321.546523692996,323.2873014701429,314.3347300448159,320.80047607421875,228566,0.0,0.0
FCL.NS,2023-11-15 00:00:00+05:30,327.9127562387417,332.43879619861707,321.79517247782434,327.6143493652344,773647,0.0,0.0
FCL.NS,2023-11-16 00:00:00+05:30,328.06199014749774,332.09066545456255,325.8238473180467,329.653564453125,389983,0.0,0.0
FCL.NS,2023-11-17 00:00:00+05:30,331.0959111771576,331.1953902559006,322.93911242827465,324.7296447753906,257835,0.0,0.0
FCL.NS,2023-11-20 00:00:00+05:30,324.23226187595117,324.23226187595117,316.4236251544828,318.9601745605469,220457,0.0,0.0
FCL.NS,2023-11-21 00:00:00+05:30,319.1093919776131,320.3030801955771,316.0754774290205,316.7220458984375,149987,0.0,0.0
FCL.NS,2023-11-22 00:00:00+05:30,319.30832766738007,319.30832766738007,315.47861112400693,316.8215026855469,196330,0.0,0.0
FCL.NS,2023-11-23 00:00:00+05:30,318.31360751915713,326.17196863343605,317.5178356430597,324.5306701660156,458531,0.0,0.0
FCL.NS,2023-11-24 00:00:00+05:30,325.2270136066795,366.3093539963603,322.2925477116653,357.7546691894531,5178405,0.0,0.0
FCL.NS,2023-11-28 00:00:00+05:30,363.0764795420986,374.814282354457,351.6370836113201,354.7704772949219,1581479,0.0,0.0
FCL.NS,2023-11-29 00:00:00+05:30,357.60547564454396,374.4661632035877,353.1789144987319,364.916748046875,1936850,0.0,0.0
FCL.NS,2023-11-30 00:00:00+05:30,366.3093277082772,367.55274022595637,356.7599135011512,360.5896301269531,472308,0.0,0.0
FCL.NS,2023-12-01 00:00:00+05:30,362.08171761377423,366.25959572894095,358.1027976399965,359.94305419921875,413778,0.0,0.0
FCL.NS,2023-12-04 00:00:00+05:30,365.0162471176201,372.52644773976493,361.236254266955,366.4585876464844,644228,0.0,0.0
FCL.NS,2023-12-05 00:00:00+05:30,370.98462921249853,371.3825152093279,357.1081311920012,359.7939147949219,406291,0.0,0.0
FCL.NS,2023-12-06 00:00:00+05:30,361.0373117871304,377.7487657803328,359.793899128209,367.2046203613281,950803,0.0,0.0
FCL.NS,2023-12-07 00:00:00+05:30,368.05012073149095,368.89564735046775,362.33042290931235,363.9219970703125,247846,0.0,0.0
FCL.NS,2023-12-08 00:00:00+05:30,366.8067156128578,370.4872290376405,359.0975575220113,362.5293884277344,249364,0.0,0.0
FCL.NS,2023-12-11 00:00:00+05:30,362.87749419237207,376.85346899635607,361.63408168437087,367.4035339355469,728680,0.0,0.0
FCL.NS,2023-12-12 00:00:00+05:30,369.243858982952,372.77513901773574,358.1028687028282,360.44049072265625,280285,0.0,0.0
FCL.NS,2023-12-13 00:00:00+05:30,369.8903978206541,369.94012218349906,359.39597693629077,363.4246520996094,316047,0.0,0.0
FCL.NS,2023-12-14 00:00:00+05:30,366.0109570992952,372.4269481119585,361.0870308988816,362.8775329589844,497353,0.0,0.0
FCL.NS,2023-12-15 00:00:00+05:30,364.66806138324586,370.68616635630264,353.22866521279633,355.41705322265625,875776,0.0,0.0
FCL.NS,2023-12-18 00:00:00+05:30,355.7154902846017,356.4615378605523,346.1660752410832,347.2602844238281,429981,0.0,0.0
FCL.NS,2023-12-19 00:00:00+05:30,350.14500031564063,360.0923014609713,346.16607985750835,358.2520446777344,534564,0.0,0.0
FCL.NS,2023-12-20 00:00:00+05:30,360.09229780487175,364.9664692452444,336.2187752984714,338.00927734375,784553,0.0,0.0
FCL.NS,2023-12-21 00:00:00+05:30,333.2346031135154,350.1450158088281,328.26095232077637,348.8021240234375,388494,0.0,0.0
FCL.NS,2023-12-22 00:00:00+05:30,349.05080216686844,355.9144341030515,342.18717023068535,348.00634765625,269901,0.0,0.0
FCL.NS,2023-12-26 00:00:00+05:30,348.6529145072423,371.97934846219766,348.6529145072423,367.45330810546875,1316026,0.0,0.0
FCL.NS,2023-12-27 00:00:00+05:30,371.0343375359128,389.8347308732181,367.0554170261443,369.24383544921875,1755127,0.0,0.0
FCL.NS,2023-12-28 00:00:00+05:30,369.3929939483488,376.2566249211653,362.08172232995156,367.4035339355469,718495,0.0,0.0
FCL.NS,2023-12-29 00:00:00+05:30,367.4035609300989,369.24381764850153,358.2023076948385,359.3959655761719,317330,0.0,0.0
FCL.NS,2024-01-01 00:00:00+05:30,361.88279782222963,372.0290569732936,361.88279782222963,366.7072448730469,337564,0.0,0.0
FCL.NS,2024-01-02 00:00:00+05:30,366.7072712655047,368.0004387011448,355.168395216919,359.7939147949219,485711,0.0,0.0
FCL.NS,2024-01-03 00:00:00+05:30,360.73887010328525,363.97174297676537,357.20759033803165,360.291259765625,220023,0.0,0.0
FCL.NS,2024-01-04 00:00:00+05:30,362.08173113902075,363.27541931844337,352.1344308330037,353.62652587890625,412384,0.0,0.0
FCL.NS,2024-01-05 00:00:00+05:30,355.118655996563,359.8933484723024,349.24975430774657,354.4223327636719,262652,0.0,0.0
FCL.NS,2024-01-08 00:00:00+05:30,356.0138994322306,357.257312066708,348.2550167357928,349.6973571777344,251955,0.0,0.0
FCL.NS,2024-01-09 00:00:00+05:30,352.7313022352795,354.4720799236237,344.9723891817499,345.6189880371094,175902,0.0,0.0
FCL.NS,2024-01-10 00:00:00+05:30,341.54058338790793,352.5323387691558,341.54058338790793,347.40948486328125,256738,0.0,0.0
FCL.NS,2024-01-11 00:00:00+05:30,347.6084416185263,356.61073677803194,344.7237000760629,348.5036926269531,275613,0.0,0.0
FCL.NS,2024-01-12 00:00:00+05:30,350.44336985034175,355.7154571094195,341.14266855630734,344.27606201171875,354260,0.0,0.0
FCL.NS,2024-01-15 00:00:00+05:30,344.27608352990677,349.19997916566695,341.2918933178996,344.72369384765625,231160,0.0,0.0
FCL.NS,2024-01-16 00:00:00+05:30,345.56924055158544,352.53235145072347,330.449360813224,334.0303649902344,551936,0.0,0.0
FCL.NS,2024-01-17 00:00:00+05:30,333.23458786401267,334.1795936140898,327.514889714108,329.70330810546875,369005,0.0,0.0
FCL.NS,2024-01-18 00:00:00+05:30,329.70330862490624,334.42827666922807,321.1983479310746,325.0777893066406,409005,0.0,0.0
FCL.NS,2024-01-19 00:00:00+05:30,328.161437497288,336.41771512819184,324.8788404742522,330.74774169921875,372136,0.0,0.0
FCL.NS,2024-01-23 00:00:00+05:30,337.06428124750244,337.06428124750244,319.4078229787207,321.6459655761719,364529,0.0,0.0
FCL.NS,2024-01-24 00:00:00+05:30,320.89992335104733,328.1614406446198,315.42890802234825,323.933837890625,366914,0.0,0.0
FCL.NS,2024-01-25 00:00:00+05:30,325.0777877537995,327.06724797348437,318.5125933142427,320.0544128417969,165106,0.0,0.0
FCL.NS,2024-01-29 00:00:00+05:30,320.3030749377863,326.17197614014066,318.31361484500496,325.17724609375,275678,0.0,0.0
FCL.NS,2024-01-30 00:00:00+05:30,327.2661750223885,336.4177033055326,325.52539749567364,333.3837585449219,335262,0.0,0.0
FCL.NS,2024-01-31 00:00:00+05:30,335.12457877942643,340.7945527317141,333.035639409807,338.9045715332031,272232,0.0,0.0
FCL.NS,2024-02-01 00:00:00+05:30,341.19244345117085,341.19244345117085,326.3709702005906,327.4651794433594,232412,0.0,0.0
FCL.NS,2024-02-02 00:00:00+05:30,330.6482495417823,335.422971808008,323.28725353269573,327.8132629394531,388700,0.0,0.0
FCL.NS,2024-02-05 00:00:00+05:30,333.0854025962042,333.0854025962042,320.4523173286233,322.6904602050781,284118,0.0,0.0
FCL.NS,2024-02-06 00:00:00+05:30,320.800487960936,329.45465280211965,318.51262065461486,322.24285888671875,341865,0.0,0.0
FCL.NS,2024-02-07 00:00:00+05:30,323.23756434152784,327.46516734766726,319.3083682284142,321.94439697265625,301587,0.0,0.0
FCL.NS,2024-02-08 00:00:00+05:30,328.16147594816385,353.12920920560117,318.8110184518174,350.6921081542969,1502296,0.0,0.0
FCL.NS,2024-02-09 00:00:00+05:30,370.0396229137074,375.0132737593217,360.29127939900553,372.0290832519531,2776580,0.0,0.0
FCL.NS,2024-02-12 00:00:00+05:30,378.9921764095448,407.04357798728364,378.9921764095448,389.2378845214844,4182094,0.0,0.0
FCL.NS,2024-02-13 00:00:00+05:30,392.9183711051512,397.892021372305,378.09689938038326,388.54156494140625,1193373,0.0,0.0
FCL.NS,2024-02-14 00:00:00+05:30,378.9921565708358,398.88675796563035,378.59427061429045,394.3607482910156,1085074,0.0,0.0
FCL.NS,2024-02-15 00:00:00+05:30,408.78433117484576,426.73919665358346,396.6983366345696,405.2530212402344,3767917,0.0,0.0
FCL.NS,2024-02-16 00:00:00+05:30,410.3261604896628,447.57881435439526,408.08801779608285,435.9404602050781,3790159,0.0,0.0
FCL.NS,2024-02-19 00:00:00+05:30,456.43191765216835,456.43191765216835,430.0715697020939,433.8515319824219,1611909,0.0,0.0
FCL.NS,2024-02-20 00:00:00+05:30,434.6970639130715,444.1967244485616,427.4355461551658,440.2178039550781,1239870,0.0,0.0
FCL.NS,2024-02-21 00:00:00+05:30,444.14697091005576,447.13116108414346,428.77837937080307,430.4197082519531,835444,0.0,0.0
FCL.NS,2024-02-22 00:00:00+05:30,432.65787794690635,452.005360571782,418.1348121198563,447.4295959472656,1558111,0.0,0.0
FCL.NS,2024-02-23 00:00:00+05:30,450.01589107091155,454.1937696327056,437.1838788550492,439.7204284667969,667315,0.0,0.0
FCL.NS,2024-02-26 00:00:00+05:30,443.2613431835189,445.355968608637,428.9481049578278,431.34197998046875,307842,103.886406,0.0
FCL.NS,2024-02-27 00:00:00+05:30,431.7907952222964,435.43143691631406,420.0709016778415,422.4148864746094,323188,0.0,0.0
FCL.NS,2024-02-28 00:00:00+05:30,423.2627324303451,426.6041551159536,401.31910104225915,403.6630859375,544939,0.0,0.0
FCL.NS,2024-02-29 00:00:00+05:30,406.15666961633644,431.89055174796715,404.56076310629606,427.00311279296875,1038361,0.0,0.0
FCL.NS,2024-03-01 00:00:00+05:30,432.9877539014103,444.4083984170116,422.41490716201633,425.35736083984375,654856,0.0,0.0
FCL.NS,2024-03-04 00:00:00+05:30,416.9290133789632,423.2128595388244,401.9674459132109,405.05950927734375,467250,0.0,0.0
FCL.NS,2024-03-05 00:00:00+05:30,405.1592397777123,410.5952574334081,402.4661455868786,405.9073181152344,365159,0.0,0.0
FCL.NS,2024-03-06 00:00:00+05:30,405.9571557007047,406.45587456520184,379.0263370178569,388.8511047363281,795447,0.0,0.0
FCL.NS,2024-03-07 00:00:00+05:30,389.0007327931672,400.7206266657818,389.0007327931672,393.5390625,370999,0.0,0.0
FCL.NS,2024-03-11 00:00:00+05:30,392.9406332066324,395.93294660450687,374.53789363395026,376.98162841796875,388073,0.0,0.0
FCL.NS,2024-03-12 00:00:00+05:30,375.33580392445566,381.4700702876987,361.67092534893396,364.6632385253906,930056,0.0,0.0
FCL.NS,2024-03-13 00:00:00+05:30,364.66327340080454,372.044307187423,339.3283588383855,342.5201416015625,791210,0.0,0.0
FCL.NS,2024-03-14 00:00:00+05:30,337.3833227919506,373.789801082878,333.7426810507348,358.97784423828125,939665,0.0,0.0
FCL.NS,2024-03-15 00:00:00+05:30,358.17990011351515,374.238653886752,356.0852747623304,363.96502685546875,640691,0.0,0.0
FCL.NS,2024-03-18 00:00:00+05:30,363.96503179357904,367.05709493114773,357.83079566997077,359.97528076171875,234531,0.0,0.0
FCL.NS,2024-03-19 00:00:00+05:30,360.07502469248374,365.8601514176065,348.10577179411865,349.8512878417969,419822,0.0,0.0
FCL.NS,2024-03-20 00:00:00+05:30,352.7438462961922,355.7860496291605,337.13395194631784,338.7298583984375,755030,0.0,0.0
FCL.NS,2024-03-21 00:00:00+05:30,342.1211567281701,354.04055031180064,342.1211567281701,345.4126892089844,641702,0.0,0.0
FCL.NS,2024-03-22 00:00:00+05:30,353.9906629686624,387.00585966169996,353.49194407734575,381.96881103515625,2244715,0.0,0.0
FCL.NS,2024-03-26 00:00:00+05:30,384.01354021751456,384.7616185426136,369.6504424634897,372.0941467285156,818375,0.0,0.0
FCL.NS,2024-03-27 00:00:00+05:30,374.73739496014673,383.8639447745245,374.18878590457626,375.7348327636719,620879,0.0,0.0
FCL.NS,2024-03-28 00:00:00+05:30,376.0340634052325,379.5250958241139,364.21441898485637,367.00726318359375,1198562,0.0,0.0
FCL.NS,2024-04-01 00:00:00+05:30,368.25403094701767,375.98417354040146,367.10695317842726,371.0468444824219,300358,0.0,0.0
FCL.NS,2024-04-02 00:00:00+05:30,374.78725024670115,383.9137999532546,372.04429631941326,379.2258605957031,455972,0.0,0.0
FCL.NS,2024-04-03 00:00:00+05:30,379.27569370369633,385.01096060388375,376.38313039843507,381.0212097167969,357752,0.0,0.0
FCL.NS,2024-04-04 00:00:00+05:30,382.9662429943871,397.8779193543752,382.9662429943871,391.49432373046875,774175,0.0,0.0
FCL.NS,2024-04-05 00:00:00+05:30,390.09790640200936,396.43164214213556,383.8639205238111,390.14776611328125,356397,0.0,0.0
FCL.NS,2024-04-08 00:00:00+05:30,392.9406276340825,393.7884253999483,385.0608447799194,386.0084228515625,249452,0.0,0.0
FCL.NS,2024-04-09 00:00:00+05:30,388.35241357081617,388.70152288874095,371.14661151847076,376.7322692871094,300253,0.0,0.0
FCL.NS,2024-04-10 00:00:00+05:30,376.03405429889693,388.5020269215394,370.4982866301982,383.3153381347656,467378,0.0,0.0
FCL.NS,2024-04-12 00:00:00+05:30,383.91378023508304,410.1962707854436,383.91378023508304,390.14776611328125,1709158,0.0,0.0
FCL.NS,2024-04-15 00:00:00+05:30,384.0135423119099,384.0135423119099,368.204147534049,375.3857116699219,548755,0.0,0.0
FCL.NS,2024-04-16 00:00:00+05:30,372.0941496881452,377.87930704522387,371.8447902444621,374.63763427734375,292325,0.0,0.0
FCL.NS,2024-04-18 00:00:00+05:30,380.0238028092901,380.9713808975611,369.1018466945285,371.19647216796875,210573,0.0,0.0
FCL.NS,2024-04-19 00:00:00+05:30,365.06222440567484,368.0545377204755,358.1799098695105,365.810302734375,280206,0.0,0.0
FCL.NS,2024-04-22 00:00:00+05:30,370.0493901384086,375.9342665352129,367.0570770106048,369.6504211425781,240047,0.0,0.0
FCL.NS,2024-04-23 00:00:00+05:30,369.5506968247481,384.1631541875662,367.65557113403673,378.4278869628906,328621,0.0,0.0
FCL.NS,2024-04-24 00:00:00+05:30,384.06340305176354,385.80891915784883,378.22841642007216,379.4253234863281,198318,0.0,0.0
FCL.NS,2024-04-25 00:00:00+05:30,380.02378621921355,383.01609949653016,377.1312228056844,379.3754577636719,168340,0.0,0.0
FCL.NS,2024-04-26 00:00:00+05:30,379.02633697128044,383.8140258941115,373.69003903393957,378.7769775390625,198771,0.0,0.0
FCL.NS,2024-04-29 00:00:00+05:30,383.8140311440907,383.8140311440907,373.8396537189388,374.5378723144531,163759,0.0,0.0
FCL.NS,2024-04-30 00:00:00+05:30,374.98674645105024,381.5698114630662,372.2437925495818,377.18109130859375,162218,0.0,0.0
FCL.NS,2024-05-02 00:00:00+05:30,381.7692940911816,383.0160912632626,373.0417138866151,376.0340270996094,158217,0.0,0.0
FCL.NS,2024-05-03 00:00:00+05:30,379.0263271030571,379.0263271030571,368.1542622292934,371.6452941894531,184983,0.0,0.0
FCL.NS,2024-05-06 00:00:00+05:30,369.251459983781,372.4432424575512,360.0750206880008,363.1670837402344,218372,0.0,0.0
FCL.NS,2024-05-07 00:00:00+05:30,364.6632864650164,364.7630363385551,357.1825025404307,360.7732849121094,132825,0.0,0.0
FCL.NS,2024-05-08 00:00:00+05:30,359.07758200647464,360.7233481694609,352.0955179119043,353.8410339355469,210863,0.0,0.0
FCL.NS,2024-05-09 00:00:00+05:30,353.89092466966923,353.89092466966923,343.11860844088443,344.01629638671875,268007,0.0,0.0
FCL.NS,2024-05-10 00:00:00+05:30,349.10320961576457,351.0980850992832,342.32064514755484,344.8142395019531,241320,0.0,0.0
FCL.NS,2024-05-13 00:00:00+05:30,345.0636185365641,365.7604528536238,339.3782109098584,362.86785888671875,714546,0.0,0.0
FCL.NS,2024-05-14 00:00:00+05:30,364.06480991229614,368.85249934634686,351.19786792382115,352.6441345214844,776461,0.0,0.0
FCL.NS,2024-05-15 00:00:00+05:30,354.0904022636229,365.95990543472374,354.0904022636229,361.471435546875,361190,0.0,0.0
FCL.NS,2024-05-16 00:00:00+05:30,363.3167145893173,364.0149332172679,357.930556617394,360.8231201171875,116422,0.0,0.0
FCL.NS,2024-05-17 00:00:00+05:30,361.77068792213817,361.77068792213817,357.1325779841382,359.2272033691406,145037,0.0,0.0
FCL.NS,2024-05-21 00:00:00+05:30,360.3742379588501,360.47398781925233,354.09039246549753,354.589111328125,158422,0.0,0.0
FCL.NS,2024-05-22 00:00:00+05:30,355.38707981149633,360.8729877708842,354.1402825479991,359.3768310546875,205050,0.0,0.0
FCL.NS,2024-05-23 00:00:00+05:30,362.0699226796231,379.874193560424,362.0699226796231,375.7348327636719,967317,0.0,0.0
FCL.NS,2024-05-24 00:00:00+05:30,380.0237950761745,380.0237950761745,374.18877796153726,377.18109130859375,242459,0.0,0.0
FCL.NS,2024-05-27 00:00:00+05:30,376.4829049254825,382.6171412284143,365.11208980076725,366.1095275878906,326526,0.0,0.0
FCL.NS,2024-05-28 00:00:00+05:30,366.1095164869115,383.016098641775,366.1095164869115,375.0864562988281,498329,0.0,0.0
FCL.NS,2024-05-29 00:00:00+05:30,368.05454312028553,373.04173205145474,358.5290244375066,361.5711975097656,395217,0.0,0.0
FCL.NS,2024-05-30 00:00:00+05:30,357.0827437399584,360.22466682185996,351.0981167499032,353.6415710449219,185027,0.0,0.0
FCL.NS,2024-05-31 00:00:00+05:30,353.392212241584,357.08274440137535,347.7068348541328,353.1428527832031,304869,0.0,0.0
FCL.NS,2024-06-03 00:00:00+05:30,365.06220432449504,370.049392908163,349.20295071630756,352.045654296875,407132,0.0,0.0
FCL.NS,2024-06-04 00:00:00+05:30,357.08275007839507,357.08275007839507,303.0216064661903,325.9626770019531,554299,0.0,0.0
FCL.NS,2024-06-05 00:00:00+05:30,336.1365421621751,348.9037339617198,323.2197103395358,345.2630920410156,330332,0.0,0.0
FCL.NS,2024-06-06 00:00:00+05:30,346.1109076605938,356.83336373365256,344.56489128627896,350.44976806640625,229800,0.0,0.0
FCL.NS,2024-06-07 00:00:00+05:30,353.0929891705971,358.0801782831761,347.4075814065023,356.1351623535156,271260,0.0,0.0
FCL.NS,2024-06-10 00:00:00+05:30,359.32698259104495,368.0545637088011,353.24260566678896,364.7630310058594,342694,0.0,0.0
FCL.NS,2024-06-11 00:00:00+05:30,367.30646669838,369.05198283340286,362.71824676987137,364.86273193359375,172964,0.0,0.0
FCL.NS,2024-06-12 00:00:00+05:30,365.46120844391874,367.7553336765002,354.58914237460016,358.87811279296875,272347,0.0,0.0
FCL.NS,2024-06-13 00:00:00+05:30,359.27711584594977,362.8180079401262,354.1901768632418,356.1351623535156,202010,0.0,0.0
FCL.NS,2024-06-14 00:00:00+05:30,357.0827198143606,361.1223305862272,353.4919377730431,357.98040771484375,149853,0.0,0.0
FCL.NS,2024-06-18 00:00:00+05:30,359.0776113445839,360.7732677961323,353.5917033934861,355.0878601074219,222099,0.0,0.0
FCL.NS,2024-06-19 00:00:00+05:30,356.5840000064489,364.2143927998288,354.04054588845054,358.7284851074219,266194,0.0,0.0
FCL.NS,2024-06-20 00:00:00+05:30,358.8282382646503,377.8294156342516,356.93311258684884,375.63507080078125,902210,0.0,0.0
FCL.NS,2024-06-21 00:00:00+05:30,390.9457357920105,402.964848427013,386.2577662211901,389.15032958984375,1868029,0.0,0.0
FCL.NS,2024-06-24 00:00:00+05:30,389.15032655878184,395.4342025583445,377.4803233128239,391.6439208984375,584663,0.0,0.0
FCL.NS,2024-06-25 00:00:00+05:30,394.78584187995096,403.86253132282246,386.05826173091754,388.10302734375,791963,0.0,0.0
FCL.NS,2024-06-26 00:00:00+05:30,389.20024043264016,398.6260093474493,386.3076464708163,392.0928039550781,403543,0.0,0.0
FCL.NS,2024-06-27 00:00:00+05:30,393.1899938517857,393.9879319178903,379.72458352041474,385.5595703125,400968,0.0,0.0
FCL.NS,2024-06-28 00:00:00+05:30,385.70921485311146,390.19768501615283,379.07622903844117,382.06854248046875,228880,0.0,0.0
FCL.NS,2024-07-01 00:00:00+05:30,382.3178726305212,388.30249905587385,382.06851319613156,386.108154296875,216761,0.0,0.0
FCL.NS,2024-07-02 00:00:00+05:30,386.108152745399,400.37150015942217,384.0135274170655,392.3919982910156,585354,0.0,0.0
FCL.NS,2024-07-03 00:00:00+05:30,394.8856035550898,400.5211208177629,390.99560237444547,393.48919677734375,317236,0.0,0.0
FCL.NS,2024-07-04 00:00:00+05:30,396.132429387853,398.97513330049645,385.85883188112,390.4470520019531,338067,0.0,0.0
FCL.NS,2024-07-05 00:00:00+05:30,390.9956175401145,391.0953674079764,384.1133028090458,386.3076477050781,255949,0.0,0.0
FCL.NS,2024-07-08 00:00:00+05:30,386.95598893763946,391.19509939320847,380.02378436983736,380.8716125488281,231874,0.0,0.0
FCL.NS,2024-07-09 00:00:00+05:30,382.01868268595837,386.0084339411642,371.0468667341423,372.7425231933594,326651,0.0,0.0
FCL.NS,2024-07-10 00:00:00+05:30,375.0365942579172,378.6772359600441,364.11463871215227,372.0442810058594,243700,0.0,0.0
FCL.NS,2024-07-11 00:00:00+05:30,375.9342991533243,377.5302057144992,371.59543865366885,373.19134521484375,151184,0.0,0.0
FCL.NS,2024-07-12 00:00:00+05:30,375.6350891261963,377.18110557155,361.371710035565,366.20928955078125,291022,0.0,0.0
FCL.NS,2024-07-15 00:00:00+05:30,368.35377182439026,375.5353362471013,363.0673635961352,373.2412414550781,225169,0.0,0.0
FCL.NS,2024-07-16 00:00:00+05:30,374.0391558911427,378.3780161873568,370.0494048949705,372.5429992675781,150850,0.0,0.0
FCL.NS,2024-07-18 00:00:00+05:30,372.4432837894935,374.38829975544894,363.81545255160967,365.01239013671875,144793,0.0,0.0
FCL.NS,2024-07-19 00:00:00+05:30,365.06223777323186,368.0545511976026,359.07761092449033,360.1249084472656,158171,0.0,0.0
FCL.NS,2024-07-22 00:00:00+05:30,359.12746147933274,363.7156813675525,354.8883509029291,357.78094482421875,173301,0.0,0.0
FCL.NS,2024-07-23 00:00:00+05:30,362.66841075179354,364.31417712732485,344.96388879694064,360.7732849121094,208895,0.0,0.0
FCL.NS,2024-07-24 00:00:00+05:30,360.2745337463743,373.73994360574136,360.2745337463743,367.0570983886719,221433,0.0,0.0
FCL.NS,2024-07-25 00:00:00+05:30,365.0622449611328,371.04687192770876,361.17224352073583,368.7527770996094,141463,0.0,0.0
FCL.NS,2024-07-26 00:00:00+05:30,370.5979919433594,374.18877400978255,368.20414737887234,370.5979919433594,130357,0.0,0.0
FCL.NS,2024-07-29 00:00:00+05:30,378.37801668479443,383.5646747230063,372.5928594691086,377.0813293457031,352477,0.0,0.0
FCL.NS,2024-07-30 00:00:00+05:30,376.03404716080775,388.00330065133744,376.03404716080775,384.2629089355469,369690,0.0,0.0
FCL.NS,2024-07-31 00:00:00+05:30,384.51225457481763,390.99559998269393,379.62481566291086,380.62225341796875,387651,0.0,0.0
FCL.NS,2024-08-01 00:00:00+05:30,381.07108378182556,383.3153187403508,372.7425028428065,374.33837890625,215354,0.0,0.0
FCL.NS,2024-08-02 00:00:00+05:30,368.05454728256336,375.88444008092324,366.10953140165725,372.692626953125,217509,0.0,0.0
FCL.NS,2024-08-05 00:00:00+05:30,352.0955507068078,367.4062273424174,352.0955507068078,356.6338806152344,324471,0.0,0.0
FCL.NS,2024-08-06 00:00:00+05:30,359.0775911370887,383.26545665118425,357.5814345073508,371.29620361328125,669253,0.0,0.0
FCL.NS,2024-08-07 00:00:00+05:30,374.0391668266681,385.0109823869171,374.0391668266681,378.4278869628906,371226,0.0,0.0
FCL.NS,2024-08-08 00:00:00+05:30,378.4279031171792,382.7667637254624,375.18623019963456,380.07366943359375,259836,0.0,0.0
FCL.NS,2024-08-09 00:00:00+05:30,380.07365492425816,395.98279973416845,380.07365492425816,386.7565002441406,758772,0.0,0.0
FCL.NS,2024-08-12 00:00:00+05:30,383.4649432243751,383.4649432243751,363.11718940637877,366.6581115722656,669065,0.0,0.0
FCL.NS,2024-08-13 00:00:00+05:30,368.35378353176907,368.35378353176907,349.2029951948478,350.39990234375,389465,0.0,0.0
FCL.NS,2024-08-14 00:00:00+05:30,357.08270410896574,358.57886069042786,345.8615297479996,350.7988586425781,190016,0.0,0.0
FCL.NS,2024-08-16 00:00:00+05:30,351.19786532540394,358.08018025070163,349.40245897137834,354.6390075683594,182889,0.0,0.0
FCL.NS,2024-08-19 00:00:00+05:30,361.6709583681327,368.0545543061617,355.53672188424065,367.20672607421875,325552,0.0,0.0
FCL.NS,2024-08-20 00:00:00+05:30,370.04943872492197,372.3934237373373,363.16712371522,365.2617492675781,196997,0.0,0.0
FCL.NS,2024-08-21 00:00:00+05:30,366.0098273181028,368.75278137626185,364.2643110992743,365.5111083984375,128041,0.0,0.0
FCL.NS,2024-08-22 00:00:00+05:30,367.70544685146365,376.93174670142673,366.05968053367184,370.498291015625,299562,0.0,0.0
FCL.NS,2024-08-23 00:00:00+05:30,372.04428795020397,373.0417257195075,367.8051774306641,371.3460693359375,115619,0.0,0.0
FCL.NS,2024-08-26 00:00:00+05:30,372.04426555694454,375.7347972569892,368.1542645786762,369.6504211425781,159076,0.0,0.0
FCL.NS,2024-08-27 00:00:00+05:30,373.04171600443453,383.26545287354,368.40363658583914,374.28851318359375,355515,0.0,0.0
FCL.NS,2024-08-28 00:00:00+05:30,379.0263676098751,383.01611884787377,372.6427717169545,373.98931884765625,254592,0.0,0.0
FCL.NS,2024-08-29 00:00:00+05:30,375.0366255712663,376.18367299245,363.06737156367274,367.00726318359375,192303,0.0,0.0
FCL.NS,2024-08-30 00:00:00+05:30,369.9496402796052,371.2961872749936,368.40362400599315,369.6504211425781,106509,0.0,0.0
FCL.NS,2024-09-02 00:00:00+05:30,373.0417546103773,373.0417546103773,363.0673761448592,363.5162353515625,150450,0.0,0.0
FCL.NS,2024-09-03 00:00:00+05:30,363.4662632482262,367.2606790820153,358.8730021785453,361.6689147949219,120834,34.6288,0.0
FCL.NS,2024-09-04 00:00:00+05:30,356.52645635213577,362.9670111041899,356.52645635213577,359.1226501464844,129725,0.0,0.0
FCL.NS,2024-09-05 00:00:00+05:30,362.61751759832435,364.8642184886149,361.1696619749469,362.9670104980469,106548,0.0,0.0
FCL.NS,2024-09-06 00:00:00+05:30,371.504466038553,377.2460350475819,361.6689330709165,365.9626159667969,351985,0.0,0.0
FCL.NS,2024-09-09 00:00:00+05:30,363.01692012466464,370.6557274274253,359.12264472831123,363.8157653808594,205360,0.0,0.0
FCL.NS,2024-09-10 00:00:00+05:30,366.1123722173537,376.7966949149748,363.5161785225941,374.69976806640625,396054,0.0,0.0
FCL.NS,2024-09-11 00:00:00+05:30,375.49860117329905,413.39296883937425,372.5029999498253,409.1492004394531,4099500,0.0,0.0
FCL.NS,2024-09-12 00:00:00+05:30,414.39149495845083,423.0288055660307,400.9612041977735,403.9068908691406,2446470,0.0,0.0
FCL.NS,2024-09-13 00:00:00+05:30,404.50601103136097,408.79969378478177,398.4648638168614,399.6631164550781,715507,0.0,0.0
FCL.NS,2024-09-16 00:00:00+05:30,399.41349987247554,412.1947196792621,393.92156424922905,407.3019104003906,846982,0.0,0.0
FCL.NS,2024-09-17 00:00:00+05:30,408.3004385388849,419.3841691025911,399.4634088810855,407.6513977050781,949150,0.0,0.0
FCL.NS,2024-09-18 00:00:00+05:30,408.00087284732405,410.39734761474193,384.9347384561631,387.2313537597656,754340,0.0,0.0
FCL.NS,2024-09-19 00:00:00+05:30,394.2211153253951,394.2211153253951,369.45749032516545,387.83050537109375,723342,0.0,0.0
FCL.NS,2024-09-20 00:00:00+05:30,388.92888942088894,393.62201016015797,381.9890677799588,385.68365478515625,302558,0.0,0.0
FCL.NS,2024-09-23 00:00:00+05:30,387.3312274465656,389.32829490488547,379.4428170807685,380.09185791015625,241714,0.0,0.0
FCL.NS,2024-09-24 00:00:00+05:30,391.6249293229297,407.0023422081201,384.43547449391144,401.7600402832031,1359119,0.0,0.0
FCL.NS,2024-09-25 00:00:00+05:30,404.7057207394513,412.1947239394621,401.46048601944665,405.9538879394531,607679,0.0,0.0
FCL.NS,2024-09-26 00:00:00+05:30,405.9538755457507,424.62646847683936,399.2137728715151,414.3415832519531,2279312,0.0,0.0
FCL.NS,2024-09-27 00:00:00+05:30,414.34157309344886,419.9333374633812,405.8040916317005,407.3518371582031,458639,0.0,0.0
FCL.NS,2024-09-30 00:00:00+05:30,407.4017539909064,409.79822880216915,399.5632582668584,404.7556457519531,356055,0.0,0.0
FCL.NS,2024-10-01 00:00:00+05:30,406.4032206337833,432.8144494955533,404.8555055698876,421.8804931640625,1801994,0.0,0.0
FCL.NS,2024-10-03 00:00:00+05:30,421.3812327657103,438.30639162635646,410.5970807039667,413.5926818847656,1729433,0.0,0.0
FCL.NS,2024-10-04 00:00:00+05:30,416.8379205453311,422.0802226626386,398.4149609153748,403.5574035644531,784854,0.0,0.0
FCL.NS,2024-10-07 00:00:00+05:30,405.10515138432487,408.69984847784355,381.4398895059489,383.58673095703125,591038,0.0,0.0
FCL.NS,2024-10-08 00:00:00+05:30,379.44281281952516,400.51188036275437,378.9934604573171,398.3150939941406,329805,0.0,0.0
FCL.NS,2024-10-09 00:00:00+05:30,400.3121558972549,411.3459716117579,399.8128890451823,407.1022033691406,379372,0.0,0.0
FCL.NS,2024-10-10 00:00:00+05:30,407.8011783491072,415.3900409612346,397.06694051176765,399.36358642578125,341643,0.0,0.0
FCL.NS,2024-10-11 00:00:00+05:30,399.3136403996658,404.4560831159154,394.97001249402194,398.61468505859375,217334,0.0,0.0
FCL.NS,2024-10-14 00:00:00+05:30,400.61175253350945,403.9568162164446,392.7732565044881,394.27105712890625,157343,0.0,0.0
FCL.NS,2024-10-15 00:00:00+05:30,395.6190606020791,397.86576140704915,392.972921942406,395.1697082519531,154810,0.0,0.0
FCL.NS,2024-10-16 00:00:00+05:30,394.4208108616698,413.8922179801573,394.37089636588263,409.6983642578125,576956,0.0,0.0
FCL.NS,2024-10-17 00:00:00+05:30,411.3459793725444,411.3459793725444,394.4208205788269,395.4692687988281,265452,0.0,0.0
FCL.NS,2024-10-18 00:00:00+05:30,392.5236255069776,397.76592772502687,382.58820244744675,396.01849365234375,248920,0.0,0.0
FCL.NS,2024-10-21 00:00:00+05:30,399.41349253658944,415.78943963602336,399.41349253658944,402.0596008300781,726004,0.0,0.0
FCL.NS,2024-10-22 00:00:00+05:30,403.2079199568565,403.2079199568565,377.0463537377699,379.6425476074219,458674,0.0,0.0
FCL.NS,2024-10-23 00:00:00+05:30,379.4428062927949,388.9288764501147,374.5000522848488,381.04046630859375,358760,0.0,0.0
FCL.NS,2024-10-24 00:00:00+05:30,381.43988658898604,386.5324147296356,376.0977250147049,377.24603271484375,162729,0.0,0.0
FCL.NS,2024-10-25 00:00:00+05:30,380.44135625535097,380.5911302223025,355.0786052662272,362.3678894042969,409645,0.0,0.0
FCL.NS,2024-10-28 00:00:00+05:30,366.3620195513083,370.5558734076871,360.96994350227214,367.5602722167969,174764,0.0,0.0
FCL.NS,2024-10-29 00:00:00+05:30,369.3576050547454,371.65425082058283,362.46772870289277,365.26361083984375,175517,0.0,0.0
FCL.NS,2024-10-30 00:00:00+05:30,365.6630709047246,380.4413581939938,365.6630709047246,376.6469421386719,243179,0.0,0.0
FCL.NS,2024-10-31 00:00:00+05:30,376.4472129044272,377.54560609234846,370.9552774376518,373.75115966796875,168755,0.0,0.0
FCL.NS,2024-11-01 00:00:00+05:30,373.15206630908267,379.3429571384258,372.35322104305607,375.49859619140625,78491,0.0,0.0
FCL.NS,2024-11-04 00:00:00+05:30,376.4472148574631,376.7467627862544,364.8642175365134,366.5617370605469,198876,0.0,0.0
FCL.NS,2024-11-05 00:00:00+05:30,365.4134185562574,368.4589341425584,362.4677319613786,367.51031494140625,156777,0.0,0.0
FCL.NS,2024-11-06 00:00:00+05:30,369.4574835093968,379.34296143305494,368.45894977018224,378.49420166015625,191004,0.0,0.0
FCL.NS,2024-11-07 00:00:00+05:30,378.14474381936,383.3371010425983,375.5485499713249,377.3958435058594,213742,0.0,0.0
FCL.NS,2024-11-08 00:00:00+05:30,378.4442774252049,379.8422185295709,368.10944739567606,371.75408935546875,139199,0.0,0.0
FCL.NS,2024-11-11 00:00:00+05:30,371.4545565218539,371.4545565218539,364.4648202432169,369.4574890136719,96324,0.0,0.0
FCL.NS,2024-11-12 00:00:00+05:30,370.2562828604561,373.2518839530903,368.45893439400766,371.85394287109375,112579,0.0,0.0
FCL.NS,2024-11-13 00:00:00+05:30,374.8495469403484,374.94940640546184,349.4867969158766,352.8818054199219,267094,0.0,0.0
FCL.NS,2024-11-14 00:00:00+05:30,358.47361737832256,362.2680334511331,344.4941448343211,347.48974609375,218306,0.0,0.0
FCL.NS,2024-11-18 00:00:00+05:30,348.3385025870171,352.18286359485825,327.21952000216436,332.2121887207031,392008,0.0,0.0
FCL.NS,2024-11-19 00:00:00+05:30,332.21219117971765,345.19312994400264,332.21219117971765,333.9596252441406,268493,0.0,0.0
FCL.NS,2024-11-21 00:00:00+05:30,334.50881163383826,334.50881163383826,323.47502570788487,324.4236145019531,209191,0.0,0.0
FCL.NS,2024-11-22 00:00:00+05:30,323.72464773225187,332.31201343933805,320.8788205047495,329.2165832519531,190498,0.0,0.0
FCL.NS,2024-11-25 00:00:00+05:30,338.50294053870186,340.8994154390998,334.10939814250037,337.5543212890625,180243,0.0,0.0
FCL.NS,2024-11-26 00:00:00+05:30,337.3546142578125,339.40159613922856,334.40892767447724,337.3546142578125,135018,0.0,0.0
FCL.NS,2024-11-27 00:00:00+05:30,338.5029273511613,350.8847392482011,337.0550412839784,349.5367126464844,169092,0.0,0.0
FCL.NS,2024-11-28 00:00:00+05:30,351.48388146543573,356.3766907662689,348.18873226583,352.0830078125,133356,0.0,0.0
FCL.NS,2024-11-29 00:00:00+05:30,352.08301307476887,353.4809542569247,345.59254357570103,351.48388671875,102632,0.0,0.0
FCL.NS,2024-12-02 00:00:00+05:30,350.8847369247488,353.4310161495376,341.498526216863,352.1329040527344,118607,0.0,0.0
FCL.NS,2024-12-03 00:00:00+05:30,353.48093302579105,361.9684695532465,352.68211824763335,357.9743347167969,215510,0.0,0.0
FCL.NS,2024-12-04 00:00:00+05:30,359.1726053261029,361.4692207828278,355.62779219771016,357.6748046875,104753,0.0,0.0
FCL.NS,2024-12-05 00:00:00+05:30,358.6733384636502,359.57201275228834,351.58374267935926,353.3311767578125,113621,0.0,0.0
FCL.NS,2024-12-06 00:00:00+05:30,354.4295430688354,357.87446599244845,353.6806428063765,355.8274841308594,87299,0.0,0.0
FCL.NS,2024-12-09 00:00:00+05:30,359.4721302496171,361.36933817581297,343.445676631787,350.3854675292969,191658,0.0,0.0
FCL.NS,2024-12-10 00:00:00+05:30,349.48680734328116,357.02572485541083,349.48680734328116,351.68359375,135574,0.0,0.0
FCL.NS,2024-12-11 00:00:00+05:30,352.63216678199683,358.8730023489755,345.7922049060222,353.4809265136719,163163,0.0,0.0
FCL.NS,2024-12-12 00:00:00+05:30,356.2269203983672,356.2269203983672,344.99341555048596,345.89208984375,146551,0.0,0.0
FCL.NS,2024-12-13 00:00:00+05:30,345.84217608821797,345.84217608821797,337.2547796025864,342.0477294921875,185760,0.0,0.0
FCL.NS,2024-12-16 00:00:00+05:30,347.19019007244697,349.2870865269545,343.0462507151319,346.091796875,98117,0.0,0.0
FCL.NS,2024-12-17 00:00:00+05:30,346.0918031807911,350.4354310795267,344.49414308928897,346.2415771484375,126518,0.0,0.0
FCL.NS,2024-12-18 00:00:00+05:30,348.8876829269621,348.8876829269621,339.0521194859103,340.1505126953125,110796,0.0,0.0
FCL.NS,2024-12-19 00:00:00+05:30,334.5087944678275,340.3002778247054,332.9610793989743,338.2532958984375,118432,0.0,0.0
FCL.NS,2024-12-20 00:00:00+05:30,340.50001484317977,342.2973634362102,331.51321093236265,333.6101379394531,114755,0.0,0.0
FCL.NS,2024-12-23 00:00:00+05:30,334.6086438034516,337.15489251004533,325.9713335262424,327.1695556640625,155518,0.0,0.0
FCL.NS,2024-12-24 00:00:00+05:30,331.31348105001075,333.36049349025035,324.5733783394495,325.8714904785156,142051,0.0,0.0
FCL.NS,2024-12-26 00:00:00+05:30,326.4706075859294,328.41773003024383,322.62624672067153,323.7246398925781,106276,0.0,0.0
FCL.NS,2024-12-27 00:00:00+05:30,325.22243663376923,336.45594070193675,323.82446508257766,325.322265625,338892,0.0,0.0
FCL.NS,2024-12-30 00:00:00+05:30,325.57190411281556,339.1020541735155,322.2767550573643,328.817138671875,309288,0.0,0.0
FCL.NS,2024-12-31 00:00:00+05:30,329.36635792895726,332.5117330933825,324.5234632292772,329.7158508300781,134293,0.0,0.0
FCL.NS,2025-01-01 00:00:00+05:30,330.96402398208915,345.5425923694812,329.7657712916695,342.6468505859375,205513,0.0,0.0
FCL.NS,2025-01-02 00:00:00+05:30,345.39281705143975,353.4809464980808,340.7496412216669,350.3355712890625,209749,0.0,0.0
FCL.NS,2025-01-03 00:00:00+05:30,353.18140428716913,353.18140428716913,340.50001330345026,341.298828125,180689,0.0,0.0
FCL.NS,2025-01-06 00:00:00+05:30,342.94643117864797,342.94643117864797,325.57191942109125,326.7701721191406,139881,0.0,0.0
FCL.NS,2025-01-07 00:00:00+05:30,326.72024411135214,330.5146600435659,317.3340028013368,321.6277160644531,248604,0.0,0.0
FCL.NS,2025-01-08 00:00:00+05:30,323.2253837313225,326.67030684960247,311.9419341889683,314.0887756347656,358360,0.0,0.0
FCL.NS,2025-01-09 00:00:00+05:30,310.6438609559422,329.1666501415394,304.8523468246184,307.04913330078125,597449,0.0,0.0
FCL.NS,2025-01-10 00:00:00+05:30,310.0946437486107,310.54399612506256,297.0637905054859,298.96099853515625,308322,0.0,0.0
FCL.NS,2025-01-13 00:00:00+05:30,298.56158171481763,298.9609891074954,277.59237363451274,279.6893005371094,512698,0.0,0.0
FCL.NS,2025-01-14 00:00:00+05:30,284.6320393792895,288.62617446532244,279.8390894651829,286.0799255371094,339944,0.0,0.0
FCL.NS,2025-01-15 00:00:00+05:30,294.2678998664059,300.9580575156485,288.17683807169936,297.31341552734375,331129,0.0,0.0
FCL.NS,2025-01-16 00:00:00+05:30,298.51167601662564,318.1827725594917,297.9125496735345,315.8362121582031,655249,0.0,0.0
FCL.NS,2025-01-17 00:00:00+05:30,320.52932470131765,338.4030722271676,320.52932470131765,335.6571044921875,1268443,0.0,0.0
FCL.NS,2025-01-20 00:00:00+05:30,333.06092188746163,343.44569732073114,327.5190717347413,330.6145324707031,506206,0.0,0.0
FCL.NS,2025-01-21 00:00:00+05:30,336.8553444716669,343.0961799981435,330.8641423662494,335.3575439453125,536495,0.0,0.0
FCL.NS,2025-01-22 00:00:00+05:30,333.5102766945084,342.9464329398182,323.0256721876451,336.7055969238281,352838,0.0,0.0
FCL.NS,2025-01-23 00:00:00+05:30,337.7041309551941,346.4912158835696,337.7041309551941,341.298828125,340467,0.0,0.0
FCL.NS,2025-01-24 00:00:00+05:30,337.50440537848226,345.3928158593302,334.6086636162509,336.5557861328125,297841,0.0,0.0
FCL.NS,2025-01-27 00:00:00+05:30,334.50878818300924,336.95520792750955,324.5733657179938,325.5718994140625,380736,0.0,0.0
FCL.NS,2025-01-28 00:00:00+05:30,331.1138046905239,332.56166037535326,302.356013790529,325.6717834472656,676041,0.0,0.0
FCL.NS,2025-01-29 00:00:00+05:30,328.5175837060551,333.66002611023134,325.62184210230026,328.1680908203125,320684,0.0,0.0
FCL.NS,2025-01-30 00:00:00+05:30,327.51906325399233,340.30028280160104,321.77749430975314,324.6233215332031,391078,0.0,0.0
FCL.NS,2025-01-31 00:00:00+05:30,326.47060228147956,334.5087863004632,322.8259299330763,324.32373046875,204432,0.0,0.0
FCL.NS,2025-02-01 00:00:00+05:30,327.519068506078,328.5176022515234,314.9874821898714,319.6805725097656,198722,0.0,0.0
FCL.NS,2025-02-03 00:00:00+05:30,319.53077930193086,324.4735332333895,311.89200270381,314.8876037597656,165111,0.0,0.0
FCL.NS,2025-02-04 00:00:00+05:30,317.5337217336978,327.019792037063,317.5337217336978,321.6277160644531,185212,0.0,0.0
FCL.NS,2025-02-05 00:00:00+05:30,324.52344923967485,327.26941688708746,313.9889309996419,315.8861389160156,254808,0.0,0.0
FCL.NS,2025-02-06 00:00:00+05:30,315.536646288157,318.7319662878019,303.05497515334065,303.6041564941406,338363,0.0,0.0
FCL.NS,2025-02-07 00:00:00+05:30,304.502879473129,306.0006800992185,283.8332186439611,286.1797790527344,815505,0.0,0.0
FCL.NS,2025-02-10 00:00:00+05:30,290.1739161699269,297.3134264450743,279.1900448319057,292.0212097167969,2757911,0.0,0.0
FCL.NS,2025-02-11 00:00:00+05:30,292.86992995144635,296.4646574633535,277.6922355841501,281.4367370605469,481615,0.0,0.0
FCL.NS,2025-02-12 00:00:00+05:30,283.0842970014818,286.5791648656976,271.70101919545897,279.88897705078125,535617,0.0,0.0
FCL.NS,2025-02-13 00:00:00+05:30,275.5952951630289,298.06230292088446,269.40437416951016,280.38824462890625,1023736,0.0,0.0
FCL.NS,2025-02-14 00:00:00+05:30,282.28548437140637,282.385313361442,262.264865743688,264.7611999511719,505370,0.0,0.0
FCL.NS,2025-02-17 00:00:00+05:30,265.60997660840957,277.29283363332564,262.66428986666483,272.3999938964844,707411,0.0,0.0
FCL.NS,2025-02-18 00:00:00+05:30,274.0,275.6000061035156,252.64999389648438,254.3000030517578,567793,34.6288,0.0
FCL.NS,2025-02-19 00:00:00+05:30,252.5,264.3500061035156,250.9499969482422,261.1000061035156,486205,0.0,0.0
FCL.NS,2025-02-20 00:00:00+05:30,260.75,268.1000061035156,253.64999389648438,265.45001220703125,521580,0.0,0.0
FCL.NS,2025-02-21 00:00:00+05:30,264.8500061035156,270.04998779296875,257.3500061035156,260.54998779296875,313312,0.0,0.0
FCL.NS,2025-02-24 00:00:00+05:30,259.6000061035156,262.70001220703125,252.0,257.0,284516,0.0,0.0
FCL.NS,2025-02-25 00:00:00+05:30,257.95001220703125,261.20001220703125,247.5500030517578,250.10000610351562,326425,0.0,0.0
FCL.NS,2025-02-27 00:00:00+05:30,250.10000610351562,250.85000610351562,237.25,243.89999389648438,436541,0.0,0.0
FCL.NS,2025-02-28 00:00:00+05:30,241.10000610351562,241.9499969482422,224.5500030517578,228.4499969482422,1583297,0.0,0.0
FCL.NS,2025-03-03 00:00:00+05:30,229.97999572753906,234.99000549316406,218.1300048828125,227.1300048828125,643120,0.0,0.0
FCL.NS,2025-03-04 00:00:00+05:30,225.00999450683594,227.74000549316406,218.1999969482422,219.1699981689453,587279,0.0,0.0
FCL.NS,2025-03-05 00:00:00+05:30,219.0,229.75,218.99000549316406,228.3699951171875,462500,0.0,0.0
FCL.NS,2025-03-06 00:00:00+05:30,230.10000610351562,240.6999969482422,229.42999267578125,237.16000366210938,504720,0.0,0.0
FCL.NS,2025-03-07 00:00:00+05:30,238.44000244140625,243.64999389648438,236.1699981689453,238.33999633789062,548708,0.0,0.0
FCL.NS,2025-03-10 00:00:00+05:30,238.35000610351562,242.6999969482422,225.60000610351562,229.0,541623,0.0,0.0
FCL.NS,2025-03-11 00:00:00+05:30,225.2100067138672,228.0,213.10000610351562,216.30999755859375,615129,0.0,0.0
FCL.NS,2025-03-12 00:00:00+05:30,217.89999389648438,220.17999267578125,215.5,217.6699981689453,419394,0.0,0.0
FCL.NS,2025-03-13 00:00:00+05:30,220.14999389648438,227.02000427246094,217.07000732421875,220.41000366210938,521319,0.0,0.0
FCL.NS,2025-03-17 00:00:00+05:30,220.63999938964844,224.72999572753906,215.10000610351562,216.14999389648438,351835,0.0,0.0
FCL.NS,2025-03-18 00:00:00+05:30,216.14999389648438,216.14999389648438,216.14999389648438,216.14999389648438,0,0.0,0.0
FCL.NS,2025-03-19 00:00:00+05:30,222.02000427246094,227.0,222.02000427246094,224.83999633789062,452035,0.0,0.0
FCL.NS,2025-03-20 00:00:00+05:30,227.85000610351562,235.6999969482422,224.88999938964844,226.10000610351562,656784,0.0,0.0
FCL.NS,2025-03-21 00:00:00+05:30,227.99000549316406,233.8699951171875,226.9199981689453,231.5800018310547,348643,0.0,0.0
FCL.NS,2025-03-24 00:00:00+05:30,234.99000549316406,245.5500030517578,233.02999877929688,240.07000732421875,869428,0.0,0.0
FCL.NS,2025-03-25 00:00:00+05:30,242.3300018310547,249.6999969482422,229.22000122070312,232.1699981689453,612028,0.0,0.0
FCL.NS,2025-03-26 00:00:00+05:30,233.5,234.88999938964844,224.10000610351562,225.67999267578125,397554,0.0,0.0
FCL.NS,2025-03-27 00:00:00+05:30,223.0,242.8000030517578,221.6999969482422,239.0500030517578,1160241,0.0,0.0
FCL.NS,2025-03-28 00:00:00+05:30,243.0,243.0,228.99000549316406,229.8300018310547,550571,0.0,0.0
FCL.NS,2025-04-01 00:00:00+05:30,233.3000030517578,239.5800018310547,230.16000366210938,237.10000610351562,335783,0.0,0.0
FCL.NS,2025-04-02 00:00:00+05:30,237.10000610351562,240.16000366210938,230.61000061035156,236.6999969482422,304011,0.0,0.0
FCL.NS,2025-04-03 00:00:00+05:30,236.0,247.0,233.2100067138672,243.63999938964844,481940,0.0,0.0
FCL.NS,2025-04-04 00:00:00+05:30,241.08999633789062,243.1199951171875,226.00999450683594,229.80999755859375,528528,0.0,0.0
FCL.NS,2025-04-07 00:00:00+05:30,208.74000549316406,222.00999450683594,207.0,214.07000732421875,630999,0.0,0.0
FCL.NS,2025-04-08 00:00:00+05:30,220.39999389648438,224.7100067138672,217.0,222.67999267578125,220648,0.0,0.0
FCL.NS,2025-04-09 00:00:00+05:30,221.10000610351562,222.5,215.2100067138672,218.5,187857,0.0,0.0
FCL.NS,2025-04-11 00:00:00+05:30,226.44000244140625,228.89999389648438,224.2100067138672,227.57000732421875,281980,0.0,0.0
FCL.NS,2025-04-15 00:00:00+05:30,233.5500030517578,241.6999969482422,231.0,238.52000427246094,250474,0.0,0.0
FCL.NS,2025-04-16 00:00:00+05:30,241.72999572753906,242.22999572753906,237.10000610351562,239.97000122070312,231616,0.0,0.0
FCL.NS,2025-04-17 00:00:00+05:30,239.89999389648438,252.17999267578125,237.02000427246094,249.05999755859375,621026,0.0,0.0
FCL.NS,2025-04-21 00:00:00+05:30,249.8000030517578,251.5,245.19000244140625,249.2899932861328,274015,0.0,0.0
FCL.NS,2025-04-22 00:00:00+05:30,251.0,254.0,248.0,248.52000427246094,268814,0.0,0.0
FCL.NS,2025-04-23 00:00:00+05:30,250.27999877929688,251.99000549316406,241.05999755859375,249.3000030517578,262740,0.0,0.0
FCL.NS,2025-04-24 00:00:00+05:30,249.25,254.8000030517578,246.24000549316406,250.77000427246094,284570,0.0,0.0
FCL.NS,2025-04-25 00:00:00+05:30,250.0,251.3800048828125,237.0399932861328,241.6300048828125,355058,0.0,0.0
FCL.NS,2025-04-28 00:00:00+05:30,241.0,244.49000549316406,237.2100067138672,243.5,184370,0.0,0.0
FCL.NS,2025-04-29 00:00:00+05:30,241.0,247.6999969482422,240.0,241.3300018310547,162317,0.0,0.0
FCL.NS,2025-04-30 00:00:00+05:30,241.32000732421875,241.64999389648438,237.0,237.69000244140625,121427,0.0,0.0
FCL.NS,2025-05-02 00:00:00+05:30,239.1999969482422,245.19000244140625,236.1199951171875,237.42999267578125,137938,0.0,0.0
FCL.NS,2025-05-05 00:00:00+05:30,238.00999450683594,247.0,237.02000427246094,245.4199981689453,278768,0.0,0.0
FCL.NS,2025-05-06 00:00:00+05:30,245.4199981689453,246.9499969482422,229.50999450683594,231.0,428737,0.0,0.0
FCL.NS,2025-05-07 00:00:00+05:30,228.10000610351562,237.19000244140625,225.30999755859375,236.24000549316406,300550,0.0,0.0
FCL.NS,2025-05-08 00:00:00+05:30,236.5500030517578,241.00999450683594,225.0,230.6199951171875,196351,0.0,0.0
FCL.NS,2025-05-09 00:00:00+05:30,221.61000061035156,232.94000244140625,221.61000061035156,231.00999450683594,154310,0.0,0.0
FCL.NS,2025-05-12 00:00:00+05:30,237.0,249.8000030517578,237.0,247.7899932861328,411688,0.0,0.0
FCL.NS,2025-05-13 00:00:00+05:30,247.7899932861328,261.989990234375,245.0800018310547,257.3800048828125,424191,0.0,0.0
FCL.NS,2025-05-14 00:00:00+05:30,259.44000244140625,260.3399963378906,253.52000427246094,255.60000610351562,231465,0.0,0.0
FCL.NS,2025-05-15 00:00:00+05:30,257.0,265.5,257.0,262.94000244140625,381359,0.0,0.0
FCL.NS,2025-05-16 00:00:00+05:30,262.94000244140625,266.0,260.1000061035156,264.8800048828125,211386,0.0,0.0
FCL.NS,2025-05-19 00:00:00+05:30,267.5,269.79998779296875,263.04998779296875,265.55999755859375,241861,0.0,0.0
FCL.NS,2025-05-20 00:00:00+05:30,265.6499938964844,267.9800109863281,255.0,257.3399963378906,244173,0.0,0.0
FCL.NS,2025-05-21 00:00:00+05:30,240.0,240.0,228.72000122070312,231.8699951171875,2453522,0.0,0.0
FCL.NS,2025-05-22 00:00:00+05:30,233.86000061035156,237.89999389648438,232.0,234.89999389648438,518597,0.0,0.0
FCL.NS,2025-05-23 00:00:00+05:30,235.0,236.88999938964844,231.5,235.5500030517578,330098,0.0,0.0
FCL.NS,2025-05-26 00:00:00+05:30,236.8000030517578,242.35000610351562,236.72000122070312,239.67999267578125,407669,0.0,0.0
FCL.NS,2025-05-27 00:00:00+05:30,240.0,243.5,239.25999450683594,241.58999633789062,195279,0.0,0.0
FCL.NS,2025-05-28 00:00:00+05:30,241.58999633789062,243.33999633789062,239.47999572753906,240.32000732421875,194148,0.0,0.0
FCL.NS,2025-05-29 00:00:00+05:30,242.6699981689453,244.25999450683594,239.10000610351562,241.47999572753906,214992,0.0,0.0
FCL.NS,2025-05-30 00:00:00+05:30,240.5,243.58999633789062,236.61000061035156,238.63999938964844,178538,0.0,0.0
FCL.NS,2025-06-02 00:00:00+05:30,238.8000030517578,252.1999969482422,236.63999938964844,248.5,858520,0.0,0.0
FCL.NS,2025-06-03 00:00:00+05:30,249.35000610351562,257.5899963378906,246.72000122070312,249.8800048828125,504813,0.0,0.0
FCL.NS,2025-06-04 00:00:00+05:30,250.25,253.3000030517578,247.0,247.57000732421875,286045,0.0,0.0
FCL.NS,2025-06-05 00:00:00+05:30,249.35000610351562,254.9499969482422,249.11000061035156,253.8000030517578,355371,0.0,0.0
FCL.NS,2025-06-06 00:00:00+05:30,255.0500030517578,259.0,252.80999755859375,254.13999938964844,271071,0.0,0.0
FCL.NS,2025-06-09 00:00:00+05:30,255.4499969482422,257.8999938964844,253.44000244140625,254.92999267578125,296383,0.0,0.0
FCL.NS,2025-06-10 00:00:00+05:30,257.0,276.0,256.3699951171875,265.92999267578125,1593142,0.0,0.0
FCL.NS,2025-06-11 00:00:00+05:30,268.6000061035156,282.8299865722656,267.29998779296875,277.3800048828125,2163610,0.0,0.0
FCL.NS,2025-06-12 00:00:00+05:30,278.989990234375,281.489990234375,265.1000061035156,266.4700012207031,533530,0.0,0.0
FCL.NS,2025-06-13 00:00:00+05:30,260.0,269.489990234375,257.1000061035156,265.92999267578125,498168,0.0,0.0
FCL.NS,2025-06-16 00:00:00+05:30,264.989990234375,265.6400146484375,256.0,262.760009765625,344315,0.0,0.0
FCL.NS,2025-06-17 00:00:00+05:30,262.79998779296875,274.3999938964844,261.1000061035156,271.2099914550781,729470,0.0,0.0
FCL.NS,2025-06-18 00:00:00+05:30,272.0,280.0,266.5,267.4100036621094,695393,0.0,0.0
FCL.NS,2025-06-19 00:00:00+05:30,267.4100036621094,273.7200012207031,261.3999938964844,264.07000732421875,481237,0.0,0.0
FCL.NS,2025-06-20 00:00:00+05:30,264.07000732421875,290.6600036621094,264.07000732421875,277.7099914550781,11084968,0.0,0.0
