symbol,Date,Open,High,Low,Close,Volume,Dividends,Stock Splits
GMMPFAUDLR.NS,2018-03-05 00:00:00+05:30,240.44377975939378,241.7371892987201,230.84260199178308,235.5851593017578,2724,0.0,0.0
GMMPFAUDLR.NS,2018-03-06 00:00:00+05:30,235.80071268187413,238.78553182974596,232.15259532950571,236.4142608642578,3465,0.0,0.0
GMMPFAUDLR.NS,2018-03-07 00:00:00+05:30,223.86141855868775,230.49435453946984,190.69676901792536,224.4252166748047,14940,0.0,0.0
GMMPFAUDLR.NS,2018-03-08 00:00:00+05:30,223.86141930725614,243.42857064797064,219.21836258702538,235.40272521972656,4005,0.0,0.0
GMMPFAUDLR.NS,2018-03-09 00:00:00+05:30,228.33864550844982,234.80575311544294,222.25292940278746,232.8822021484375,7176,0.0,0.0
GMMPFAUDLR.NS,2018-03-12 00:00:00+05:30,230.49435888533264,233.47917785572585,225.519660601344,233.11436462402344,13239,0.0,0.0
GMMPFAUDLR.NS,2018-03-13 00:00:00+05:30,235.4690630630276,235.4690630630276,227.24421722781355,233.34652709960938,1272,0.0,0.0
GMMPFAUDLR.NS,2018-03-14 00:00:00+05:30,235.46906354207294,246.74504156376298,228.83612725671568,239.76388549804688,11343,0.0,0.0
GMMPFAUDLR.NS,2018-03-15 00:00:00+05:30,235.17057525523677,245.4184568881371,233.82740062868555,241.4552764892578,4596,0.0,0.0
GMMPFAUDLR.NS,2018-03-16 00:00:00+05:30,242.1019688186514,242.43362547926108,231.32346134345923,232.15257263183594,5640,0.0,0.0
GMMPFAUDLR.NS,2018-03-19 00:00:00+05:30,235.46906758789666,238.78552819677125,228.00701983174756,228.04017639160156,3876,0.0,0.0
GMMPFAUDLR.NS,2018-03-20 00:00:00+05:30,228.00701958136347,241.73717529234014,222.36902288905046,227.72511291503906,12051,0.0,0.0
GMMPFAUDLR.NS,2018-03-21 00:00:00+05:30,232.1525793786118,234.45752188343826,226.51459816328224,228.76979064941406,3048,0.0,0.0
GMMPFAUDLR.NS,2018-03-22 00:00:00+05:30,228.50448911451525,230.49436851121183,224.29257367642086,224.35890197753906,3786,0.0,0.0
GMMPFAUDLR.NS,2018-03-23 00:00:00+05:30,218.88673044152355,230.4943651466747,217.5601492569483,218.4390106201172,21087,0.0,0.0
GMMPFAUDLR.NS,2018-03-26 00:00:00+05:30,224.9890068222117,232.1525689260543,218.88671261591716,227.14471435546875,11001,0.0,0.0
GMMPFAUDLR.NS,2018-03-27 00:00:00+05:30,227.1778913925251,232.06968327448436,227.1778913925251,227.65878295898438,4242,0.0,0.0
GMMPFAUDLR.NS,2018-03-28 00:00:00+05:30,230.46119260049173,238.78552328361667,227.17788861902704,227.2442169189453,3513,0.0,0.0
GMMPFAUDLR.NS,2018-04-02 00:00:00+05:30,231.48930569464878,242.1019855740172,228.1728299484682,237.97299194335938,24519,0.0,0.0
GMMPFAUDLR.NS,2018-04-03 00:00:00+05:30,233.67817276554885,241.7703469634346,233.67817276554885,236.56349182128906,3213,0.0,0.0
GMMPFAUDLR.NS,2018-04-04 00:00:00+05:30,238.7855320150784,238.7855320150784,232.83247199489352,234.5902099609375,1287,0.0,0.0
GMMPFAUDLR.NS,2018-04-05 00:00:00+05:30,237.12729245113258,242.06883444017365,232.15259390193697,237.5750274658203,4290,0.0,0.0
GMMPFAUDLR.NS,2018-04-06 00:00:00+05:30,238.45389178292103,241.77035246262395,237.45895206085262,241.3557891845703,3609,0.0,0.0
GMMPFAUDLR.NS,2018-04-09 00:00:00+05:30,243.42856914194155,250.3931465884126,237.12727466456124,239.299560546875,32931,0.0,0.0
GMMPFAUDLR.NS,2018-04-10 00:00:00+05:30,237.6247727249616,245.41847758147472,237.6247727249616,242.88137817382812,16095,0.0,0.0
GMMPFAUDLR.NS,2018-04-11 00:00:00+05:30,243.19641769300063,246.74503478874456,242.10197799832403,246.19781494140625,4701,0.0,0.0
GMMPFAUDLR.NS,2018-04-12 00:00:00+05:30,246.19780089121053,246.19780089121053,237.16043792179624,240.47689819335938,9624,0.0,0.0
GMMPFAUDLR.NS,2018-04-13 00:00:00+05:30,238.12223943537197,242.76529661698711,238.12223943537197,241.83668518066406,3234,0.0,0.0
GMMPFAUDLR.NS,2018-04-16 00:00:00+05:30,241.77034688779938,243.76022628605287,237.14388335949,238.38755798339844,24699,0.0,0.0
GMMPFAUDLR.NS,2018-04-17 00:00:00+05:30,237.4589483519901,248.71834835209913,236.4474151838644,247.60733032226562,8958,0.0,0.0
GMMPFAUDLR.NS,2018-04-18 00:00:00+05:30,249.3816269055216,249.72986186920423,244.7551634255946,247.12643432617188,9078,0.0,0.0
GMMPFAUDLR.NS,2018-04-19 00:00:00+05:30,247.0766718900932,250.39314747356698,235.46905289265717,242.06881713867188,25158,0.0,0.0
GMMPFAUDLR.NS,2018-04-20 00:00:00+05:30,250.06149559308824,250.06149559308824,240.77539718106505,243.77679443359375,1785,0.0,0.0
GMMPFAUDLR.NS,2018-04-23 00:00:00+05:30,245.08682775174603,258.0210600912094,245.08682775174603,254.47242736816406,21831,0.0,0.0
GMMPFAUDLR.NS,2018-04-24 00:00:00+05:30,255.36785033067258,263.9409162414762,255.36785033067258,258.684326171875,26694,0.0,0.0
GMMPFAUDLR.NS,2018-04-25 00:00:00+05:30,258.68431821862663,258.68431821862663,251.05644223627039,251.96847534179688,11757,0.0,0.0
GMMPFAUDLR.NS,2018-04-26 00:00:00+05:30,251.96846116369625,251.96846116369625,244.5893205179235,245.0204620361328,12450,0.0,0.0
GMMPFAUDLR.NS,2018-04-27 00:00:00+05:30,246.94402151723384,255.31810208135403,245.4184554629235,249.31529235839844,7713,0.0,0.0
GMMPFAUDLR.NS,2018-04-30 00:00:00+05:30,251.05640912206596,261.6691027609824,251.05640912206596,259.13201904296875,28965,0.0,0.0
GMMPFAUDLR.NS,2018-05-02 00:00:00+05:30,263.5429470602587,265.6489048218203,257.0261040497777,258.4024353027344,19992,0.0,0.0
GMMPFAUDLR.NS,2018-05-03 00:00:00+05:30,258.68433561238123,259.31446209799617,254.38951336015253,258.4521789550781,5799,0.0,0.0
GMMPFAUDLR.NS,2018-05-04 00:00:00+05:30,255.38440186389786,270.2919177631062,255.38440186389786,264.28912353515625,15762,0.0,0.0
GMMPFAUDLR.NS,2018-05-07 00:00:00+05:30,259.3641593660639,268.63369421876024,259.3641593660639,267.5890197753906,13410,0.0,0.0
GMMPFAUDLR.NS,2018-05-08 00:00:00+05:30,266.6438040098934,284.88437286296215,266.31214736644444,277.1570129394531,54573,0.0,0.0
GMMPFAUDLR.NS,2018-05-09 00:00:00+05:30,275.26661042950764,280.22473011314503,271.95016536376744,272.5802917480469,9603,0.0,0.0
GMMPFAUDLR.NS,2018-05-10 00:00:00+05:30,268.05331364358494,276.5932224184412,268.05331364358494,271.98333740234375,17319,0.0,0.0
GMMPFAUDLR.NS,2018-05-11 00:00:00+05:30,272.61346258183687,275.6480163521783,261.10531319145554,275.283203125,7914,0.0,0.0
GMMPFAUDLR.NS,2018-05-14 00:00:00+05:30,273.6084196146994,276.92489542804884,270.3251307245831,272.0165100097656,11805,0.0,0.0
GMMPFAUDLR.NS,2018-05-15 00:00:00+05:30,275.26664092958606,280.57299613113025,273.6249964929382,276.2284240722656,8379,0.0,0.0
GMMPFAUDLR.NS,2018-05-16 00:00:00+05:30,275.2666384638024,281.5347767518775,275.2666384638024,280.09210205078125,17385,0.0,0.0
GMMPFAUDLR.NS,2018-05-17 00:00:00+05:30,285.2160607698258,294.8338322396431,277.52185573923293,291.1856994628906,79191,0.0,0.0
GMMPFAUDLR.NS,2018-05-18 00:00:00+05:30,289.85906986343247,291.8489489920987,277.4223253092684,282.28094482421875,60150,0.0,0.0
GMMPFAUDLR.NS,2018-05-21 00:00:00+05:30,280.2413391331304,281.0704656720922,270.29194211818907,272.8622131347656,9654,0.0,0.0
GMMPFAUDLR.NS,2018-05-22 00:00:00+05:30,273.60842578024926,275.26664854271564,263.012323727208,271.6517028808594,30609,0.0,0.0
GMMPFAUDLR.NS,2018-05-23 00:00:00+05:30,266.2127165022174,276.5932399968994,265.81471632680945,271.4527282714844,10845,0.0,0.0
GMMPFAUDLR.NS,2018-05-24 00:00:00+05:30,268.6502979567886,271.9501954729062,266.3287618632228,268.30206298828125,6705,0.0,0.0
GMMPFAUDLR.NS,2018-05-25 00:00:00+05:30,268.3020759232241,295.16544918600067,263.675612156154,290.5058288574219,38910,0.0,0.0
GMMPFAUDLR.NS,2018-05-28 00:00:00+05:30,288.53248304594445,311.416093770278,288.53248304594445,309.0614013671875,83646,0.0,0.0
GMMPFAUDLR.NS,2018-05-29 00:00:00+05:30,311.731186225317,311.731186225317,298.81354916282703,301.1018981933594,10353,0.0,0.0
GMMPFAUDLR.NS,2018-05-30 00:00:00+05:30,300.8034646765637,300.8034646765637,295.1654524527163,295.8287658691406,5316,0.0,0.0
GMMPFAUDLR.NS,2018-05-31 00:00:00+05:30,297.15531136421146,300.1567087214183,283.889469040005,285.56427001953125,6906,0.0,0.0
GMMPFAUDLR.NS,2018-06-01 00:00:00+05:30,293.5072160267278,293.5072160267278,270.2919458809647,273.625,15552,0.0,0.0
GMMPFAUDLR.NS,2018-06-04 00:00:00+05:30,279.90970631825695,280.556411036604,262.0007921065873,265.3006591796875,18393,0.0,0.0
GMMPFAUDLR.NS,2018-06-05 00:00:00+05:30,262.6972238478675,265.3172295655629,254.04125193940664,255.2517547607422,12639,0.0,0.0
GMMPFAUDLR.NS,2018-06-06 00:00:00+05:30,255.36783836505847,271.9501864309311,249.72985702602526,270.9884033203125,14451,0.0,0.0
GMMPFAUDLR.NS,2018-06-07 00:00:00+05:30,271.5853570757224,278.58309090519214,270.29191736434564,271.86724853515625,9309,0.0,0.0
GMMPFAUDLR.NS,2018-06-08 00:00:00+05:30,272.2155238322577,274.58679489769344,268.15284303314246,268.8990478515625,6801,0.0,0.0
GMMPFAUDLR.NS,2018-06-11 00:00:00+05:30,269.3965180612349,285.0502409863949,268.9653916684227,278.9976806640625,15927,0.0,0.0
GMMPFAUDLR.NS,2018-06-12 00:00:00+05:30,279.9594427498494,280.65591267397025,277.55501530102197,279.67755126953125,2772,0.0,0.0
GMMPFAUDLR.NS,2018-06-13 00:00:00+05:30,280.30770701406817,281.70061664476907,279.90973717146113,280.2413635253906,1749,0.0,0.0
GMMPFAUDLR.NS,2018-06-14 00:00:00+05:30,280.5398054672789,287.86919574292114,279.8931008118406,282.47991943359375,13515,0.0,0.0
GMMPFAUDLR.NS,2018-06-15 00:00:00+05:30,283.52466788394344,295.2317880494486,283.52466788394344,291.8489990234375,15786,0.0,0.0
GMMPFAUDLR.NS,2018-06-18 00:00:00+05:30,292.95993968222285,292.95993968222285,283.5577495263549,284.8677673339844,4509,0.0,0.0
GMMPFAUDLR.NS,2018-06-19 00:00:00+05:30,285.133147192672,285.133147192672,274.6033585289945,275.946533203125,2955,0.0,0.0
GMMPFAUDLR.NS,2018-06-20 00:00:00+05:30,276.51028123988004,283.55778004628985,273.60838425519194,279.11370849609375,7143,0.0,0.0
GMMPFAUDLR.NS,2018-06-21 00:00:00+05:30,278.81526551844894,278.81526551844894,271.137639599519,277.4389343261719,3345,0.0,0.0
GMMPFAUDLR.NS,2018-06-22 00:00:00+05:30,276.891729553634,278.5831393305447,273.6084404139279,278.3509826660156,1737,0.0,0.0
GMMPFAUDLR.NS,2018-06-25 00:00:00+05:30,277.6545088424741,282.7452551012784,273.9400633937465,276.6761474609375,2055,0.0,0.0
GMMPFAUDLR.NS,2018-06-26 00:00:00+05:30,276.4771251299827,279.2297872548731,271.63508381296276,275.1837158203125,12126,0.0,0.0
GMMPFAUDLR.NS,2018-06-27 00:00:00+05:30,274.43753239988416,280.9046401756392,261.3374733299736,267.2076416015625,12558,0.0,0.0
GMMPFAUDLR.NS,2018-06-28 00:00:00+05:30,269.06481570769506,269.29697232719064,255.3843963407124,258.8998718261719,14340,0.0,0.0
GMMPFAUDLR.NS,2018-06-29 00:00:00+05:30,259.8450639165542,266.3121716941333,259.8450639165542,264.4715576171875,8436,0.0,0.0
GMMPFAUDLR.NS,2018-07-02 00:00:00+05:30,264.48811110188564,265.3172071638035,257.02606436574916,260.4585876464844,7743,0.0,0.0
GMMPFAUDLR.NS,2018-07-03 00:00:00+05:30,261.3374364544502,266.3121340415472,260.3424969370308,263.2941589355469,2793,0.0,0.0
GMMPFAUDLR.NS,2018-07-04 00:00:00+05:30,263.65898948793256,266.9754648855591,263.32733283922596,265.4996337890625,3948,0.0,0.0
GMMPFAUDLR.NS,2018-07-05 00:00:00+05:30,266.9754865540738,271.6185281970767,263.6590108872723,265.44989013671875,3867,0.0,0.0
GMMPFAUDLR.NS,2018-07-06 00:00:00+05:30,267.1744707016219,269.6286634348928,264.6705431277376,266.3287658691406,2847,0.0,0.0
GMMPFAUDLR.NS,2018-07-09 00:00:00+05:30,265.317260365939,278.5831340113391,265.317260365939,276.6098327636719,10023,0.0,0.0
GMMPFAUDLR.NS,2018-07-10 00:00:00+05:30,271.087878046515,278.58308142614123,269.03165541890144,274.8354797363281,17022,0.0,0.0
GMMPFAUDLR.NS,2018-07-11 00:00:00+05:30,278.35099620574516,278.35099620574516,271.9502307911525,274.6033935546875,7824,0.0,0.0
GMMPFAUDLR.NS,2018-07-12 00:00:00+05:30,275.8304254162996,278.9147442443952,269.6617877601083,274.4706726074219,11808,0.0,0.0
GMMPFAUDLR.NS,2018-07-13 00:00:00+05:30,277.9197884228353,277.9197884228353,272.298355728721,275.3495178222656,5361,0.0,0.0
GMMPFAUDLR.NS,2018-07-16 00:00:00+05:30,272.6134869610822,273.60842669451677,265.31725212817804,268.63372802734375,7710,0.0,0.0
GMMPFAUDLR.NS,2018-07-17 00:00:00+05:30,268.63371940341557,273.591839630948,265.93079178418316,272.8622131347656,13725,0.0,0.0
GMMPFAUDLR.NS,2018-07-18 00:00:00+05:30,273.60844873164297,274.2717318196382,271.2869123789294,271.9502258300781,4971,0.0,0.0
GMMPFAUDLR.NS,2018-07-19 00:00:00+05:30,276.5766628234083,276.5766628234083,268.65030165417505,270.888916015625,6879,0.0,0.0
GMMPFAUDLR.NS,2018-07-20 00:00:00+05:30,270.30850770376315,273.9400617341899,268.6502850668639,272.0496520996094,7101,0.0,0.0
GMMPFAUDLR.NS,2018-07-23 00:00:00+05:30,278.58309945420655,278.58309945420655,270.3251125799304,274.93499755859375,2517,0.0,0.0
GMMPFAUDLR.NS,2018-07-24 00:00:00+05:30,275.2500628788003,313.4060065776272,275.2500628788003,304.2857360839844,123417,0.0,0.0
GMMPFAUDLR.NS,2018-07-25 00:00:00+05:30,306.34190388696146,308.7297529098273,296.22669450625955,300.27276611328125,19263,0.0,0.0
GMMPFAUDLR.NS,2018-07-26 00:00:00+05:30,301.4667081478421,306.77306296676323,298.4653109765281,302.7933044433594,15342,0.0,0.0
GMMPFAUDLR.NS,2018-07-27 00:00:00+05:30,302.7933004906146,305.86101073692646,299.79190335848165,303.85455322265625,9693,0.0,0.0
GMMPFAUDLR.NS,2018-07-30 00:00:00+05:30,302.46165560379256,303.8545650503908,299.0291016432927,300.6707763671875,8406,0.0,0.0
GMMPFAUDLR.NS,2018-07-31 00:00:00+05:30,300.6873216481674,306.73985031944585,299.41046029602546,304.8163146972656,3756,0.0,0.0
GMMPFAUDLR.NS,2018-08-01 00:00:00+05:30,305.26407137161857,306.7730590775254,301.7983609863393,304.7666015625,7401,0.0,0.0
GMMPFAUDLR.NS,2018-08-02 00:00:00+05:30,304.78319265652124,306.42483702301075,301.79837367630444,301.9310302734375,7440,0.0,0.0
GMMPFAUDLR.NS,2018-08-03 00:00:00+05:30,301.8315751591104,321.66402783225726,299.4768822555926,307.7182922363281,17496,0.0,0.0
GMMPFAUDLR.NS,2018-08-06 00:00:00+05:30,307.76804424081683,320.5364176556239,307.71827903465197,314.83209228515625,28269,0.0,0.0
GMMPFAUDLR.NS,2018-08-07 00:00:00+05:30,319.35906502316516,325.6769381829429,315.0808061005925,324.350341796875,46296,0.0,0.0
GMMPFAUDLR.NS,2018-08-08 00:00:00+05:30,327.6668229593827,336.6212803952481,323.35540740624924,334.0178527832031,49035,0.0,0.0
GMMPFAUDLR.NS,2018-08-09 00:00:00+05:30,337.06898208261936,347.5656142023936,321.03386845790084,343.35369873046875,187464,0.0,0.0
GMMPFAUDLR.NS,2018-08-10 00:00:00+05:30,346.57069362720284,346.57069362720284,331.6465972082776,338.6111755371094,44397,0.0,0.0
GMMPFAUDLR.NS,2018-08-13 00:00:00+05:30,338.6111529749602,344.9124174676539,336.5549301025576,343.5029296875,24543,0.0,0.0
GMMPFAUDLR.NS,2018-08-14 00:00:00+05:30,350.5504243060272,350.5504243060272,327.79946824862003,340.5678405761719,12573,0.0,0.0
GMMPFAUDLR.NS,2018-08-16 00:00:00+05:30,347.565585633436,375.1585819362742,338.2794723498421,362.2906799316406,49662,0.0,0.0
GMMPFAUDLR.NS,2018-08-17 00:00:00+05:30,358.4436184023721,381.39357583016505,358.16172690716655,370.3331604003906,27789,0.0,0.0
GMMPFAUDLR.NS,2018-08-20 00:00:00+05:30,371.4275817871094,381.3935569403592,368.12768432124636,371.4275817871094,24309,0.0,0.0
GMMPFAUDLR.NS,2018-08-21 00:00:00+05:30,374.39579100542824,374.39579100542824,352.1091481527979,362.240966796875,20715,0.0,0.0
GMMPFAUDLR.NS,2018-08-23 00:00:00+05:30,362.8047663575703,362.8047663575703,343.2873633026758,345.5093994140625,16749,0.0,0.0
GMMPFAUDLR.NS,2018-08-24 00:00:00+05:30,342.2592856959293,386.9652324875155,341.43015908821195,378.0771179199219,79128,0.0,0.0
GMMPFAUDLR.NS,2018-08-27 00:00:00+05:30,381.06191365167916,397.3126059040891,378.4087511798544,385.0748291015625,46857,0.0,0.0
GMMPFAUDLR.NS,2018-08-28 00:00:00+05:30,383.0351985157522,393.00117359521084,376.61782543457065,379.85137939453125,21723,0.0,0.0
GMMPFAUDLR.NS,2018-08-29 00:00:00+05:30,379.73529525130385,389.6846918986144,368.12767595049115,372.0079345703125,17016,0.0,0.0
GMMPFAUDLR.NS,2018-08-30 00:00:00+05:30,375.75553158830553,382.90253094512383,371.4607249530914,374.5450439453125,9390,0.0,0.0
GMMPFAUDLR.NS,2018-08-31 00:00:00+05:30,377.54641094191146,377.54641094191146,363.61725693673486,366.6849670410156,12450,0.0,0.0
GMMPFAUDLR.NS,2018-09-03 00:00:00+05:30,369.45424530027105,374.76056954907773,363.6172643360664,371.2285461425781,7881,0.0,0.0
GMMPFAUDLR.NS,2018-09-04 00:00:00+05:30,371.22854163963837,384.0466778707878,363.6172599254502,381.0618591308594,21921,0.0,0.0
GMMPFAUDLR.NS,2018-09-05 00:00:00+05:30,381.0618785511364,381.3935352157463,370.20046437057584,374.843505859375,25209,0.0,0.0
GMMPFAUDLR.NS,2018-09-06 00:00:00+05:30,374.84352384453285,377.0157946396123,366.4694583388855,368.5588073730469,8256,0.0,0.0
GMMPFAUDLR.NS,2018-09-07 00:00:00+05:30,371.12905491796295,371.1456331964709,362.32383324678335,363.9820861816406,7671,0.0,0.0
GMMPFAUDLR.NS,2018-09-10 00:00:00+05:30,365.756395984868,370.78082902118734,344.91239838335684,363.11981201171875,34467,0.0,0.0
GMMPFAUDLR.NS,2018-09-11 00:00:00+05:30,359.23956996226934,359.8365094830745,348.89217294211954,352.2086486816406,12648,0.0,0.0
GMMPFAUDLR.NS,2018-09-12 00:00:00+05:30,348.66003581428544,369.95177056705046,345.5757469070047,365.209228515625,18609,0.0,0.0
GMMPFAUDLR.NS,2018-09-14 00:00:00+05:30,372.10740234667975,388.0264356021527,366.5191563567467,371.029541015625,18330,0.0,0.0
GMMPFAUDLR.NS,2018-09-17 00:00:00+05:30,376.40227578935816,376.40227578935816,361.7103069311149,367.2985534667969,5493,0.0,0.0
GMMPFAUDLR.NS,2018-09-18 00:00:00+05:30,363.2026819684418,374.760565460818,356.53660499235133,369.5537109375,8835,0.0,0.0
GMMPFAUDLR.NS,2018-09-19 00:00:00+05:30,370.4492284522294,370.4492284522294,350.1358558173049,351.6282653808594,8487,0.0,0.0
GMMPFAUDLR.NS,2018-09-21 00:00:00+05:30,359.770199996982,359.770199996982,344.91241768253235,347.7811584472656,22653,0.0,0.0
GMMPFAUDLR.NS,2018-09-24 00:00:00+05:30,347.7811272355523,347.7811272355523,341.59594161605264,341.6788330078125,23334,0.0,0.0
GMMPFAUDLR.NS,2018-09-25 00:00:00+05:30,335.3444335413582,338.94280102638015,325.3453011111835,332.16064453125,8496,0.0,0.0
GMMPFAUDLR.NS,2018-09-26 00:00:00+05:30,340.9326132743345,340.9326132743345,327.6667726839266,330.7676696777344,10854,0.0,0.0
GMMPFAUDLR.NS,2018-09-27 00:00:00+05:30,327.31857340695365,337.6162050721489,326.6718686935769,330.6847839355469,9063,0.0,0.0
GMMPFAUDLR.NS,2018-09-28 00:00:00+05:30,329.0265474460704,339.9211181654175,313.55521799767786,316.755615234375,15987,0.0,0.0
GMMPFAUDLR.NS,2018-10-01 00:00:00+05:30,317.0541218171291,317.2697001919609,290.19074871358043,305.0982666015625,18516,0.0,0.0
GMMPFAUDLR.NS,2018-10-03 00:00:00+05:30,313.0743480472922,326.6718774895002,306.77308353812253,322.8081970214844,9066,0.0,0.0
GMMPFAUDLR.NS,2018-10-04 00:00:00+05:30,321.5976623919402,322.82475867081376,311.99650087764104,318.49676513671875,11790,0.0,0.0
GMMPFAUDLR.NS,2018-10-05 00:00:00+05:30,325.6603585162114,325.6603585162114,315.06422647898506,318.81182861328125,8991,0.0,0.0
GMMPFAUDLR.NS,2018-10-08 00:00:00+05:30,317.070715393747,317.070715393747,301.15167871257495,303.2410583496094,15654,0.0,0.0
GMMPFAUDLR.NS,2018-10-09 00:00:00+05:30,303.12491620346714,324.01864744903,302.6937898869159,314.05267333984375,10194,0.0,0.0
GMMPFAUDLR.NS,2018-10-10 00:00:00+05:30,315.19690799112686,335.6263602662784,315.19690799112686,328.993408203125,9861,0.0,0.0
GMMPFAUDLR.NS,2018-10-11 00:00:00+05:30,319.0605158606527,329.9882725877192,318.3806546737859,326.0085144042969,5256,0.0,0.0
GMMPFAUDLR.NS,2018-10-12 00:00:00+05:30,329.32506187828454,339.3573812861611,328.3301221143018,331.31494140625,7689,0.0,0.0
GMMPFAUDLR.NS,2018-10-15 00:00:00+05:30,334.6314022982857,334.6314022982857,325.01363143860374,330.71795654296875,6330,0.0,0.0
GMMPFAUDLR.NS,2018-10-16 00:00:00+05:30,331.6465361484416,344.7134072497111,331.6465361484416,336.4388122558594,11457,0.0,0.0
GMMPFAUDLR.NS,2018-10-17 00:00:00+05:30,341.26426030709473,347.2338975136328,325.3452277563265,326.15777587890625,12504,0.0,0.0
GMMPFAUDLR.NS,2018-10-19 00:00:00+05:30,328.33008468778036,331.6465603107266,321.6971638050363,329.5074157714844,3951,0.0,0.0
GMMPFAUDLR.NS,2018-10-22 00:00:00+05:30,331.64658886886434,331.64658886886434,315.06423968937287,318.4304504394531,3090,0.0,0.0
GMMPFAUDLR.NS,2018-10-23 00:00:00+05:30,315.23004240035243,315.2466206787229,305.77811613001035,309.1940612792969,4422,0.0,0.0
GMMPFAUDLR.NS,2018-10-24 00:00:00+05:30,318.74550846605706,320.02233961570687,311.830665596302,315.1802978515625,3138,0.0,0.0
GMMPFAUDLR.NS,2018-10-25 00:00:00+05:30,313.4060046713156,316.5400586453988,311.74778196341686,314.8818359375,2580,0.0,0.0
GMMPFAUDLR.NS,2018-10-26 00:00:00+05:30,313.4059700853175,327.9984072486644,310.08949467236056,318.9610595703125,6303,0.0,0.0
GMMPFAUDLR.NS,2018-10-29 00:00:00+05:30,327.99841262500604,336.62124276740485,318.61282986453193,329.1923522949219,12129,0.0,0.0
GMMPFAUDLR.NS,2018-10-30 00:00:00+05:30,331.31487835880836,341.56274383245596,328.9933425635738,336.090576171875,13377,0.0,0.0
GMMPFAUDLR.NS,2018-10-31 00:00:00+05:30,335.2946837562696,342.5909184496619,331.6465815911487,336.7539367675781,6399,0.0,0.0
GMMPFAUDLR.NS,2018-11-01 00:00:00+05:30,337.6161585076011,355.8566963806915,337.6161585076011,352.1920166015625,13020,0.0,0.0
GMMPFAUDLR.NS,2018-11-02 00:00:00+05:30,355.3592696629901,363.9489133190477,343.2541806593383,356.0225830078125,15813,0.0,0.0
GMMPFAUDLR.NS,2018-11-05 00:00:00+05:30,363.4846446239739,364.47958431695633,352.5071210784243,354.447265625,4002,0.0,0.0
GMMPFAUDLR.NS,2018-11-06 00:00:00+05:30,359.4551047428729,363.9323331631673,351.54535275157514,361.42840576171875,9891,0.0,0.0
GMMPFAUDLR.NS,2018-11-07 00:00:00+05:30,374.7605954226341,379.73529372631134,364.8111988152797,367.3814697265625,10962,0.0,0.0
GMMPFAUDLR.NS,2018-11-09 00:00:00+05:30,379.7352973510831,380.06695402887703,367.1327383158524,376.3525085449219,14376,0.0,0.0
GMMPFAUDLR.NS,2018-11-12 00:00:00+05:30,380.73021263077163,380.73021263077163,363.61726961695786,364.7614440917969,10878,0.0,0.0
GMMPFAUDLR.NS,2018-11-13 00:00:00+05:30,358.5265014972304,373.2847524233431,356.5200439598596,359.6209411621094,10401,0.0,0.0
GMMPFAUDLR.NS,2018-11-14 00:00:00+05:30,352.2086364661111,361.47817171771584,348.56053453336847,351.11419677734375,6318,0.0,0.0
GMMPFAUDLR.NS,2018-11-15 00:00:00+05:30,361.1630719742803,361.1630719742803,344.91238184704247,346.03997802734375,4518,0.0,0.0
GMMPFAUDLR.NS,2018-11-16 00:00:00+05:30,345.90734272882355,352.85534202384434,335.2946632130601,339.8879699707031,10437,0.0,0.0
GMMPFAUDLR.NS,2018-11-19 00:00:00+05:30,339.60609199239497,357.84663278830675,339.60609199239497,354.447265625,6117,0.0,0.0
GMMPFAUDLR.NS,2018-11-20 00:00:00+05:30,354.8617777296485,361.1630719340276,349.55545348052095,359.09027099609375,13263,0.0,0.0
GMMPFAUDLR.NS,2018-11-21 00:00:00+05:30,359.17316110985337,371.444091785901,354.86174646948115,363.58404541015625,8289,0.0,0.0
GMMPFAUDLR.NS,2018-11-22 00:00:00+05:30,358.2612092205822,364.91070862847465,358.2612092205822,360.76513671875,6720,0.0,0.0
GMMPFAUDLR.NS,2018-11-26 00:00:00+05:30,364.47958093936876,371.4441587257061,358.7586777577345,364.97705078125,19443,0.0,0.0
GMMPFAUDLR.NS,2018-11-27 00:00:00+05:30,364.82780962966234,368.7909903467791,353.83373754335054,357.6974182128906,8643,0.0,0.0
GMMPFAUDLR.NS,2018-11-28 00:00:00+05:30,363.8163025059864,363.8163025059864,353.55185664332606,356.9014892578125,3138,0.0,0.0
GMMPFAUDLR.NS,2018-11-29 00:00:00+05:30,357.1998811403721,364.81116271927516,351.9432918831027,355.3260803222656,6786,0.0,0.0
GMMPFAUDLR.NS,2018-11-30 00:00:00+05:30,355.8733149882079,362.1414529778504,354.8617970628791,356.5200500488281,8934,0.0,0.0
GMMPFAUDLR.NS,2018-12-03 00:00:00+05:30,358.1617282175751,358.1783064981595,351.9599331214553,357.56475830078125,5091,0.0,0.0
GMMPFAUDLR.NS,2018-12-04 00:00:00+05:30,351.56195425169614,358.1948755617873,351.56195425169614,355.0608215332031,2442,0.0,0.0
GMMPFAUDLR.NS,2018-12-05 00:00:00+05:30,353.2035853398038,359.8199281193139,353.2035853398038,356.3542175292969,2037,0.0,0.0
GMMPFAUDLR.NS,2018-12-06 00:00:00+05:30,353.2035834622213,371.4441542315547,353.2035834622213,362.6720886230469,12975,0.0,0.0
GMMPFAUDLR.NS,2018-12-07 00:00:00+05:30,362.8212964291662,368.12765107014513,360.7816823995768,363.7167663574219,4167,0.0,0.0
GMMPFAUDLR.NS,2018-12-10 00:00:00+05:30,358.17822077835416,362.8378399440128,354.8617456500992,356.287841796875,13056,0.0,0.0
GMMPFAUDLR.NS,2018-12-11 00:00:00+05:30,353.17041788204097,363.81625387966983,353.17041788204097,356.5200500488281,8091,0.0,0.0
GMMPFAUDLR.NS,2018-12-12 00:00:00+05:30,361.8429758058368,366.4694697450033,357.5150123605266,363.8328552246094,10413,0.0,0.0
GMMPFAUDLR.NS,2018-12-13 00:00:00+05:30,364.81119587977474,382.8527662250602,364.81119587977474,377.9112548828125,28308,0.0,0.0
GMMPFAUDLR.NS,2018-12-14 00:00:00+05:30,381.0453412912637,414.525057395112,376.4354558637348,407.295166015625,69030,0.0,0.0
GMMPFAUDLR.NS,2018-12-17 00:00:00+05:30,412.56831109093446,429.1506593560238,404.6087936398994,415.2049255371094,41256,0.0,0.0
GMMPFAUDLR.NS,2018-12-18 00:00:00+05:30,414.55821587229383,414.55821587229383,403.6304569866891,405.5374450683594,20034,0.0,0.0
GMMPFAUDLR.NS,2018-12-19 00:00:00+05:30,414.5581791704878,414.5581791704878,392.0393803523814,396.5000305175781,16602,0.0,0.0
GMMPFAUDLR.NS,2018-12-20 00:00:00+05:30,405.57055887665786,405.57055887665786,393.00115681374456,397.146728515625,14142,0.0,0.0
GMMPFAUDLR.NS,2018-12-21 00:00:00+05:30,395.45537533159217,399.5843690258799,391.7243514458232,396.6658630371094,8025,0.0,0.0
GMMPFAUDLR.NS,2018-12-24 00:00:00+05:30,406.2504436563502,406.2504436563502,385.70491619695804,387.7611389160156,12426,0.0,0.0
GMMPFAUDLR.NS,2018-12-26 00:00:00+05:30,386.36827606784186,390.59676996554276,371.4441799583091,386.88232421875,24423,0.0,0.0
GMMPFAUDLR.NS,2018-12-27 00:00:00+05:30,394.0956210481632,404.57564445281844,388.026482808528,401.7898254394531,11385,0.0,0.0
GMMPFAUDLR.NS,2018-12-28 00:00:00+05:30,403.69678658202355,410.24681644839706,395.3227208261411,398.27435302734375,12390,0.0,0.0
GMMPFAUDLR.NS,2018-12-31 00:00:00+05:30,405.9353871361159,410.1473024726311,389.3530693512785,391.64141845703125,14709,0.0,0.0
GMMPFAUDLR.NS,2019-01-01 00:00:00+05:30,395.9859718639727,395.9859718639727,389.7012557122405,393.6478576660156,2250,0.0,0.0
GMMPFAUDLR.NS,2019-01-02 00:00:00+05:30,396.881467618317,397.6442507258165,391.34298576684165,392.8188171386719,3027,0.0,0.0
GMMPFAUDLR.NS,2019-01-03 00:00:00+05:30,398.7884238507577,398.7884238507577,386.3682560179274,387.910400390625,4938,0.0,0.0
GMMPFAUDLR.NS,2019-01-04 00:00:00+05:30,392.4042270256197,396.8317210098437,389.154094593003,391.44244384765625,2460,0.0,0.0
GMMPFAUDLR.NS,2019-01-07 00:00:00+05:30,399.3024434822016,399.3024434822016,383.499487907027,392.88507080078125,8982,0.0,0.0
GMMPFAUDLR.NS,2019-01-08 00:00:00+05:30,396.98095923483083,401.2923749281894,391.3429774536323,396.765380859375,12837,0.0,0.0
GMMPFAUDLR.NS,2019-01-09 00:00:00+05:30,397.7768850288786,399.6341078502999,392.17206000436187,397.4286804199219,3522,0.0,0.0
GMMPFAUDLR.NS,2019-01-10 00:00:00+05:30,399.634109950448,403.6138688225293,391.3429658757123,399.03717041015625,12195,0.0,0.0
GMMPFAUDLR.NS,2019-01-11 00:00:00+05:30,398.4733287756839,398.9707985993739,389.70126338181444,392.4373474121094,3846,0.0,0.0
GMMPFAUDLR.NS,2019-01-14 00:00:00+05:30,392.66955087660807,400.9607257146701,389.68473157848393,395.8367919921875,6621,0.0,0.0
GMMPFAUDLR.NS,2019-01-15 00:00:00+05:30,393.017739596229,397.97585956168814,390.18215552422225,392.15545654296875,2208,0.0,0.0
GMMPFAUDLR.NS,2019-01-16 00:00:00+05:30,392.9348446109308,397.34576021529585,390.04952550514304,391.3927001953125,4245,0.0,0.0
GMMPFAUDLR.NS,2019-01-17 00:00:00+05:30,391.34296260527424,391.34296260527424,377.0821499784431,384.8758544921875,15375,0.0,0.0
GMMPFAUDLR.NS,2019-01-18 00:00:00+05:30,381.39357418401926,388.3747305908387,376.41887552232834,380.6473693847656,3993,0.0,0.0
GMMPFAUDLR.NS,2019-01-21 00:00:00+05:30,378.0770434567998,387.36315639959463,371.44412299088725,375.72235107421875,6819,0.0,0.0
GMMPFAUDLR.NS,2019-01-22 00:00:00+05:30,376.75045053040014,381.3935222241885,374.76057133681854,376.76702880859375,4047,0.0,0.0
GMMPFAUDLR.NS,2019-01-23 00:00:00+05:30,378.7403635749656,378.7403635749656,367.13274402932495,371.70947265625,8658,0.0,0.0
GMMPFAUDLR.NS,2019-01-24 00:00:00+05:30,371.709469671935,374.59478866471727,359.1732236599281,362.4565124511719,13338,0.0,0.0
GMMPFAUDLR.NS,2019-01-25 00:00:00+05:30,361.82633104052275,371.4441000394346,356.520007140928,360.2676086425781,8829,0.0,0.0
GMMPFAUDLR.NS,2019-01-28 00:00:00+05:30,347.7479905598369,367.4643923879406,334.96300981537627,338.1965637207031,47040,0.0,0.0
GMMPFAUDLR.NS,2019-01-29 00:00:00+05:30,344.87928147465414,364.47960677962527,338.6277514486428,356.8517150878906,18276,0.0,0.0
GMMPFAUDLR.NS,2019-01-30 00:00:00+05:30,366.1377998358417,366.1377998358417,347.5821809983127,360.5661315917969,22146,0.0,0.0
GMMPFAUDLR.NS,2019-01-31 00:00:00+05:30,360.566106794199,364.7780218372919,353.2035597895257,363.21929931640625,14052,0.0,0.0
GMMPFAUDLR.NS,2019-02-01 00:00:00+05:30,378.07711339652496,378.07711339652496,365.19263120261934,370.8638000488281,31197,0.0,0.0
GMMPFAUDLR.NS,2019-02-04 00:00:00+05:30,374.4289733895904,376.02085257443775,355.2100412206417,358.1119384765625,9831,0.0,0.0
GMMPFAUDLR.NS,2019-02-05 00:00:00+05:30,367.31514523136656,372.4391090395095,360.31741068601656,366.0051574707031,18477,0.0,0.0
GMMPFAUDLR.NS,2019-02-06 00:00:00+05:30,368.12768564421657,368.12768564421657,356.6029574365572,358.3772888183594,5112,0.0,0.0
GMMPFAUDLR.NS,2019-02-07 00:00:00+05:30,363.18616430402045,364.82780881433627,357.31602586793446,364.08160400390625,6333,0.0,0.0
GMMPFAUDLR.NS,2019-02-08 00:00:00+05:30,363.1530174687136,363.1530174687136,354.8618425652721,358.6592102050781,6105,0.0,0.0
GMMPFAUDLR.NS,2019-02-11 00:00:00+05:30,362.4564792693366,362.4564792693366,350.0031561582557,352.6397399902344,7749,0.0,0.0
GMMPFAUDLR.NS,2019-02-12 00:00:00+05:30,355.7074502995658,357.51493789796075,348.2619823099669,356.287841796875,5403,0.0,0.0
GMMPFAUDLR.NS,2019-02-14 00:00:00+05:30,356.2049842848269,363.61729705784893,354.86180964206557,357.33258056640625,4185,0.0,0.0
GMMPFAUDLR.NS,2019-02-15 00:00:00+05:30,358.17826423267456,363.070040590729,358.17826423267456,359.83648681640625,5055,0.0,0.0
GMMPFAUDLR.NS,2019-02-18 00:00:00+05:30,360.28425328430905,361.4947713614496,338.279501344227,341.87786865234375,9591,0.0,0.0
GMMPFAUDLR.NS,2019-02-19 00:00:00+05:30,341.5959653184416,354.8618074141049,341.5959653184416,347.7977600097656,8274,0.0,0.0
GMMPFAUDLR.NS,2019-02-20 00:00:00+05:30,348.26204609355665,359.83650906434224,348.2288895342504,350.66650390625,9786,0.0,0.0
GMMPFAUDLR.NS,2019-02-21 00:00:00+05:30,351.0478978032884,373.1023841686521,347.8972352059866,365.3916015625,7494,0.0,0.0
GMMPFAUDLR.NS,2019-02-22 00:00:00+05:30,365.3915665881699,368.12765047684917,361.4947299586756,363.9986572265625,3579,0.0,0.0
GMMPFAUDLR.NS,2019-02-25 00:00:00+05:30,358.1948656361611,370.59845516553037,358.1948656361611,361.6771545410156,7788,0.0,0.0
GMMPFAUDLR.NS,2019-02-26 00:00:00+05:30,362.1746447198032,369.7527711195949,359.239590695948,368.29351806640625,5919,0.0,0.0
GMMPFAUDLR.NS,2019-02-27 00:00:00+05:30,369.6697968267012,381.39352406511574,364.81117712979744,379.5694580078125,19911,0.0,0.0
GMMPFAUDLR.NS,2019-02-28 00:00:00+05:30,379.7353112061641,381.7086123392103,370.2336491540227,377.5132751464844,5733,0.0,0.0
GMMPFAUDLR.NS,2019-03-01 00:00:00+05:30,381.02869378847197,397.6441661730311,371.4275331357353,389.50225830078125,22491,0.0,0.0
GMMPFAUDLR.NS,2019-03-05 00:00:00+05:30,397.3125954020322,397.3125954020322,385.7215236527724,389.23699951171875,12756,0.0,0.0
GMMPFAUDLR.NS,2019-03-06 00:00:00+05:30,394.06243777961953,397.31256986264185,385.0416376126786,389.154052734375,11940,0.0,0.0
GMMPFAUDLR.NS,2019-03-07 00:00:00+05:30,382.0568251792206,394.6262273861674,382.0568251792206,392.15545654296875,10620,0.0,0.0
GMMPFAUDLR.NS,2019-03-08 00:00:00+05:30,391.6580163083026,406.23387719332686,391.3595465363413,402.18780517578125,23532,0.0,0.0
GMMPFAUDLR.NS,2019-03-11 00:00:00+05:30,402.1877750355122,416.7138999909939,401.27575714451046,411.0261535644531,21423,0.0,0.0
GMMPFAUDLR.NS,2019-03-12 00:00:00+05:30,414.2099828559175,424.62366251262694,414.2099828559175,419.3504943847656,18051,0.0,0.0
GMMPFAUDLR.NS,2019-03-13 00:00:00+05:30,423.84428913351934,438.10510084513317,413.9280492330082,435.30267333984375,32670,0.0,0.0
GMMPFAUDLR.NS,2019-03-14 00:00:00+05:30,435.3192279203798,437.77342034338636,417.8746285095961,423.4297180175781,15540,0.0,0.0
GMMPFAUDLR.NS,2019-03-15 00:00:00+05:30,423.42977268481553,429.76422426059634,417.8746824596392,420.4283752441406,10470,0.0,0.0
GMMPFAUDLR.NS,2019-03-18 00:00:00+05:30,407.2620112262446,424.6402697888524,407.2620112262446,421.1082458496094,24948,0.0,0.0
GMMPFAUDLR.NS,2019-03-19 00:00:00+05:30,424.49099412859954,424.49099412859954,411.9050136723518,416.15008544921875,4806,0.0,0.0
GMMPFAUDLR.NS,2019-03-20 00:00:00+05:30,410.59498410638963,418.6042662541372,406.98003884962793,408.3895568847656,11325,0.0,0.0
GMMPFAUDLR.NS,2019-03-22 00:00:00+05:30,408.60511848877957,412.8833772093199,390.01634349750475,392.5036926269531,16935,0.0,0.0
GMMPFAUDLR.NS,2019-03-25 00:00:00+05:30,387.69480929688905,397.2960012710259,383.0517676883825,386.1858215332031,5829,0.0,0.0
GMMPFAUDLR.NS,2019-03-26 00:00:00+05:30,382.0568113570529,410.2467771771901,382.0568113570529,404.9570007324219,16509,0.0,0.0
GMMPFAUDLR.NS,2019-03-27 00:00:00+05:30,404.9405194168609,404.9405194168609,392.17211453942184,398.4236755371094,5808,0.0,0.0
GMMPFAUDLR.NS,2019-03-28 00:00:00+05:30,398.65577261430883,401.29238731698587,390.67967610771905,392.6695556640625,3480,0.0,0.0
GMMPFAUDLR.NS,2019-04-01 00:00:00+05:30,406.9303372967552,410.0643912791002,401.9556387967949,406.06805419921875,9108,0.0,0.0
GMMPFAUDLR.NS,2019-04-02 00:00:00+05:30,404.6253529486545,408.9201898747153,401.29232946282184,401.358642578125,8199,0.0,0.0
GMMPFAUDLR.NS,2019-04-03 00:00:00+05:30,406.2670358381861,406.2670358381861,387.6948087061607,390.1158447265625,25002,0.0,0.0
GMMPFAUDLR.NS,2019-04-04 00:00:00+05:30,395.3227127007973,395.3227127007973,381.9573400356713,387.2802734375,8094,0.0,0.0
GMMPFAUDLR.NS,2019-04-05 00:00:00+05:30,384.726615228226,390.0163925448833,381.9573742793611,388.6732177734375,5823,0.0,0.0
GMMPFAUDLR.NS,2019-04-08 00:00:00+05:30,388.6565802268811,412.8999444514107,387.3631708594008,394.211669921875,14418,0.0,0.0
GMMPFAUDLR.NS,2019-04-09 00:00:00+05:30,397.3125937442728,397.3125937442728,390.03293749589665,397.0970153808594,2163,0.0,0.0
GMMPFAUDLR.NS,2019-04-10 00:00:00+05:30,396.9311994676743,399.55120528057597,389.6846998291001,395.7704162597656,4764,0.0,0.0
GMMPFAUDLR.NS,2019-04-11 00:00:00+05:30,397.6442038538271,400.629022807767,395.7704028680637,398.88787841796875,2613,0.0,0.0
GMMPFAUDLR.NS,2019-04-12 00:00:00+05:30,397.99245758649965,404.5424873878044,390.6796447316106,401.1596984863281,7590,0.0,0.0
GMMPFAUDLR.NS,2019-04-15 00:00:00+05:30,406.2670282830836,407.2619679193988,401.6239564048473,402.90081787109375,9444,0.0,0.0
GMMPFAUDLR.NS,2019-04-16 00:00:00+05:30,409.2518595116535,409.2518595116535,401.9556251713224,403.0832214355469,3807,0.0,0.0
GMMPFAUDLR.NS,2019-04-18 00:00:00+05:30,406.2670446868096,406.2670446868096,392.68609381223473,399.285888671875,10482,0.0,0.0
GMMPFAUDLR.NS,2019-04-22 00:00:00+05:30,397.9758694096303,403.58069421293936,396.3176467414733,398.0256042480469,9000,0.0,0.0
GMMPFAUDLR.NS,2019-04-23 00:00:00+05:30,397.9758933226749,401.25918229732656,397.9758933226749,398.67236328125,3423,0.0,0.0
GMMPFAUDLR.NS,2019-04-24 00:00:00+05:30,401.25921387846046,401.27582252338703,396.35085831063884,399.9326477050781,4425,0.0,0.0
GMMPFAUDLR.NS,2019-04-25 00:00:00+05:30,398.30752241292623,402.9339857794902,393.7805287222774,395.43878173828125,4209,0.0,0.0
GMMPFAUDLR.NS,2019-04-26 00:00:00+05:30,401.27578132436486,403.9455220419536,391.3595407898775,399.8165283203125,7587,0.0,0.0
GMMPFAUDLR.NS,2019-04-30 00:00:00+05:30,399.81656347036585,406.2339069426953,394.80870792264125,398.473388671875,8130,0.0,0.0
GMMPFAUDLR.NS,2019-05-02 00:00:00+05:30,397.3125926793923,402.9339958508057,394.6593999327293,394.9247131347656,3675,0.0,0.0
GMMPFAUDLR.NS,2019-05-03 00:00:00+05:30,395.090577078993,395.090577078993,386.36827606784186,386.88232421875,7311,0.0,0.0
GMMPFAUDLR.NS,2019-05-06 00:00:00+05:30,386.88233346835597,392.669550237733,386.38486358614466,388.4742431640625,3342,0.0,0.0
GMMPFAUDLR.NS,2019-05-07 00:00:00+05:30,393.3328209248778,393.3328209248778,381.39354504887626,386.1858215332031,5913,0.0,0.0
GMMPFAUDLR.NS,2019-05-08 00:00:00+05:30,387.96010636598726,388.00987156462486,378.7403366489037,386.15264892578125,5517,0.0,0.0
GMMPFAUDLR.NS,2019-05-09 00:00:00+05:30,386.15269169910613,388.98827598852705,379.07203529729566,385.4230651855469,4326,0.0,0.0
GMMPFAUDLR.NS,2019-05-10 00:00:00+05:30,384.70999214738646,384.70999214738646,378.40872786957163,379.8679504394531,4617,0.0,0.0
GMMPFAUDLR.NS,2019-05-13 00:00:00+05:30,378.0770942524259,386.99839518732773,378.0770942524259,381.7086181640625,5232,0.0,0.0
GMMPFAUDLR.NS,2019-05-14 00:00:00+05:30,381.725150300849,381.725150300849,371.7757542863773,375.9213562011719,5829,0.0,0.0
GMMPFAUDLR.NS,2019-05-15 00:00:00+05:30,371.4441542507891,384.6436831812653,371.4441542507891,377.8946838378906,12099,0.0,0.0
GMMPFAUDLR.NS,2019-05-16 00:00:00+05:30,374.8269619045251,377.48012437491786,368.12769706271155,369.5040283203125,5919,0.0,0.0
GMMPFAUDLR.NS,2019-05-17 00:00:00+05:30,371.4441886783577,384.7100319561602,368.1277126773311,380.82977294921875,10575,0.0,0.0
GMMPFAUDLR.NS,2019-05-20 00:00:00+05:30,387.8606247360196,401.29230912413954,384.70996247695547,393.2664489746094,10812,0.0,0.0
GMMPFAUDLR.NS,2019-05-21 00:00:00+05:30,401.2923679531577,401.2923679531577,368.12770016003236,387.9435729980469,25875,0.0,0.0
GMMPFAUDLR.NS,2019-05-22 00:00:00+05:30,381.39359227765755,406.5987131172099,381.39359227765755,404.31036376953125,16764,0.0,0.0
GMMPFAUDLR.NS,2019-05-23 00:00:00+05:30,404.2771461841745,414.52501222131946,402.0385320181154,409.782470703125,17580,0.0,0.0
GMMPFAUDLR.NS,2019-05-24 00:00:00+05:30,411.24174403567264,427.8406401746117,407.26198532036983,422.78302001953125,13434,0.0,0.0
GMMPFAUDLR.NS,2019-05-27 00:00:00+05:30,422.8493936702073,433.4289176523341,416.24962868732945,430.70941162109375,12450,0.0,0.0
GMMPFAUDLR.NS,2019-05-28 00:00:00+05:30,432.7987729597952,455.0191032251413,427.7743395798899,451.02276611328125,96444,0.0,0.0
GMMPFAUDLR.NS,2019-05-29 00:00:00+05:30,456.31249628238686,463.31023054637944,445.96512976459167,452.8136291503906,21051,0.0,0.0
GMMPFAUDLR.NS,2019-05-30 00:00:00+05:30,452.8136147428668,461.9836498596432,444.40636263538687,451.93475341796875,66105,0.0,0.0
GMMPFAUDLR.NS,2019-05-31 00:00:00+05:30,444.4063206591772,444.4228989365332,414.3259776542157,419.3338623046875,45273,0.0,0.0
GMMPFAUDLR.NS,2019-06-03 00:00:00+05:30,424.47443284183083,428.48734814672474,409.5503375461266,426.5638122558594,22395,0.0,0.0
GMMPFAUDLR.NS,2019-06-04 00:00:00+05:30,428.10594063558074,428.12251891464797,407.3614428766878,414.67425537109375,17937,0.0,0.0
GMMPFAUDLR.NS,2019-06-06 00:00:00+05:30,414.5250272623911,431.1405318208507,409.88198561128905,426.5140380859375,18864,0.0,0.0
GMMPFAUDLR.NS,2019-06-07 00:00:00+05:30,429.78078316633463,463.3102320057226,423.8774582326002,457.4400939941406,95043,0.0,0.0
GMMPFAUDLR.NS,2019-06-10 00:00:00+05:30,460.98870729871703,480.82115650422963,451.818672240034,477.0569763183594,62598,0.0,0.0
GMMPFAUDLR.NS,2019-06-11 00:00:00+05:30,480.88748617296665,494.1533273391973,480.55582951670937,485.9284973144531,60366,0.0,0.0
GMMPFAUDLR.NS,2019-06-12 00:00:00+05:30,484.9169878343287,488.8470114899141,474.08873029633133,485.34814453125,14682,0.0,0.0
GMMPFAUDLR.NS,2019-06-13 00:00:00+05:30,482.015056701235,482.92707450344375,473.59122705867463,480.6553039550781,23073,0.0,0.0
GMMPFAUDLR.NS,2019-06-14 00:00:00+05:30,489.49373561165635,489.49373561165635,467.6216413185836,471.20343017578125,11625,0.0,0.0
GMMPFAUDLR.NS,2019-06-17 00:00:00+05:30,476.89117704948114,476.89117704948114,438.5030782581986,443.21246337890625,27663,0.0,0.0
GMMPFAUDLR.NS,2019-06-18 00:00:00+05:30,437.9061101660881,456.0140242543879,437.9061101660881,452.1171569824219,17184,0.0,0.0
GMMPFAUDLR.NS,2019-06-19 00:00:00+05:30,455.00251086787085,464.3051725589033,447.7228547270976,451.68603515625,21711,0.0,0.0
GMMPFAUDLR.NS,2019-06-20 00:00:00+05:30,449.729317034381,450.04439543822906,434.8383782811362,445.78271484375,69822,0.0,0.0
GMMPFAUDLR.NS,2019-06-21 00:00:00+05:30,446.512324291054,449.2981735276665,437.773445799398,439.0171203613281,8565,0.0,0.0
GMMPFAUDLR.NS,2019-06-24 00:00:00+05:30,445.6500754470561,445.6500754470561,435.84994343726976,440.973876953125,26928,0.0,0.0
GMMPFAUDLR.NS,2019-06-25 00:00:00+05:30,436.7951034649828,440.75828395680674,431.87017020299413,434.90472412109375,10155,0.0,0.0
GMMPFAUDLR.NS,2019-06-26 00:00:00+05:30,438.75183791244143,438.75183791244143,431.87018164195877,436.28106689453125,14892,0.0,0.0
GMMPFAUDLR.NS,2019-06-27 00:00:00+05:30,438.32068943260936,444.3732496265203,435.1369004888858,441.802978515625,11415,0.0,0.0
GMMPFAUDLR.NS,2019-06-28 00:00:00+05:30,445.06968637784945,449.3810713453913,438.4367350439946,448.4027099609375,17604,0.0,0.0
GMMPFAUDLR.NS,2019-07-01 00:00:00+05:30,451.35437426844345,463.6418852395903,444.40637487254907,458.2194519042969,16023,0.0,0.0
GMMPFAUDLR.NS,2019-07-02 00:00:00+05:30,464.2388502223473,464.2388502223473,447.82234587500415,451.6362609863281,9759,0.0,0.0
GMMPFAUDLR.NS,2019-07-03 00:00:00+05:30,447.82237058004114,455.2678401421925,447.7228705361808,453.54327392578125,2988,0.0,0.0
GMMPFAUDLR.NS,2019-07-04 00:00:00+05:30,454.6708380000148,457.02553050969556,443.7430802197266,445.2686462402344,4062,0.0,0.0
GMMPFAUDLR.NS,2019-07-05 00:00:00+05:30,446.37966591349306,451.71917736894227,437.7568657729138,443.51092529296875,9111,0.0,0.0
GMMPFAUDLR.NS,2019-07-08 00:00:00+05:30,434.4569514018791,445.7495220087495,431.8037892388187,434.9212646484375,15957,0.0,0.0
GMMPFAUDLR.NS,2019-07-09 00:00:00+05:30,437.09358966146164,441.7532095719364,423.8940305081718,432.8319091796875,15339,0.0,0.0
GMMPFAUDLR.NS,2019-07-10 00:00:00+05:30,441.056778175074,441.056778175074,416.28278452071055,419.0686340332031,11583,0.0,0.0
GMMPFAUDLR.NS,2019-07-11 00:00:00+05:30,417.0455228469521,427.4923890803454,411.24172851494353,423.6618957519531,11874,0.0,0.0
GMMPFAUDLR.NS,2019-07-12 00:00:00+05:30,422.2026793679246,429.1672574592809,417.8746854813801,423.297119140625,4515,0.0,0.0
GMMPFAUDLR.NS,2019-07-15 00:00:00+05:30,425.51907566298144,425.80099748609365,415.28778808051663,417.09527587890625,3849,0.0,0.0
GMMPFAUDLR.NS,2019-07-16 00:00:00+05:30,417.54298539426736,425.1542978079599,415.2877929617465,417.29425048828125,4227,0.0,0.0
GMMPFAUDLR.NS,2019-07-17 00:00:00+05:30,425.0216190355225,445.35156860321433,417.85807182309054,440.4266052246094,16452,0.0,0.0
GMMPFAUDLR.NS,2019-07-18 00:00:00+05:30,440.4266160908755,452.66439222082823,435.2031828357265,446.6449890136719,12003,0.0,0.0
GMMPFAUDLR.NS,2019-07-19 00:00:00+05:30,445.73294876890924,447.39117134417296,418.60426590564975,424.1759338378906,10521,0.0,0.0
GMMPFAUDLR.NS,2019-07-22 00:00:00+05:30,423.51262931916114,438.1714107076414,418.6042746055331,424.2256774902344,17550,0.0,0.0
GMMPFAUDLR.NS,2019-07-23 00:00:00+05:30,424.39150203931194,436.1152300270486,421.1911350492768,432.89825439453125,9342,0.0,0.0
GMMPFAUDLR.NS,2019-07-24 00:00:00+05:30,437.0769536028218,437.1101405224225,424.8723652394276,431.1405029296875,18753,0.0,0.0
GMMPFAUDLR.NS,2019-07-25 00:00:00+05:30,431.14049071625766,434.77201407633424,421.2076732879716,423.37994384765625,7671,0.0,0.0
GMMPFAUDLR.NS,2019-07-26 00:00:00+05:30,437.0936346335961,437.0936346335961,412.90000188006815,415.0556945800781,8928,0.0,0.0
GMMPFAUDLR.NS,2019-07-29 00:00:00+05:30,415.05561837759603,422.9819784689357,407.92522816886384,409.8985290527344,9330,0.0,0.0
GMMPFAUDLR.NS,2019-07-30 00:00:00+05:30,403.29883141727,412.0377107410384,386.6999038231541,388.772705078125,17427,0.0,0.0
GMMPFAUDLR.NS,2019-07-31 00:00:00+05:30,389.6846541388854,399.60089326667924,386.3682091532386,397.561279296875,17973,0.0,0.0
GMMPFAUDLR.NS,2019-08-01 00:00:00+05:30,401.75665787322407,401.75665787322407,384.7100255578683,397.67742919921875,20211,0.0,0.0
GMMPFAUDLR.NS,2019-08-02 00:00:00+05:30,397.64420879657933,404.60878644234265,385.041649844343,401.8229675292969,24792,0.0,0.0
GMMPFAUDLR.NS,2019-08-05 00:00:00+05:30,401.95568659317235,410.94330152164076,388.0265291369733,406.1676025390625,13728,0.0,0.0
GMMPFAUDLR.NS,2019-08-06 00:00:00+05:30,395.5086586468872,405.95173848685795,391.32480550680145,399.5597229003906,8547,43.2885,0.0
GMMPFAUDLR.NS,2019-08-07 00:00:00+05:30,407.6285916023939,418.387104999367,401.1701516821541,411.3309631347656,16461,0.0,0.0
GMMPFAUDLR.NS,2019-08-08 00:00:00+05:30,414.38584025720263,421.7076201970443,405.18796155912446,418.0052185058594,4881,0.0,0.0
GMMPFAUDLR.NS,2019-08-09 00:00:00+05:30,423.00263844009675,436.6500393459798,413.73836480935336,433.66156005859375,15006,0.0,0.0
GMMPFAUDLR.NS,2019-08-13 00:00:00+05:30,444.95137262159113,453.61797514734724,423.4509436098654,426.9541015625,41361,0.0,0.0
GMMPFAUDLR.NS,2019-08-14 00:00:00+05:30,438.29372794993634,446.2796052251717,425.1112087719688,439.6385498046875,17394,0.0,0.0
GMMPFAUDLR.NS,2019-08-16 00:00:00+05:30,439.6551076143305,451.59242589312663,439.6551076143305,445.3830261230469,17988,0.0,0.0
GMMPFAUDLR.NS,2019-08-19 00:00:00+05:30,445.38308998460343,461.55408947983614,445.38308998460343,453.7674255371094,9960,0.0,0.0
GMMPFAUDLR.NS,2019-08-20 00:00:00+05:30,458.2169275994214,464.2104852475519,453.2527270120947,462.53363037109375,28329,0.0,0.0
GMMPFAUDLR.NS,2019-08-21 00:00:00+05:30,461.5540000390721,466.5347984912909,456.9550607748313,464.1938171386719,17544,0.0,0.0
GMMPFAUDLR.NS,2019-08-22 00:00:00+05:30,459.91036485377595,466.51825326350195,456.5732538292526,460.9065246582031,19206,0.0,0.0
GMMPFAUDLR.NS,2019-08-23 00:00:00+05:30,461.55406795579887,470.5195064890385,456.58986738123144,466.9665222167969,15711,0.0,0.0
GMMPFAUDLR.NS,2019-08-26 00:00:00+05:30,469.85533125477457,484.4656942927792,461.6038162283294,480.3482360839844,13983,0.0,0.0
GMMPFAUDLR.NS,2019-08-27 00:00:00+05:30,488.00209268468126,492.4350160579792,481.7594951794814,489.9778137207031,17340,0.0,0.0
GMMPFAUDLR.NS,2019-08-28 00:00:00+05:30,481.8258779996529,504.72095477021406,481.4772463902573,502.0313415527344,29337,0.0,0.0
GMMPFAUDLR.NS,2019-08-29 00:00:00+05:30,502.39657795424813,506.38121695877516,496.41961944745753,498.31231689453125,29484,0.0,0.0
GMMPFAUDLR.NS,2019-08-30 00:00:00+05:30,498.74399463790746,500.38768262240825,488.48356089430933,489.562744140625,19002,0.0,0.0
GMMPFAUDLR.NS,2019-09-03 00:00:00+05:30,488.1183162397963,489.44653947867255,471.84769556500794,477.35980224609375,9378,0.0,0.0
GMMPFAUDLR.NS,2019-09-04 00:00:00+05:30,465.20659726143333,474.4874996663064,465.20659726143333,468.4109191894531,3324,0.0,0.0
GMMPFAUDLR.NS,2019-09-05 00:00:00+05:30,475.15164712276857,477.4760302262754,465.2232459010931,466.30242919921875,23997,0.0,0.0
GMMPFAUDLR.NS,2019-09-06 00:00:00+05:30,466.5514146019329,481.4772119104024,466.53481599318695,472.9932556152344,8385,0.0,0.0
GMMPFAUDLR.NS,2019-09-09 00:00:00+05:30,471.49902120717604,476.4964185099352,459.5783015598391,468.244873046875,10203,0.0,0.0
GMMPFAUDLR.NS,2019-09-11 00:00:00+05:30,474.81952495990146,489.7785193843318,466.8668458001096,482.871826171875,13005,0.0,0.0
GMMPFAUDLR.NS,2019-09-12 00:00:00+05:30,484.7977694080723,490.7747283339268,480.48109711743416,486.5576477050781,5115,0.0,0.0
GMMPFAUDLR.NS,2019-09-13 00:00:00+05:30,491.4388246910647,494.75933695493717,486.12596250833224,488.94842529296875,13203,0.0,0.0
GMMPFAUDLR.NS,2019-09-16 00:00:00+05:30,490.7747331461707,505.0530341869561,484.64835626717525,497.68145751953125,16725,0.0,0.0
GMMPFAUDLR.NS,2019-09-17 00:00:00+05:30,492.7670313319538,502.7286292052438,489.97779608758617,496.5358581542969,4965,0.0,0.0
GMMPFAUDLR.NS,2019-09-18 00:00:00+05:30,500.7363238499326,500.7363238499326,488.46697166779063,492.51800537109375,10332,0.0,0.0
GMMPFAUDLR.NS,2019-09-19 00:00:00+05:30,494.7593069775485,509.60211081118393,489.994351191335,506.6966247558594,19890,0.0,0.0
GMMPFAUDLR.NS,2019-09-20 00:00:00+05:30,506.69669293453984,513.6864407758607,495.09143696110215,504.6877746582031,19161,0.0,0.0
GMMPFAUDLR.NS,2019-09-23 00:00:00+05:30,516.3427993526109,517.3389591332273,498.07989030823165,506.9291076660156,34392,0.0,0.0
GMMPFAUDLR.NS,2019-09-24 00:00:00+05:30,506.9291440178248,506.9291440178248,489.77858379157834,499.7900085449219,14280,0.0,0.0
GMMPFAUDLR.NS,2019-09-25 00:00:00+05:30,504.37230523541047,504.37230523541047,490.14380098292236,497.6648254394531,8691,0.0,0.0
GMMPFAUDLR.NS,2019-09-26 00:00:00+05:30,499.42477505220774,509.386374114183,495.50652987429066,496.8679504394531,13488,0.0,0.0
GMMPFAUDLR.NS,2019-09-27 00:00:00+05:30,491.50526686393863,506.41446748198126,490.11064914563394,493.99566650390625,8496,0.0,0.0
GMMPFAUDLR.NS,2019-09-30 00:00:00+05:30,504.72097633422857,504.72097633422857,488.1681182710793,497.1999816894531,11583,0.0,0.0
GMMPFAUDLR.NS,2019-10-01 00:00:00+05:30,504.720913850546,506.713233287325,494.09522032118554,499.7567138671875,8370,0.0,0.0
GMMPFAUDLR.NS,2019-10-03 00:00:00+05:30,498.0799067130967,503.72480218905014,488.1183085788348,495.7555236816406,8712,0.0,0.0
GMMPFAUDLR.NS,2019-10-04 00:00:00+05:30,500.7363002845906,502.39658683273996,491.770862365965,497.166748046875,6840,0.0,0.0
GMMPFAUDLR.NS,2019-10-07 00:00:00+05:30,499.408135352678,504.3557068527898,437.04852427514834,492.8832702636719,32667,0.0,0.0
GMMPFAUDLR.NS,2019-10-09 00:00:00+05:30,492.88326838752306,498.07991022429934,491.4554534983932,497.4822082519531,5457,0.0,0.0
GMMPFAUDLR.NS,2019-10-10 00:00:00+05:30,494.7759660734951,503.0441108252409,494.7759660734951,498.6776123046875,7521,0.0,0.0
GMMPFAUDLR.NS,2019-10-11 00:00:00+05:30,501.4004447793022,501.4004447793022,492.4848023739557,493.6802062988281,13767,0.0,0.0
GMMPFAUDLR.NS,2019-10-14 00:00:00+05:30,498.07986846844636,502.5625872846624,491.45541229789256,492.98284912109375,9738,0.0,0.0
GMMPFAUDLR.NS,2019-10-15 00:00:00+05:30,499.3915525626759,499.3915525626759,482.4734336249874,488.0187072753906,12180,0.0,0.0
GMMPFAUDLR.NS,2019-10-16 00:00:00+05:30,494.07866285387826,494.7593578646134,473.17590563574277,481.21160888671875,15882,0.0,0.0
GMMPFAUDLR.NS,2019-10-17 00:00:00+05:30,481.4772084523823,497.74779695623823,470.85148449842256,478.6049499511719,18321,0.0,0.0
GMMPFAUDLR.NS,2019-10-18 00:00:00+05:30,478.4887854240152,481.4772649365863,468.1951236361417,471.74810791015625,27762,0.0,0.0
GMMPFAUDLR.NS,2019-10-22 00:00:00+05:30,478.48872942859987,478.48872942859987,466.717427872558,468.7097473144531,19692,0.0,0.0
GMMPFAUDLR.NS,2019-10-23 00:00:00+05:30,470.18742626892663,481.57683914495067,470.18742626892663,476.9447021484375,12768,0.0,0.0
GMMPFAUDLR.NS,2019-10-24 00:00:00+05:30,482.7888335587285,484.79775173775556,468.1950987934355,472.46197509765625,10941,0.0,0.0
GMMPFAUDLR.NS,2019-10-25 00:00:00+05:30,480.43124019211496,480.43124019211496,470.8847294512665,473.2423095703125,7368,0.0,0.0
GMMPFAUDLR.NS,2019-10-27 00:00:00+05:30,486.10938088931965,493.7631944534681,474.83615836641025,480.6802978515625,13863,0.0,0.0
GMMPFAUDLR.NS,2019-10-29 00:00:00+05:30,487.4043946567807,489.446540551061,471.51566358867944,472.9268798828125,15525,0.0,0.0
GMMPFAUDLR.NS,2019-10-30 00:00:00+05:30,475.15164098793537,479.33549403976554,469.8553770305825,474.1222839355469,14184,0.0,0.0
GMMPFAUDLR.NS,2019-10-31 00:00:00+05:30,474.17202377339555,478.1566626286342,468.69314534744245,474.3214416503906,13524,0.0,0.0
GMMPFAUDLR.NS,2019-11-01 00:00:00+05:30,469.85531900408387,476.164340624197,449.15180783754784,455.7098693847656,64356,0.0,0.0
GMMPFAUDLR.NS,2019-11-04 00:00:00+05:30,455.7099115411299,469.52332946906773,454.9129654604427,465.5054626464844,29142,0.0,0.0
GMMPFAUDLR.NS,2019-11-05 00:00:00+05:30,465.50548663484483,477.4926324797128,464.52595579414,474.0060729980469,14958,0.0,0.0
GMMPFAUDLR.NS,2019-11-06 00:00:00+05:30,478.8207653788142,484.76452652418874,475.3508049425566,476.7454528808594,22725,0.0,0.0
GMMPFAUDLR.NS,2019-11-07 00:00:00+05:30,484.13367846566837,493.43118036664646,478.1401208617792,484.88079833984375,62664,0.0,0.0
GMMPFAUDLR.NS,2019-11-08 00:00:00+05:30,489.9778253445124,503.3761874442669,479.94980203310735,481.6764831542969,88590,0.0,0.0
GMMPFAUDLR.NS,2019-11-11 00:00:00+05:30,484.7977267099543,494.7593240423533,480.0659679770648,482.905029296875,45699,0.0,0.0
GMMPFAUDLR.NS,2019-11-13 00:00:00+05:30,494.42737308165556,516.3428604479442,489.77860662179927,513.0721435546875,116745,0.0,0.0
GMMPFAUDLR.NS,2019-11-14 00:00:00+05:30,522.983871147652,556.1559788145785,513.0222736019825,545.08203125,208695,0.0,0.0
GMMPFAUDLR.NS,2019-11-15 00:00:00+05:30,549.2161255722839,573.6220425729985,549.1995269610425,565.95166015625,170373,0.0,0.0
GMMPFAUDLR.NS,2019-11-18 00:00:00+05:30,574.4521823428236,587.7342929909499,567.8110966183754,574.9834594726562,87234,0.0,0.0
GMMPFAUDLR.NS,2019-11-19 00:00:00+05:30,580.0969989340041,581.0931586693233,551.2083666097451,560.7217407226562,52659,0.0,0.0
GMMPFAUDLR.NS,2019-11-20 00:00:00+05:30,557.8494297609255,557.8494297609255,537.9428344491083,539.7857055664062,50886,0.0,0.0
GMMPFAUDLR.NS,2019-11-21 00:00:00+05:30,539.5865544419788,568.126494953732,538.9224276714566,556.006591796875,67665,0.0,0.0
GMMPFAUDLR.NS,2019-11-22 00:00:00+05:30,562.6476434487627,574.4521736003239,551.2084043188835,558.5468139648438,47898,0.0,0.0
GMMPFAUDLR.NS,2019-11-25 00:00:00+05:30,574.4520904439864,574.4520904439864,552.8686108929569,555.7076416015625,26862,0.0,0.0
GMMPFAUDLR.NS,2019-11-26 00:00:00+05:30,557.8495641490863,560.5558067486037,548.2698544717698,550.0795288085938,24378,0.0,0.0
GMMPFAUDLR.NS,2019-11-27 00:00:00+05:30,557.3182369340852,557.3182369340852,538.4243970707175,540.582763671875,26493,0.0,0.0
GMMPFAUDLR.NS,2019-11-28 00:00:00+05:30,540.5828176694164,550.876450178582,540.5828176694164,548.4026489257812,17523,0.0,0.0
GMMPFAUDLR.NS,2019-11-29 00:00:00+05:30,548.5520329007262,558.4970325826717,538.6070332187808,549.0667114257812,19647,0.0,0.0
GMMPFAUDLR.NS,2019-12-02 00:00:00+05:30,547.8879666823035,554.5124545997733,534.9378874698126,540.8650512695312,33522,0.0,0.0
GMMPFAUDLR.NS,2019-12-03 00:00:00+05:30,540.9146795877145,547.4229144029352,532.9454025403818,538.90576171875,21123,0.0,0.0
GMMPFAUDLR.NS,2019-12-04 00:00:00+05:30,531.6172380387287,554.2466736227916,531.6172380387287,545.546875,19623,0.0,0.0
GMMPFAUDLR.NS,2019-12-05 00:00:00+05:30,547.2237554200718,552.5366481450532,542.9070832816966,546.5430908203125,14082,0.0,0.0
GMMPFAUDLR.NS,2019-12-06 00:00:00+05:30,547.8381641855389,551.0258881130935,540.6823991608052,543.9033203125,10911,0.0,0.0
GMMPFAUDLR.NS,2019-12-09 00:00:00+05:30,546.2276159354365,557.7831063610915,537.2621775296835,549.7307739257812,26106,0.0,0.0
GMMPFAUDLR.NS,2019-12-10 00:00:00+05:30,554.4956922802098,555.1929553913261,542.9070066993015,545.4306030273438,13509,0.0,0.0
GMMPFAUDLR.NS,2019-12-11 00:00:00+05:30,549.5482139277522,549.5482139277522,538.274960171464,541.3298950195312,11370,0.0,0.0
GMMPFAUDLR.NS,2019-12-12 00:00:00+05:30,544.5340475461226,552.8685541326349,541.412719227184,547.8877563476562,20013,0.0,0.0
GMMPFAUDLR.NS,2019-12-13 00:00:00+05:30,550.8431959688342,554.5289995481631,535.6351597521107,538.5239868164062,29727,0.0,0.0
GMMPFAUDLR.NS,2019-12-16 00:00:00+05:30,540.5661200087363,550.8763492411344,534.2072718110743,541.0143432617188,25989,0.0,0.0
GMMPFAUDLR.NS,2019-12-17 00:00:00+05:30,536.365617031509,547.6056111458067,536.365617031509,539.1880493164062,11181,0.0,0.0
GMMPFAUDLR.NS,2019-12-18 00:00:00+05:30,539.188073424575,577.7394686338669,539.188073424575,567.31298828125,83382,0.0,0.0
GMMPFAUDLR.NS,2019-12-19 00:00:00+05:30,567.4789528771018,576.2783426243251,561.5517909527069,572.310302734375,45606,0.0,0.0
GMMPFAUDLR.NS,2019-12-20 00:00:00+05:30,574.4521215556864,586.0739443427149,572.4598021292513,584.1978759765625,44238,0.0,0.0
GMMPFAUDLR.NS,2019-12-23 00:00:00+05:30,586.721484020679,610.3138832397774,586.4060496521574,606.4454345703125,87477,0.0,0.0
GMMPFAUDLR.NS,2019-12-24 00:00:00+05:30,610.9447636779029,623.2639717034301,603.6728096492125,621.8693237304688,83703,0.0,0.0
GMMPFAUDLR.NS,2019-12-26 00:00:00+05:30,627.5806280809696,633.5575864436455,614.2985186530558,620.0762329101562,70614,0.0,0.0
GMMPFAUDLR.NS,2019-12-27 00:00:00+05:30,622.2678749182107,622.2678749182107,599.7712243776258,608.9027099609375,38922,0.0,0.0
GMMPFAUDLR.NS,2019-12-30 00:00:00+05:30,610.9779060112755,632.5447870227586,609.3176804410991,616.440185546875,37950,0.0,0.0
GMMPFAUDLR.NS,2019-12-31 00:00:00+05:30,616.6395324306418,629.2409785810403,616.6395324306418,621.4542846679688,30939,0.0,0.0
GMMPFAUDLR.NS,2020-01-01 00:00:00+05:30,626.81690096012,629.2409058092555,619.312505893666,622.4171752929688,18111,0.0,0.0
GMMPFAUDLR.NS,2020-01-02 00:00:00+05:30,626.783776268733,627.5640933609757,612.1900104605184,619.0635375976562,17427,0.0,0.0
GMMPFAUDLR.NS,2020-01-03 00:00:00+05:30,623.5793653095775,623.5793653095775,614.9625596987174,619.5947265625,16629,0.0,0.0
GMMPFAUDLR.NS,2020-01-06 00:00:00+05:30,619.5948656403532,620.9396571990467,602.6933443875841,607.3919067382812,26118,0.0,0.0
GMMPFAUDLR.NS,2020-01-07 00:00:00+05:30,607.0265694070065,621.7199269650154,607.0265694070065,615.3279418945312,13794,0.0,0.0
GMMPFAUDLR.NS,2020-01-08 00:00:00+05:30,607.6574818436872,620.5743621054944,604.6690024247838,616.9383544921875,20052,0.0,0.0
GMMPFAUDLR.NS,2020-01-09 00:00:00+05:30,625.9203808470819,652.9993406738016,620.939581899225,649.9942626953125,98964,0.0,0.0
GMMPFAUDLR.NS,2020-01-10 00:00:00+05:30,656.9674065142456,657.4820850386203,627.5806915905606,632.3788452148438,57381,0.0,0.0
GMMPFAUDLR.NS,2020-01-13 00:00:00+05:30,629.2410170109356,659.1258136900707,629.2410170109356,657.5319213867188,44214,0.0,0.0
GMMPFAUDLR.NS,2020-01-14 00:00:00+05:30,662.3133978091023,672.0758122021348,655.8383592998451,662.2138061523438,43026,0.0,0.0
GMMPFAUDLR.NS,2020-01-15 00:00:00+05:30,664.0400947663936,666.8127922220564,657.7145043909308,660.2546997070312,16413,0.0,0.0
GMMPFAUDLR.NS,2020-01-16 00:00:00+05:30,666.0822358103158,667.1613885972299,660.7859419281074,664.8370361328125,22254,0.0,0.0
GMMPFAUDLR.NS,2020-01-17 00:00:00+05:30,668.2903460514926,744.7954638899405,667.97491167589,732.808349609375,245850,0.0,0.0
GMMPFAUDLR.NS,2020-01-20 00:00:00+05:30,747.1198331922404,747.1198331922404,717.2350398645508,729.48779296875,101454,0.0,0.0
GMMPFAUDLR.NS,2020-01-21 00:00:00+05:30,727.8607736161352,794.6034795573723,724.324357720425,775.6265869140625,181938,0.0,0.0
GMMPFAUDLR.NS,2020-01-22 00:00:00+05:30,795.2343684007388,796.5958192420713,757.2475065373798,767.5411376953125,116628,0.0,0.0
GMMPFAUDLR.NS,2020-01-23 00:00:00+05:30,769.3673439617877,791.7145434349677,698.5736087495327,716.3218383789062,261726,0.0,0.0
GMMPFAUDLR.NS,2020-01-24 00:00:00+05:30,725.1711217829651,859.5862974892108,720.5555531006058,840.0947265625,697512,0.0,0.0
GMMPFAUDLR.NS,2020-01-27 00:00:00+05:30,830.1332290323587,874.96042449452,807.1883541284965,851.2518310546875,279624,0.0,0.0
GMMPFAUDLR.NS,2020-01-28 00:00:00+05:30,856.2325403445124,869.16601905941,825.152342604959,832.65673828125,154284,0.0,0.0
GMMPFAUDLR.NS,2020-01-29 00:00:00+05:30,846.7025616117035,861.6781545728484,837.4382884105528,851.401123046875,64161,0.0,0.0
GMMPFAUDLR.NS,2020-01-30 00:00:00+05:30,858.0255868414131,858.0255868414131,830.1331135453217,838.3016357421875,56421,0.0,0.0
GMMPFAUDLR.NS,2020-01-31 00:00:00+05:30,839.1982077306646,853.2606347088313,823.4920928196365,830.8138427734375,42150,0.0,0.0
GMMPFAUDLR.NS,2020-02-03 00:00:00+05:30,823.4921162869961,946.0197708964344,820.2877941775681,926.8768920898438,499908,0.0,0.0
GMMPFAUDLR.NS,2020-02-04 00:00:00+05:30,944.3595272545301,1009.4419497941773,933.0697360141916,984.1395263671875,467607,0.0,0.0
GMMPFAUDLR.NS,2020-02-05 00:00:00+05:30,994.4994896786109,1012.7292622244036,946.8000714867635,971.5048217773438,240669,0.0,0.0
GMMPFAUDLR.NS,2020-02-06 00:00:00+05:30,977.2327733942371,991.179010731158,958.8204155234178,971.6875,96840,0.0,0.0
GMMPFAUDLR.NS,2020-02-07 00:00:00+05:30,972.2519140975418,991.1789493105063,963.6849645846116,975.7882690429688,74202,0.0,0.0
GMMPFAUDLR.NS,2020-02-10 00:00:00+05:30,976.2366642298704,979.5571768344763,962.954553010674,967.188232421875,41922,0.0,0.0
GMMPFAUDLR.NS,2020-02-11 00:00:00+05:30,968.2008196601827,1090.7948553817932,968.2008196601827,1055.28173828125,430896,0.0,0.0
GMMPFAUDLR.NS,2020-02-12 00:00:00+05:30,1069.2113974329172,1112.3782345009145,1031.1746852775213,1076.8984375,265353,0.0,0.0
GMMPFAUDLR.NS,2020-02-13 00:00:00+05:30,1084.6852193270465,1128.6490388394657,1065.8909722490982,1109.140869140625,241272,0.0,0.0
GMMPFAUDLR.NS,2020-02-14 00:00:00+05:30,1115.71571701613,1122.273688444766,1049.2884399473169,1063.566650390625,158898,0.0,0.0
GMMPFAUDLR.NS,2020-02-17 00:00:00+05:30,1071.403164506664,1102.4169101500283,1069.2116613778521,1084.535888671875,105507,0.0,0.0
GMMPFAUDLR.NS,2020-02-18 00:00:00+05:30,1091.4590629948063,1094.812833464366,1069.6432603363264,1081.3148193359375,66276,0.0,0.0
GMMPFAUDLR.NS,2020-02-19 00:00:00+05:30,1090.7784927647217,1149.9006834539744,1087.4745784564448,1114.6365966796875,298737,0.0,0.0
GMMPFAUDLR.NS,2020-02-20 00:00:00+05:30,1120.3476804825882,1120.3476804825882,1087.4744071036234,1092.4884033203125,83565,0.0,0.0
GMMPFAUDLR.NS,2020-02-24 00:00:00+05:30,1098.7310044125047,1136.3525726936682,1077.512753147474,1089.7821044921875,126006,0.0,0.0
GMMPFAUDLR.NS,2020-02-25 00:00:00+05:30,1096.3237152237007,1112.3784014734342,1077.8449023151138,1082.92529296875,67332,0.0,0.0
GMMPFAUDLR.NS,2020-02-26 00:00:00+05:30,1082.9253486031535,1082.9253486031535,1029.3984160777777,1055.232177734375,98925,0.0,0.0
GMMPFAUDLR.NS,2020-02-27 00:00:00+05:30,1049.3215054452035,1073.5281143560674,963.3196733504293,1011.9654541015625,205878,0.0,0.0
GMMPFAUDLR.NS,2020-02-28 00:00:00+05:30,952.9928787015233,984.1892663381352,899.864316443101,918.6253662109375,175902,0.0,0.0
GMMPFAUDLR.NS,2020-03-02 00:00:00+05:30,962.954461187087,1062.5703770332336,930.8283087184574,949.6058959960938,290562,0.0,0.0
GMMPFAUDLR.NS,2020-03-03 00:00:00+05:30,1001.1406283032277,1035.3421563048137,967.0387527650199,1008.32958984375,256356,0.0,0.0
GMMPFAUDLR.NS,2020-03-04 00:00:00+05:30,1026.0445688372292,1036.0061665929304,979.5570923770342,995.3960571289062,126318,0.0,0.0
GMMPFAUDLR.NS,2020-03-05 00:00:00+05:30,1010.7535206188062,1025.2143748874398,982.8776460635215,990.1661987304688,82122,0.0,0.0
GMMPFAUDLR.NS,2020-03-06 00:00:00+05:30,937.7183480785613,989.5186545452382,923.4400787424889,983.591552734375,115662,0.0,0.0
GMMPFAUDLR.NS,2020-03-09 00:00:00+05:30,977.8802815437189,977.8802815437189,929.7491164673348,947.6799926757812,107292,0.0,0.0
GMMPFAUDLR.NS,2020-03-11 00:00:00+05:30,937.054293647471,976.2697541774806,933.13604907607,944.4092407226562,104430,0.0,0.0
GMMPFAUDLR.NS,2020-03-12 00:00:00+05:30,909.8259238614081,923.091496356641,815.9544619959509,903.3176879882812,212415,0.0,0.0
GMMPFAUDLR.NS,2020-03-13 00:00:00+05:30,773.684075514698,948.0120278773944,750.440307999162,923.8052978515625,194883,0.0,0.0
GMMPFAUDLR.NS,2020-03-16 00:00:00+05:30,896.510612622147,911.4862066723629,848.3296517476535,882.8134155273438,101439,0.0,0.0
GMMPFAUDLR.NS,2020-03-17 00:00:00+05:30,889.9027488856223,921.431231389152,830.1331599126902,839.9287719726562,100746,0.0,0.0
GMMPFAUDLR.NS,2020-03-18 00:00:00+05:30,850.0895389956318,873.6653411785823,730.8492596637756,736.0625,160173,0.0,0.0
GMMPFAUDLR.NS,2020-03-19 00:00:00+05:30,678.0527335388869,713.4330020609816,603.6561892114498,631.9803466796875,223329,0.0,0.0
GMMPFAUDLR.NS,2020-03-20 00:00:00+05:30,663.774478411129,758.37646484375,647.8691183850607,758.37646484375,218334,0.0,0.0
GMMPFAUDLR.NS,2020-03-23 00:00:00+05:30,627.5806822730783,733.8377492740678,627.5806822730783,665.1027221679688,133650,0.0,0.0
GMMPFAUDLR.NS,2020-03-24 00:00:00+05:30,743.4672266438672,757.0814305299691,630.901171841385,696.7141723632812,119862,0.0,0.0
GMMPFAUDLR.NS,2020-03-25 00:00:00+05:30,698.9721014677731,763.3903905077849,698.9721014677731,752.8643188476562,83022,0.0,0.0
GMMPFAUDLR.NS,2020-03-26 00:00:00+05:30,776.3404854445162,871.6397893466748,772.0238134213405,817.1332397460938,155427,0.0,0.0
GMMPFAUDLR.NS,2020-03-27 00:00:00+05:30,847.1010112722101,964.2162362455889,790.3199059531521,824.2225952148438,145632,0.0,0.0
GMMPFAUDLR.NS,2020-03-30 00:00:00+05:30,796.9278486186992,824.1561965129149,766.1797441665202,786.9828491210938,90396,0.0,0.0
GMMPFAUDLR.NS,2020-03-31 00:00:00+05:30,810.0772195072838,846.6860947778284,800.9125365311015,834.3834838867188,90198,0.0,0.0
GMMPFAUDLR.NS,2020-04-01 00:00:00+05:30,838.6835766118282,845.0755615989709,813.613534171673,829.3694458007812,40329,0.0,0.0
GMMPFAUDLR.NS,2020-04-03 00:00:00+05:30,825.1357378786895,903.1848936570752,763.7225235012429,863.6871337890625,114993,0.0,0.0
GMMPFAUDLR.NS,2020-04-07 00:00:00+05:30,914.7734526153988,958.6376772201081,847.4662775297945,898.1375732421875,128373,0.0,0.0
GMMPFAUDLR.NS,2020-04-08 00:00:00+05:30,898.1376218310223,924.7682969955191,879.9411074693326,896.3611450195312,90525,0.0,0.0
GMMPFAUDLR.NS,2020-04-09 00:00:00+05:30,933.2689120831255,951.3326387279533,912.7646424926492,922.9752807617188,146568,0.0,0.0
GMMPFAUDLR.NS,2020-04-13 00:00:00+05:30,923.1412367191958,926.3953544602357,880.123722702837,908.1324462890625,85083,0.0,0.0
GMMPFAUDLR.NS,2020-04-15 00:00:00+05:30,916.4669881063411,929.732499492386,898.6191052993042,912.4159545898438,62649,0.0,0.0
GMMPFAUDLR.NS,2020-04-16 00:00:00+05:30,898.868167723963,946.3518048666513,896.9090453544875,935.75927734375,65544,0.0,0.0
GMMPFAUDLR.NS,2020-04-17 00:00:00+05:30,962.9544631177586,1039.3267323004368,950.3364191169286,1023.0062255859375,258681,0.0,0.0
GMMPFAUDLR.NS,2020-04-20 00:00:00+05:30,1068.9789529758657,1171.1517169673523,1066.3889620683544,1128.74853515625,454791,0.0,0.0
GMMPFAUDLR.NS,2020-04-21 00:00:00+05:30,1088.80262214754,1150.5645275209595,1085.7809456365771,1136.3028564453125,285006,0.0,0.0
GMMPFAUDLR.NS,2020-04-22 00:00:00+05:30,1153.5531076388106,1254.3976331567967,1137.6145500203124,1241.0159912109375,415137,0.0,0.0
GMMPFAUDLR.NS,2020-04-23 00:00:00+05:30,1275.0846513895679,1358.0980155815923,1097.0874665881693,1233.0467529296875,561489,0.0,0.0
GMMPFAUDLR.NS,2020-04-24 00:00:00+05:30,1208.673892287725,1222.6201290387312,1145.749719212519,1165.3409423828125,172212,0.0,0.0
GMMPFAUDLR.NS,2020-04-27 00:00:00+05:30,1208.6738510631226,1240.218868771115,1165.5068887246623,1179.453125,137670,0.0,0.0
GMMPFAUDLR.NS,2020-04-28 00:00:00+05:30,1206.6815031381354,1228.5970167682628,1179.4530971850436,1184.417236328125,91578,0.0,0.0
GMMPFAUDLR.NS,2020-04-29 00:00:00+05:30,1202.0327922460667,1202.0327922460667,1155.5453751585903,1175.8338623046875,69144,0.0,0.0
GMMPFAUDLR.NS,2020-04-30 00:00:00+05:30,1195.3915337050119,1205.3531298192202,1155.5451492481782,1160.22705078125,100767,0.0,0.0
GMMPFAUDLR.NS,2020-05-04 00:00:00+05:30,1127.320837105499,1186.9411003897208,1099.0963895725033,1167.134033203125,182796,0.0,0.0
GMMPFAUDLR.NS,2020-05-05 00:00:00+05:30,1195.0595666060144,1205.353257548675,1163.3153661326298,1171.1517333984375,104157,0.0,0.0
GMMPFAUDLR.NS,2020-05-06 00:00:00+05:30,1178.789049652582,1187.0073673922125,1145.583684918211,1155.5120849609375,74034,0.0,0.0
GMMPFAUDLR.NS,2020-05-07 00:00:00+05:30,1155.545331693818,1175.4685270678494,1142.263160910619,1154.7650146484375,46632,0.0,0.0
GMMPFAUDLR.NS,2020-05-08 00:00:00+05:30,1162.186460930028,1211.662481631473,1153.8852098444115,1181.644775390625,196806,0.0,0.0
GMMPFAUDLR.NS,2020-05-11 00:00:00+05:30,1195.3916917739175,1221.9559110572718,1195.3750323641505,1205.452880859375,111864,0.0,0.0
GMMPFAUDLR.NS,2020-05-12 00:00:00+05:30,1217.6225167429068,1217.6225167429068,1172.9946377466476,1187.3724365234375,90963,0.0,0.0
GMMPFAUDLR.NS,2020-05-13 00:00:00+05:30,1227.932936787196,1227.932936787196,1192.0711840693289,1215.38134765625,98184,0.0,0.0
GMMPFAUDLR.NS,2020-05-14 00:00:00+05:30,1208.6738993649583,1211.9943508764748,1193.416068377043,1199.8577880859375,58086,0.0,0.0
GMMPFAUDLR.NS,2020-05-15 00:00:00+05:30,1205.5857671208273,1210.3341856941188,1188.7673011925122,1201.9000244140625,57453,0.0,0.0
GMMPFAUDLR.NS,2020-05-18 00:00:00+05:30,1202.364755268731,1213.6546057111993,1149.269394734315,1159.0816650390625,88071,0.0,0.0
GMMPFAUDLR.NS,2020-05-19 00:00:00+05:30,1175.4685356001385,1178.4403555176202,1152.4738069051891,1161.6385498046875,76563,0.0,0.0
GMMPFAUDLR.NS,2020-05-20 00:00:00+05:30,1162.186306035572,1175.45181683502,1154.4328709445133,1166.0880126953125,43428,0.0,0.0
GMMPFAUDLR.NS,2020-05-21 00:00:00+05:30,1168.8276103613039,1278.4051950326277,1168.8276103613039,1260.2086181640625,307575,0.0,0.0
GMMPFAUDLR.NS,2020-05-22 00:00:00+05:30,1264.7907082697939,1321.6382048405005,1261.8022292098744,1290.70751953125,262833,0.0,0.0
GMMPFAUDLR.NS,2020-05-26 00:00:00+05:30,1216.9752357327231,1258.4653175617652,1097.6353593648073,1227.6507568359375,662088,0.0,0.0
GMMPFAUDLR.NS,2020-05-27 00:00:00+05:30,1221.9558824244532,1251.840674018542,1211.9942852264235,1220.992919921875,108063,0.0,0.0
GMMPFAUDLR.NS,2020-05-28 00:00:00+05:30,1225.2763934922878,1235.1383985407008,1196.1387231592396,1204.9547119140625,91917,0.0,0.0
GMMPFAUDLR.NS,2020-05-29 00:00:00+05:30,1207.2793271343771,1292.1852937662904,1204.9549136491996,1264.4754638671875,262065,0.0,0.0
GMMPFAUDLR.NS,2020-06-01 00:00:00+05:30,1294.675512306925,1328.2129698395784,1267.4140311073766,1277.4752197265625,150003,0.0,0.0
GMMPFAUDLR.NS,2020-06-02 00:00:00+05:30,1288.350072927682,1301.316809910886,1279.3348995786832,1284.797119140625,62751,0.0,0.0
GMMPFAUDLR.NS,2020-06-03 00:00:00+05:30,1232.2497419873278,1364.7390028477278,1232.2497419873278,1328.478759765625,275799,0.0,0.0
GMMPFAUDLR.NS,2020-06-04 00:00:00+05:30,1374.4681801212462,1407.90592875291,1361.4183891119449,1383.9150390625,277956,0.0,0.0
GMMPFAUDLR.NS,2020-06-05 00:00:00+05:30,1402.9251286556816,1427.1649366845304,1391.3198423638094,1416.688720703125,164295,0.0,0.0
GMMPFAUDLR.NS,2020-06-08 00:00:00+05:30,1427.8291284416368,1436.1303792803833,1383.8651854906634,1419.4447021484375,152862,0.0,0.0
GMMPFAUDLR.NS,2020-06-09 00:00:00+05:30,1434.4698711874448,1517.1511207072767,1405.929873388308,1492.5792236328125,333306,0.0,0.0
GMMPFAUDLR.NS,2020-06-10 00:00:00+05:30,1517.4666616663485,1534.0360856285583,1461.0341901845454,1497.26123046875,125592,0.0,0.0
GMMPFAUDLR.NS,2020-06-11 00:00:00+05:30,1500.5485461499693,1526.7806695398397,1479.845035928531,1490.7861328125,73236,0.0,0.0
GMMPFAUDLR.NS,2020-06-12 00:00:00+05:30,1421.187892786041,1487.5986249434445,1421.187892786041,1479.3636474609375,89691,0.0,0.0
GMMPFAUDLR.NS,2020-06-15 00:00:00+05:30,1479.3636773422961,1502.541051788144,1462.3625665334653,1468.605224609375,43092,0.0,0.0
GMMPFAUDLR.NS,2020-06-16 00:00:00+05:30,1492.5795333087658,1537.25727778776,1448.0677749358324,1477.2386474609375,118338,0.0,0.0
GMMPFAUDLR.NS,2020-06-17 00:00:00+05:30,1477.6371232301797,1499.386531806667,1457.7139266095548,1462.8275146484375,79170,0.0,0.0
GMMPFAUDLR.NS,2020-06-18 00:00:00+05:30,1465.9984164707867,1477.0724240002316,1386.7041303129351,1419.959228515625,114099,0.0,0.0
GMMPFAUDLR.NS,2020-06-19 00:00:00+05:30,1422.848406627541,1444.4151708113632,1261.8024778222832,1378.203857421875,67839,0.0,0.0
GMMPFAUDLR.NS,2020-06-22 00:00:00+05:30,1384.9443802387693,1392.963515391378,1308.4559172052689,1378.0211181640625,189795,0.0,0.0
GMMPFAUDLR.NS,2020-06-23 00:00:00+05:30,1378.0211521875592,1421.1879975090164,1332.363785665185,1368.30859375,94152,0.0,0.0
GMMPFAUDLR.NS,2020-06-24 00:00:00+05:30,1371.3800245936334,1384.4630131787587,1348.1529135539845,1356.1221923828125,65004,0.0,0.0
GMMPFAUDLR.NS,2020-06-25 00:00:00+05:30,1356.1054869322297,1410.2300845528237,1338.19114959199,1379.41552734375,63879,0.0,0.0
GMMPFAUDLR.NS,2020-06-26 00:00:00+05:30,1434.4702062925417,1434.4702062925417,1381.3416395997099,1387.634033203125,43530,0.0,0.0
GMMPFAUDLR.NS,2020-06-29 00:00:00+05:30,1381.341454024779,1381.9557849530397,1350.4605023435406,1361.3353271484375,28497,0.0,0.0
GMMPFAUDLR.NS,2020-06-30 00:00:00+05:30,1373.0402443951361,1381.3414946688094,1341.4951042302712,1358.1475830078125,23856,0.0,0.0
GMMPFAUDLR.NS,2020-07-01 00:00:00+05:30,1374.3684527352964,1424.5085373579666,1374.3684527352964,1387.932861328125,66675,0.0,0.0
GMMPFAUDLR.NS,2020-07-02 00:00:00+05:30,1402.57619915187,1415.974620086965,1384.6786433576992,1398.9735107421875,48342,0.0,0.0
GMMPFAUDLR.NS,2020-07-03 00:00:00+05:30,1402.9084289286927,1415.709058003155,1396.2839419566171,1404.1702880859375,33585,0.0,0.0
GMMPFAUDLR.NS,2020-07-06 00:00:00+05:30,1414.1152083334027,1417.203279344602,1396.6160176684043,1404.070556640625,42207,0.0,0.0
GMMPFAUDLR.NS,2020-07-07 00:00:00+05:30,1404.5854223349347,1414.1153355826275,1397.944397042141,1402.045166015625,41232,0.0,0.0
GMMPFAUDLR.NS,2020-07-08 00:00:00+05:30,1409.234115833176,1414.2149151605806,1378.0543850045506,1387.634033203125,32472,0.0,0.0
GMMPFAUDLR.NS,2020-07-09 00:00:00+05:30,1396.2838726021891,1396.2838726021891,1361.4681380579473,1376.4769287109375,32841,0.0,0.0
GMMPFAUDLR.NS,2020-07-10 00:00:00+05:30,1369.719698760009,1411.2263157643458,1361.4183267185272,1399.6044921875,74037,0.0,0.0
GMMPFAUDLR.NS,2020-07-13 00:00:00+05:30,1414.21471832187,1414.21471832187,1379.6812216589544,1384.1639404296875,37140,0.0,0.0
GMMPFAUDLR.NS,2020-07-14 00:00:00+05:30,1393.9265777076753,1393.9265777076753,1349.3317633782315,1363.543701171875,37815,0.0,0.0
GMMPFAUDLR.NS,2020-07-15 00:00:00+05:30,1367.7439893056924,1381.5905124800777,1341.7607820895585,1347.7874755859375,31698,0.0,0.0
GMMPFAUDLR.NS,2020-07-16 00:00:00+05:30,1338.1746099865236,1344.7824370959524,1319.9116410854601,1328.2130126953125,40005,0.0,0.0
GMMPFAUDLR.NS,2020-07-17 00:00:00+05:30,1328.2129717769046,1344.4834991169482,1311.942322835335,1319.1146240234375,38838,0.0,0.0
GMMPFAUDLR.NS,2020-07-20 00:00:00+05:30,1311.6435080863482,1344.815676753549,1308.28985940026,1327.083984375,37887,0.0,0.0
GMMPFAUDLR.NS,2020-07-21 00:00:00+05:30,1361.4182728419823,1361.4182728419823,1322.236070744219,1327.9639892578125,47850,0.0,0.0
GMMPFAUDLR.NS,2020-07-22 00:00:00+05:30,1338.1581719216717,1344.467225116862,1314.9310599425398,1324.6602783203125,31653,0.0,0.0
GMMPFAUDLR.NS,2020-07-23 00:00:00+05:30,1321.5719748167762,1331.5335729224344,1315.6448725845255,1327.7979736328125,31290,0.0,0.0
GMMPFAUDLR.NS,2020-07-24 00:00:00+05:30,1341.428732937598,1341.428732937598,1313.934747380942,1319.36376953125,26142,0.0,0.0
GMMPFAUDLR.NS,2020-07-27 00:00:00+05:30,1319.9448866755838,1402.9250437929927,1316.0598392693284,1392.31591796875,125013,0.0,0.0
GMMPFAUDLR.NS,2020-07-28 00:00:00+05:30,1410.8942869102075,1454.3932217294596,1401.2646616803845,1417.0372314453125,97485,0.0,0.0
GMMPFAUDLR.NS,2020-07-29 00:00:00+05:30,1434.1379309062036,1434.4700246865023,1345.3137280132787,1370.267578125,72447,0.0,0.0
GMMPFAUDLR.NS,2020-07-30 00:00:00+05:30,1410.8943246939955,1426.1686933959852,1366.3991073407187,1383.7987060546875,105102,0.0,0.0
GMMPFAUDLR.NS,2020-07-31 00:00:00+05:30,1394.6236463484713,1411.5583620541313,1341.4950859537332,1353.266357421875,54870,0.0,0.0
GMMPFAUDLR.NS,2020-08-03 00:00:00+05:30,1353.449019014139,1365.469330562043,1328.2295906563643,1360.5218505859375,44601,0.0,0.0
GMMPFAUDLR.NS,2020-08-04 00:00:00+05:30,1365.4030248301756,1409.2340570840788,1338.8554628030781,1387.650634765625,57630,0.0,0.0
GMMPFAUDLR.NS,2020-08-05 00:00:00+05:30,1388.6467719649568,1411.2263537394838,1382.6698131186226,1401.862548828125,39042,0.0,0.0
GMMPFAUDLR.NS,2020-08-06 00:00:00+05:30,1413.8827693740777,1427.4969119972209,1401.862458019739,1422.51611328125,51684,0.0,0.0
GMMPFAUDLR.NS,2020-08-07 00:00:00+05:30,1423.8443877367092,1707.0193367105908,1423.8443877367092,1679.990234375,517443,0.0,0.0
GMMPFAUDLR.NS,2020-08-10 00:00:00+05:30,1759.8822511070437,2015.978370400896,1743.2796285122015,1882.028076171875,935493,0.0,0.0
GMMPFAUDLR.NS,2020-08-11 00:00:00+05:30,1922.5886812724093,2183.2506129098606,1922.5720218593756,2153.19970703125,733074,0.0,0.0
GMMPFAUDLR.NS,2020-08-12 00:00:00+05:30,2184.9103854015934,2291.1675104313167,1985.396312408065,2000.139404296875,957399,0.0,0.0
GMMPFAUDLR.NS,2020-08-13 00:00:00+05:30,1965.7553123990915,2032.1659229417753,1829.6964504722089,1934.708251953125,333231,0.0,0.0
GMMPFAUDLR.NS,2020-08-14 00:00:00+05:30,1925.2446538644579,2025.5248138745872,1877.7610808593292,1919.5831298828125,168561,0.0,0.0
GMMPFAUDLR.NS,2020-08-17 00:00:00+05:30,1925.9088545208776,1959.114097832278,1844.7383742220509,1867.7828369140625,164832,0.0,0.0
GMMPFAUDLR.NS,2020-08-18 00:00:00+05:30,1884.4021701700538,1995.6400909885454,1852.8571516700886,1971.151123046875,276111,0.0,0.0
GMMPFAUDLR.NS,2020-08-19 00:00:00+05:30,2015.5633862077752,2023.9310313171507,1949.0697189967036,1977.161376953125,166458,0.0,0.0
GMMPFAUDLR.NS,2020-08-20 00:00:00+05:30,1970.736109171793,1987.006637600862,1925.9089197419494,1948.007080078125,81867,0.0,0.0
GMMPFAUDLR.NS,2020-08-21 00:00:00+05:30,2108.538352628963,2108.538352628963,1982.25843687768,1993.9466552734375,435768,0.0,0.0
GMMPFAUDLR.NS,2020-08-24 00:00:00+05:30,2068.6921432550666,2091.935793223179,2009.653009676711,2060.5234375,236823,0.0,0.0
GMMPFAUDLR.NS,2020-08-25 00:00:00+05:30,2082.970043956626,2082.970043956626,2004.6055172381564,2020.5772705078125,135039,0.0,0.0
GMMPFAUDLR.NS,2020-08-26 00:00:00+05:30,2023.8315116121028,2023.8315116121028,1979.7017034916646,1986.7744140625,93411,0.0,0.0
GMMPFAUDLR.NS,2020-08-27 00:00:00+05:30,1977.709270715476,2025.5249404848103,1944.503903952926,1951.65966796875,109353,0.0,0.0
GMMPFAUDLR.NS,2020-08-28 00:00:00+05:30,1970.0055928190664,1970.0055928190664,1934.210234519561,1940.519287109375,54879,0.0,0.0
GMMPFAUDLR.NS,2020-08-31 00:00:00+05:30,1939.1909337869831,1949.0197423852733,1837.8483389311596,1857.0244140625,154734,0.0,0.0
GMMPFAUDLR.NS,2020-09-01 00:00:00+05:30,1839.5751463176807,1881.3806627321412,1678.5293446813137,1794.5653076171875,203925,0.0,0.0
GMMPFAUDLR.NS,2020-09-02 00:00:00+05:30,1826.2930459421334,1964.427167271895,1808.0300753542037,1930.5245361328125,148068,0.0,0.0
GMMPFAUDLR.NS,2020-09-03 00:00:00+05:30,1959.1141554154742,1991.1241782322224,1894.3637709730815,1917.9229736328125,114768,0.0,0.0
GMMPFAUDLR.NS,2020-09-04 00:00:00+05:30,1852.8571491121038,1912.626734567333,1851.1969233833029,1888.5362548828125,59664,0.0,0.0
GMMPFAUDLR.NS,2020-09-07 00:00:00+05:30,1893.0356591772163,1909.2896498980044,1854.5174002876302,1864.44580078125,69792,0.0,0.0
GMMPFAUDLR.NS,2020-09-08 00:00:00+05:30,1881.2808993386197,1967.415521147615,1859.498173546602,1885.4647216796875,119304,0.0,0.0
GMMPFAUDLR.NS,2020-09-09 00:00:00+05:30,1882.7253042507605,1882.7253042507605,1822.6402837227727,1829.2647705078125,84930,0.0,0.0
GMMPFAUDLR.NS,2020-09-10 00:00:00+05:30,1856.1778588292798,1904.3255029230945,1844.5725724786628,1856.8751220703125,76971,0.0,0.0
GMMPFAUDLR.NS,2020-09-11 00:00:00+05:30,1872.7471708474757,1876.4329133567799,1852.8571726614202,1859.3155517578125,36402,0.0,0.0
GMMPFAUDLR.NS,2020-09-14 00:00:00+05:30,1862.8186809473807,1959.080883031295,1859.498108005432,1950.613525390625,174099,0.0,0.0
GMMPFAUDLR.NS,2020-09-15 00:00:00+05:30,1960.9736296828264,1983.6861202133068,1909.3061124887406,1967.78076171875,109398,0.0,0.0
GMMPFAUDLR.NS,2020-09-16 00:00:00+05:30,1975.7169974753078,1982.3413629320567,1904.9896509495043,1928.0174560546875,111075,0.0,0.0
GMMPFAUDLR.NS,2020-09-17 00:00:00+05:30,1925.5769517404826,1925.5769517404826,1743.3129000382053,1790.2818603515625,730329,0.0,0.0
GMMPFAUDLR.NS,2020-09-18 00:00:00+05:30,1793.0876299756364,1809.026186686531,1726.6770175474217,1779.340576171875,390000,0.0,0.0
GMMPFAUDLR.NS,2020-09-21 00:00:00+05:30,1726.3448421728026,1779.855231375195,1658.9380731353676,1727.673095703125,533493,0.0,0.0
GMMPFAUDLR.NS,2020-09-22 00:00:00+05:30,1554.906005859375,1554.906005859375,1554.906005859375,1554.906005859375,64023,0.0,0.0
GMMPFAUDLR.NS,2020-09-23 00:00:00+05:30,1399.4217529296875,1399.4217529296875,1399.4217529296875,1399.4217529296875,37482,0.0,0.0
GMMPFAUDLR.NS,2020-09-24 00:00:00+05:30,1329.458251953125,1329.458251953125,1329.458251953125,1329.458251953125,21186,0.0,0.0
GMMPFAUDLR.NS,2020-09-25 00:00:00+05:30,1262.9976806640625,1262.9976806640625,1262.9976806640625,1262.9976806640625,87537,0.0,0.0
GMMPFAUDLR.NS,2020-09-28 00:00:00+05:30,1199.8577880859375,1199.8577880859375,1199.8577880859375,1199.8577880859375,71913,0.0,0.0
GMMPFAUDLR.NS,2020-09-29 00:00:00+05:30,1139.8724103381244,1259.8431396484375,1139.8724103381244,1259.8431396484375,4619883,0.0,0.0
GMMPFAUDLR.NS,2020-09-30 00:00:00+05:30,1308.2899530794382,1322.8338623046875,1262.1178475902188,1322.8338623046875,1094262,0.0,0.0
GMMPFAUDLR.NS,2020-10-01 00:00:00+05:30,1361.086166489628,1387.3182893620578,1267.1150662716,1274.7025146484375,900852,0.0,0.0
GMMPFAUDLR.NS,2020-10-05 00:00:00+05:30,1261.8354651456102,1311.577056571688,1228.928997260638,1269.0908203125,402426,0.0,0.0
GMMPFAUDLR.NS,2020-10-06 00:00:00+05:30,1272.4280077165786,1292.3013447325159,1245.199602540518,1249.732177734375,235251,0.0,0.0
GMMPFAUDLR.NS,2020-10-07 00:00:00+05:30,1248.5204008741482,1252.2560003565493,1187.2565693627691,1197.0355224609375,437343,0.0,0.0
GMMPFAUDLR.NS,2020-10-08 00:00:00+05:30,1203.6931716130005,1225.276594119193,1164.1787505181555,1193.7647705078125,542211,0.0,0.0
GMMPFAUDLR.NS,2020-10-09 00:00:00+05:30,1205.3534707494148,1220.2792097348588,1195.3918718176014,1205.78515625,165708,0.0,0.0
GMMPFAUDLR.NS,2020-10-12 00:00:00+05:30,1225.2764308662695,1225.2764308662695,1178.7890187385185,1182.6407470703125,140169,0.0,0.0
GMMPFAUDLR.NS,2020-10-13 00:00:00+05:30,1175.4683439561284,1221.2252917507808,1171.0188229089617,1199.459228515625,239538,0.0,0.0
GMMPFAUDLR.NS,2020-10-14 00:00:00+05:30,1175.4684688477823,1198.0647080288593,1175.4684688477823,1184.135009765625,160260,0.0,0.0
GMMPFAUDLR.NS,2020-10-15 00:00:00+05:30,1188.4185068620236,1195.3417680476427,1166.5528503679968,1169.591064453125,150225,0.0,0.0
GMMPFAUDLR.NS,2020-10-16 00:00:00+05:30,1181.4454287370347,1183.0392599698314,1165.5068732060124,1175.269287109375,107184,0.0,0.0
GMMPFAUDLR.NS,2020-10-19 00:00:00+05:30,1192.0215597537392,1221.93955368386,1179.0548217683852,1206.44921875,162294,0.0,0.0
GMMPFAUDLR.NS,2020-10-20 00:00:00+05:30,1214.6508149081837,1216.9087121277753,1195.3916860983118,1199.2767333984375,90276,0.0,0.0
GMMPFAUDLR.NS,2020-10-21 00:00:00+05:30,1211.994260061902,1211.994260061902,1178.8886094751995,1191.506591796875,121851,0.0,0.0
GMMPFAUDLR.NS,2020-10-22 00:00:00+05:30,1218.6354407812237,1251.0770263671875,1200.3724719057984,1251.0770263671875,377952,0.0,0.0
GMMPFAUDLR.NS,2020-10-23 00:00:00+05:30,1265.122947311621,1276.7447711231573,1231.9342394874177,1243.0579833984375,272658,0.0,0.0
GMMPFAUDLR.NS,2020-10-26 00:00:00+05:30,1246.8599377867558,1250.1638514758251,1207.67773458232,1212.459228515625,144195,0.0,0.0
GMMPFAUDLR.NS,2020-10-27 00:00:00+05:30,1208.6571497144898,1215.8959669440815,1195.740270839002,1200.7210693359375,102618,0.0,0.0
GMMPFAUDLR.NS,2020-10-28 00:00:00+05:30,1202.0327915684713,1213.8373825461767,1179.1211160394491,1185.04833984375,97794,0.0,0.0
GMMPFAUDLR.NS,2020-10-29 00:00:00+05:30,1178.7891327507866,1211.6125493962686,1162.6679305014363,1191.4735107421875,107688,0.0,0.0
GMMPFAUDLR.NS,2020-10-30 00:00:00+05:30,1188.750731330094,1201.4185715189515,1174.8542292044162,1179.1875,64770,0.0,0.0
GMMPFAUDLR.NS,2020-11-02 00:00:00+05:30,1173.8248359402774,1186.8911639646585,1163.846700471709,1166.3536376953125,105885,0.0,0.0
GMMPFAUDLR.NS,2020-11-03 00:00:00+05:30,1176.1658507359166,1176.1658507359166,1158.8659643711467,1162.9501953125,96459,0.0,0.0
GMMPFAUDLR.NS,2020-11-04 00:00:00+05:30,1162.1200583595842,1175.468624689074,1155.5454276604457,1158.716552734375,83157,0.0,0.0
GMMPFAUDLR.NS,2020-11-05 00:00:00+05:30,1163.398356329524,1168.827500018448,1150.5645304301565,1154.0677490234375,125673,0.0,0.0
GMMPFAUDLR.NS,2020-11-06 00:00:00+05:30,1157.8697562287268,1160.8747733725781,1145.6004045056643,1150.0498046875,115365,0.0,0.0
GMMPFAUDLR.NS,2020-11-09 00:00:00+05:30,1153.9182860201056,1170.487710832906,1138.6105987080948,1153.303955078125,115452,0.0,0.0
GMMPFAUDLR.NS,2020-11-10 00:00:00+05:30,1157.1890760991384,1157.1890760991384,1135.6221917340565,1136.983642578125,118062,0.0,0.0
GMMPFAUDLR.NS,2020-11-11 00:00:00+05:30,1138.3118056784756,1156.8736732889367,1122.3400509449698,1129.645263671875,138933,0.0,0.0
GMMPFAUDLR.NS,2020-11-12 00:00:00+05:30,1137.2822969927195,1155.1135801524924,1107.4639000755662,1126.7562255859375,136362,0.0,0.0
GMMPFAUDLR.NS,2020-11-13 00:00:00+05:30,1112.3951416987225,1141.9146467876901,1112.3784822868142,1126.7398681640625,90672,0.0,0.0
GMMPFAUDLR.NS,2020-11-14 00:00:00+05:30,1138.9427555657257,1145.2184894019167,1132.3016091042612,1137.614501953125,31245,0.0,0.0
GMMPFAUDLR.NS,2020-11-17 00:00:00+05:30,1137.9465598830036,1185.5297270751703,1125.6605487579945,1171.55029296875,175500,0.0,0.0
GMMPFAUDLR.NS,2020-11-18 00:00:00+05:30,1183.5872402710731,1230.12451171875,1171.5502693333192,1230.12451171875,170979,0.0,0.0
GMMPFAUDLR.NS,2020-11-19 00:00:00+05:30,1265.1228429845123,1291.6206671865596,1235.2380514179492,1252.720703125,654333,0.0,0.0
GMMPFAUDLR.NS,2020-11-20 00:00:00+05:30,1269.771644081858,1288.36670797865,1245.1997430201072,1250.1805419921875,200739,0.0,0.0
GMMPFAUDLR.NS,2020-11-23 00:00:00+05:30,1266.7832695281038,1270.037448539872,1199.376491728381,1232.316162109375,134076,0.0,0.0
GMMPFAUDLR.NS,2020-11-24 00:00:00+05:30,1232.9137803364035,1248.1384150216893,1211.994423828236,1224.1641845703125,102606,0.0,0.0
GMMPFAUDLR.NS,2020-11-25 00:00:00+05:30,1224.6125981773712,1234.5741970736037,1201.717458526704,1207.8106689453125,85623,0.0,0.0
GMMPFAUDLR.NS,2020-11-26 00:00:00+05:30,1208.6906354775297,1250.1143267331518,1198.745695518573,1225.5589599609375,116616,0.0,0.0
GMMPFAUDLR.NS,2020-11-27 00:00:00+05:30,1225.9406839004862,1285.0462089818184,1224.9445240485622,1266.6339111328125,331224,0.0,0.0
GMMPFAUDLR.NS,2020-12-01 00:00:00+05:30,1280.0653843258228,1294.6756879969912,1255.4934823330525,1263.080810546875,128250,0.0,0.0
GMMPFAUDLR.NS,2020-12-02 00:00:00+05:30,1276.7115227960624,1276.7115227960624,1245.1997014452306,1253.01953125,85644,0.0,0.0
GMMPFAUDLR.NS,2020-12-03 00:00:00+05:30,1261.4702184978237,1281.7253837728133,1245.2494268695193,1270.0205078125,94092,0.0,0.0
GMMPFAUDLR.NS,2020-12-04 00:00:00+05:30,1271.7639351028636,1287.6195592088438,1251.1766736812317,1258.2161865234375,142347,0.0,0.0
GMMPFAUDLR.NS,2020-12-07 00:00:00+05:30,1265.1228933255318,1278.0729701863443,1258.2161694528938,1259.82666015625,99420,0.0,0.0
GMMPFAUDLR.NS,2020-12-08 00:00:00+05:30,1261.802428873414,1287.9682841969307,1235.9853267766266,1249.8485107421875,122199,0.0,0.0
GMMPFAUDLR.NS,2020-12-09 00:00:00+05:30,1261.8023058755973,1261.8023058755973,1238.5420000995928,1243.7054443359375,84984,0.0,0.0
GMMPFAUDLR.NS,2020-12-10 00:00:00+05:30,1244.5356757740162,1249.7820524985168,1220.2957469337316,1224.9112548828125,107961,0.0,0.0
GMMPFAUDLR.NS,2020-12-11 00:00:00+05:30,1228.5970644493461,1275.8315986863076,1224.2803316693125,1244.4027099609375,124113,0.0,0.0
GMMPFAUDLR.NS,2020-12-14 00:00:00+05:30,1256.7219548126864,1260.1421195985208,1241.8791497951318,1243.2406005859375,51537,0.0,0.0
GMMPFAUDLR.NS,2020-12-15 00:00:00+05:30,1243.2403991788767,1246.776814459688,1222.287850008936,1228.812744140625,93009,0.0,0.0
GMMPFAUDLR.NS,2020-12-16 00:00:00+05:30,1244.2035211913299,1244.2035211913299,1228.5970590574416,1232.0836181640625,72471,0.0,0.0
GMMPFAUDLR.NS,2020-12-17 00:00:00+05:30,1230.605839310717,1258.4817726101955,1225.2764093302765,1227.2188720703125,111456,0.0,0.0
GMMPFAUDLR.NS,2020-12-18 00:00:00+05:30,1238.558537159508,1240.882828605603,1220.295569731724,1234.4908447265625,66324,0.0,0.0
GMMPFAUDLR.NS,2020-12-21 00:00:00+05:30,1228.5969841830452,1237.529224123371,1162.186257512703,1188.33544921875,130830,0.0,0.0
GMMPFAUDLR.NS,2020-12-22 00:00:00+05:30,1188.3354549497235,1210.2177708880997,1152.0420207393015,1192.8016357421875,144891,0.0,0.0
GMMPFAUDLR.NS,2020-12-23 00:00:00+05:30,1192.8017175150364,1207.3456256489164,1176.5809242431062,1186.77490234375,97908,0.0,0.0
GMMPFAUDLR.NS,2020-12-24 00:00:00+05:30,1195.3916624026963,1202.0161488521503,1183.7698395520683,1189.929443359375,78681,0.0,0.0
GMMPFAUDLR.NS,2020-12-28 00:00:00+05:30,1205.3202755486689,1279.0693049908248,1195.4085332355046,1251.2266845703125,405954,0.0,0.0
GMMPFAUDLR.NS,2020-12-29 00:00:00+05:30,1261.1383182831921,1276.4128092227854,1227.102898673798,1236.2841796875,221694,0.0,0.0
GMMPFAUDLR.NS,2020-12-30 00:00:00+05:30,1241.8791879935534,1277.4089689148375,1222.2880856174754,1251.990234375,260481,0.0,0.0
GMMPFAUDLR.NS,2020-12-31 00:00:00+05:30,1253.5012757091447,1261.4041606371677,1245.1999024920137,1257.56884765625,156039,0.0,0.0
GMMPFAUDLR.NS,2021-01-01 00:00:00+05:30,1251.8408363436063,1266.3682080083265,1248.5203845813885,1249.8817138671875,60357,0.0,0.0
GMMPFAUDLR.NS,2021-01-04 00:00:00+05:30,1254.7960055095034,1261.802321042011,1230.2573025364588,1235.2547607421875,117255,0.0,0.0
GMMPFAUDLR.NS,2021-01-05 00:00:00+05:30,1251.1765956197933,1257.8010820108564,1231.3197958558148,1251.2928466796875,119796,0.0,0.0
GMMPFAUDLR.NS,2021-01-06 00:00:00+05:30,1252.504952650235,1344.815719531118,1245.1997403065907,1282.2568359375,830100,0.0,0.0
GMMPFAUDLR.NS,2021-01-07 00:00:00+05:30,1295.3397859407605,1307.2937030990915,1248.520277070631,1259.85986328125,231861,0.0,0.0
GMMPFAUDLR.NS,2021-01-08 00:00:00+05:30,1270.103929557312,1306.629753664324,1261.8025561505365,1286.77294921875,265086,0.0,0.0
GMMPFAUDLR.NS,2021-01-11 00:00:00+05:30,1295.0076441467677,1333.8578734711707,1275.0844496214327,1282.8046875,234078,0.0,0.0
GMMPFAUDLR.NS,2021-01-12 00:00:00+05:30,1286.706344096572,1298.328289283505,1267.447336052375,1277.0601806640625,126504,0.0,0.0
GMMPFAUDLR.NS,2021-01-13 00:00:00+05:30,1286.0422682801727,1286.3411648529973,1245.5318113365631,1268.1280517578125,115056,0.0,0.0
GMMPFAUDLR.NS,2021-01-14 00:00:00+05:30,1267.7460985977484,1276.7447337636615,1248.5202879613153,1253.4346923828125,63366,0.0,0.0
GMMPFAUDLR.NS,2021-01-15 00:00:00+05:30,1254.1652001439816,1268.1114374767978,1239.2228030016784,1250.6287841796875,89037,0.0,0.0
GMMPFAUDLR.NS,2021-01-18 00:00:00+05:30,1258.4818479989806,1268.0946922286041,1231.917507143111,1235.8192138671875,84315,0.0,0.0
GMMPFAUDLR.NS,2021-01-19 00:00:00+05:30,1245.19974243435,1260.474233142057,1238.5587176752126,1248.470458984375,80373,0.0,0.0
GMMPFAUDLR.NS,2021-01-20 00:00:00+05:30,1258.4819235586644,1298.9757222233115,1255.1780097626788,1284.0333251953125,238944,0.0,0.0
GMMPFAUDLR.NS,2021-01-21 00:00:00+05:30,1280.0653226811608,1283.3692364185117,1211.3302975722113,1215.63037109375,411795,0.0,0.0
GMMPFAUDLR.NS,2021-01-22 00:00:00+05:30,1213.6545898511058,1237.8943944469418,1201.3852392801628,1206.764404296875,130524,0.0,0.0
GMMPFAUDLR.NS,2021-01-25 00:00:00+05:30,1225.2766062441565,1227.3187825618475,1193.7315850996317,1206.4658203125,91110,0.0,0.0
GMMPFAUDLR.NS,2021-01-27 00:00:00+05:30,1218.635544991082,1218.635544991082,1195.7238692942021,1198.4134521484375,72630,0.0,0.0
GMMPFAUDLR.NS,2021-01-28 00:00:00+05:30,1192.071109145055,1205.0211857014554,1181.213065313605,1192.0877685546875,55761,0.0,0.0
GMMPFAUDLR.NS,2021-01-29 00:00:00+05:30,1197.9983351693043,1203.975293593119,1185.097993610319,1186.64208984375,56601,0.0,0.0
GMMPFAUDLR.NS,2021-02-01 00:00:00+05:30,1187.7544282095828,1194.4453088105267,1173.808192737852,1178.3905029296875,98760,0.0,0.0
GMMPFAUDLR.NS,2021-02-02 00:00:00+05:30,1192.0712604930995,1201.3687930683839,1175.4686366672413,1177.9091796875,72345,0.0,0.0
GMMPFAUDLR.NS,2021-02-03 00:00:00+05:30,1187.0571228291965,1227.2688035545552,1179.6357813833793,1205.452880859375,93267,0.0,0.0
GMMPFAUDLR.NS,2021-02-04 00:00:00+05:30,1210.3009659615445,1219.2165475764643,1195.7570571275712,1199.0443115234375,57390,0.0,0.0
GMMPFAUDLR.NS,2021-02-05 00:00:00+05:30,1222.0557502425856,1235.2215493764245,1198.7123883092104,1221.8564453125,135465,0.0,0.0
GMMPFAUDLR.NS,2021-02-08 00:00:00+05:30,1223.4169933988226,1242.6097284907767,1221.9559509544047,1223.765625,98103,0.0,0.0
GMMPFAUDLR.NS,2021-02-09 00:00:00+05:30,1242.8752017304978,1254.4971458703828,1230.0081795772587,1237.8612060546875,137412,0.0,0.0
GMMPFAUDLR.NS,2021-02-10 00:00:00+05:30,1238.5587337117304,1244.7348758735568,1219.2996035788713,1224.6622314453125,84171,0.0,0.0
GMMPFAUDLR.NS,2021-02-11 00:00:00+05:30,1230.9213088654647,1269.7715375894245,1224.6787728648226,1251.6414794921875,149211,0.0,0.0
GMMPFAUDLR.NS,2021-02-12 00:00:00+05:30,1251.840616209556,1256.489442421643,1222.2215253225802,1227.5010986328125,103632,0.0,0.0
GMMPFAUDLR.NS,2021-02-15 00:00:00+05:30,1238.1601784049367,1288.3666542708715,1238.1601784049367,1259.44482421875,388971,0.0,0.0
GMMPFAUDLR.NS,2021-02-16 00:00:00+05:30,1268.4435053924562,1271.4153253493878,1229.609811424373,1240.584228515625,127362,0.0,0.0
GMMPFAUDLR.NS,2021-02-17 00:00:00+05:30,1245.1334588677555,1319.4137645705175,1232.2497748386033,1272.66064453125,919098,0.0,0.0
GMMPFAUDLR.NS,2021-02-18 00:00:00+05:30,1284.0499797517966,1517.483466307239,1281.8086202060701,1485.7723388671875,2874873,0.0,0.0
GMMPFAUDLR.NS,2021-02-19 00:00:00+05:30,1480.2932136312959,1573.849165233082,1405.2658068704054,1431.1824951171875,1887231,0.0,0.0
GMMPFAUDLR.NS,2021-02-22 00:00:00+05:30,1441.4763848019077,1492.9114018465218,1381.341507576103,1390.9876708984375,551052,0.0,0.0
GMMPFAUDLR.NS,2021-02-23 00:00:00+05:30,1409.532783270418,1429.4891745575894,1341.4950268790872,1409.23388671875,385332,0.0,0.0
GMMPFAUDLR.NS,2021-02-24 00:00:00+05:30,1417.8673062848347,1444.0994298996657,1406.3284162229268,1429.1072998046875,161256,0.0,0.0
GMMPFAUDLR.NS,2021-02-25 00:00:00+05:30,1436.7944159322756,1444.099506174681,1396.7985786892193,1404.618408203125,149268,0.0,0.0
GMMPFAUDLR.NS,2021-02-26 00:00:00+05:30,1368.8065526736893,1392.930229433975,1348.4682100089206,1365.5855712890625,208218,0.0,0.0
GMMPFAUDLR.NS,2021-03-01 00:00:00+05:30,1371.5625840782927,1469.9001662314347,1348.5181200042102,1425.288818359375,312219,0.0,0.0
GMMPFAUDLR.NS,2021-03-02 00:00:00+05:30,1442.4393193650762,1447.3537236832647,1386.7042299404432,1394.5904541015625,142977,0.0,0.0
GMMPFAUDLR.NS,2021-03-03 00:00:00+05:30,1409.2007341080805,1427.4969003356894,1384.662031728268,1388.663330078125,153162,0.0,0.0
GMMPFAUDLR.NS,2021-03-04 00:00:00+05:30,1387.9825824059062,1467.658700520297,1380.2456851739285,1425.7369384765625,245376,0.0,0.0
GMMPFAUDLR.NS,2021-03-05 00:00:00+05:30,1425.504614429568,1450.7407021790302,1392.299248612016,1394.3082275390625,172338,0.0,0.0
GMMPFAUDLR.NS,2021-03-08 00:00:00+05:30,1410.2301898595306,1417.5187428847805,1388.3146741529229,1392.9635009765625,106689,0.0,0.0
GMMPFAUDLR.NS,2021-03-09 00:00:00+05:30,1396.2839818016569,1515.4911886763534,1396.2839818016569,1448.1009521484375,679329,0.0,0.0
GMMPFAUDLR.NS,2021-03-10 00:00:00+05:30,1470.9793414513435,1475.6447058980875,1435.1341277164383,1460.2374267578125,134169,0.0,0.0
GMMPFAUDLR.NS,2021-03-12 00:00:00+05:30,1480.2933441942162,1487.2000678010327,1412.554483221668,1432.2286376953125,206736,0.0,0.0
GMMPFAUDLR.NS,2021-03-15 00:00:00+05:30,1440.4472360016441,1460.685868712562,1406.245705078635,1411.2431640625,119727,0.0,0.0
GMMPFAUDLR.NS,2021-03-16 00:00:00+05:30,1417.8675032639696,1431.1495529946856,1394.623733832908,1401.1983642578125,84450,0.0,0.0
GMMPFAUDLR.NS,2021-03-17 00:00:00+05:30,1444.4318054903208,1509.1821967709216,1424.5086081732131,1430.668212890625,573618,0.0,0.0
GMMPFAUDLR.NS,2021-03-18 00:00:00+05:30,1454.3932571506623,1454.3932571506623,1367.6775009518535,1390.6058349609375,255552,0.0,0.0
GMMPFAUDLR.NS,2021-03-19 00:00:00+05:30,1390.5395400500097,1413.633861805732,1321.5886685955143,1395.603271484375,228735,0.0,0.0
GMMPFAUDLR.NS,2021-03-22 00:00:00+05:30,1396.8817053264881,1424.2926369756653,1378.0210640204111,1410.147216796875,125040,0.0,0.0
GMMPFAUDLR.NS,2021-03-23 00:00:00+05:30,1413.8164720732561,1442.3895506156398,1409.7819761955204,1431.597900390625,132987,0.0,0.0
GMMPFAUDLR.NS,2021-03-24 00:00:00+05:30,1427.4968455429312,1447.2705912045012,1390.7219906025048,1397.578857421875,104205,0.0,0.0
GMMPFAUDLR.NS,2021-03-25 00:00:00+05:30,1397.5789381479067,1403.5890938924397,1347.4720538630143,1381.989013671875,171522,0.0,0.0
GMMPFAUDLR.NS,2021-03-26 00:00:00+05:30,1392.0502604328608,1414.5469096829077,1369.7695755134898,1378.5523681640625,88314,0.0,0.0
GMMPFAUDLR.NS,2021-03-30 00:00:00+05:30,1387.9827001855501,1404.585323044667,1364.7389309015557,1390.90478515625,101475,0.0,0.0
GMMPFAUDLR.NS,2021-03-31 00:00:00+05:30,1390.9047958631297,1444.0996325024344,1378.0044533465705,1429.8878173828125,177303,0.0,0.0
GMMPFAUDLR.NS,2021-04-01 00:00:00+05:30,1427.8291084342488,1506.193639999122,1426.1687610085319,1473.6192626953125,395742,0.0,0.0
GMMPFAUDLR.NS,2021-04-05 00:00:00+05:30,1470.9295055731197,1474.9971985384957,1419.527685289268,1423.8277587890625,152241,0.0,0.0
GMMPFAUDLR.NS,2021-04-06 00:00:00+05:30,1436.1303069558573,1450.4252970600758,1405.7806309275718,1417.336181640625,102537,0.0,0.0
GMMPFAUDLR.NS,2021-04-07 00:00:00+05:30,1417.336229520027,1476.009945180739,1408.9020683361475,1416.2403564453125,182700,0.0,0.0
GMMPFAUDLR.NS,2021-04-08 00:00:00+05:30,1423.6781973495538,1452.1684620501087,1423.512211266733,1430.701171875,132876,0.0,0.0
GMMPFAUDLR.NS,2021-04-09 00:00:00+05:30,1436.1303327437831,1442.7050846818681,1416.1905990047987,1427.3807373046875,77454,0.0,0.0
GMMPFAUDLR.NS,2021-04-12 00:00:00+05:30,1411.5583215522179,1412.8699156351124,1334.8540232039322,1347.5882568359375,228612,0.0,0.0
GMMPFAUDLR.NS,2021-04-13 00:00:00+05:30,1366.6647106438645,1369.7195841695666,1338.1745676134426,1355.2752685546875,104820,0.0,0.0
GMMPFAUDLR.NS,2021-04-15 00:00:00+05:30,1368.0596340054408,1385.5256294463907,1341.4952889868362,1356.802978515625,88011,0.0,0.0
GMMPFAUDLR.NS,2021-04-16 00:00:00+05:30,1361.4183337576806,1371.396591028835,1354.4618746656965,1357.9981689453125,47646,0.0,0.0
GMMPFAUDLR.NS,2021-04-19 00:00:00+05:30,1328.246373706331,1355.1426897093359,1306.7957396674942,1320.592529296875,164190,0.0,0.0
GMMPFAUDLR.NS,2021-04-20 00:00:00+05:30,1328.2129985799106,1378.0209845066383,1328.2129985799106,1358.1641845703125,139341,0.0,0.0
GMMPFAUDLR.NS,2021-04-22 00:00:00+05:30,1361.3187844516387,1376.9252477183782,1343.8362526231826,1363.0123291015625,76068,0.0,0.0
GMMPFAUDLR.NS,2021-04-23 00:00:00+05:30,1361.4183848142684,1384.39645519441,1356.4707829178192,1368.5244140625,76533,0.0,0.0
GMMPFAUDLR.NS,2021-04-26 00:00:00+05:30,1371.7119950669023,1379.3823766093062,1358.380089318733,1362.26513671875,55638,0.0,0.0
GMMPFAUDLR.NS,2021-04-27 00:00:00+05:30,1362.2650883874376,1383.997956921397,1362.2650883874376,1378.71826171875,55695,0.0,0.0
GMMPFAUDLR.NS,2021-04-28 00:00:00+05:30,1394.6236865942808,1454.8913530506763,1392.0004982775247,1414.9287109375,263571,0.0,0.0
GMMPFAUDLR.NS,2021-04-29 00:00:00+05:30,1414.9288237143699,1447.7357045036163,1388.5305875426216,1401.215087890625,86553,0.0,0.0
GMMPFAUDLR.NS,2021-04-30 00:00:00+05:30,1394.241706769408,1400.2683998014008,1376.692661520017,1379.61474609375,71910,0.0,0.0
GMMPFAUDLR.NS,2021-05-03 00:00:00+05:30,1378.3531630084512,1413.2187583763005,1364.93820201729,1394.822998046875,86106,0.0,0.0
GMMPFAUDLR.NS,2021-05-04 00:00:00+05:30,1417.8674372957337,1417.8674372957337,1366.747854977306,1374.551025390625,93336,0.0,0.0
GMMPFAUDLR.NS,2021-05-05 00:00:00+05:30,1377.6891288817221,1389.6430475705006,1361.7837678529386,1363.576904296875,53448,0.0,0.0
GMMPFAUDLR.NS,2021-05-06 00:00:00+05:30,1374.7005009542631,1381.341525642419,1337.842588972156,1349.0992431640625,113697,0.0,0.0
GMMPFAUDLR.NS,2021-05-07 00:00:00+05:30,1358.0980002226536,1364.6062366170818,1333.9079260890005,1340.8975830078125,103896,0.0,0.0
GMMPFAUDLR.NS,2021-05-10 00:00:00+05:30,1357.068426640172,1553.0129936881124,1345.1477072925645,1461.8643798828125,2222787,0.0,0.0
GMMPFAUDLR.NS,2021-05-11 00:00:00+05:30,1454.326830577605,1540.7270288869686,1435.2171499577814,1485.656005859375,917616,0.0,0.0
GMMPFAUDLR.NS,2021-05-12 00:00:00+05:30,1493.9076630630384,1522.4643261510341,1462.6947358759865,1490.885986328125,355032,0.0,0.0
GMMPFAUDLR.NS,2021-05-14 00:00:00+05:30,1501.2460622044975,1522.4643152407018,1461.3664717524246,1473.7520751953125,205989,0.0,0.0
GMMPFAUDLR.NS,2021-05-17 00:00:00+05:30,1494.2396316127424,1567.5404274084783,1465.6830925202096,1520.903564453125,477927,0.0,0.0
GMMPFAUDLR.NS,2021-05-18 00:00:00+05:30,1544.3797041401856,1655.2854084185562,1527.4449884136916,1615.7379150390625,1542927,0.0,0.0
GMMPFAUDLR.NS,2021-05-19 00:00:00+05:30,1629.7173595311517,1658.6059924323763,1593.8556083434246,1603.169677734375,402213,0.0,0.0
GMMPFAUDLR.NS,2021-05-20 00:00:00+05:30,1625.9984430245256,1743.2795964619754,1584.40877265179,1722.4266357421875,1128105,0.0,0.0
GMMPFAUDLR.NS,2021-05-21 00:00:00+05:30,1751.5811830683165,1770.6908665335832,1659.9344730513471,1690.8154296875,787545,0.0,0.0
GMMPFAUDLR.NS,2021-05-24 00:00:00+05:30,1700.1125593721279,1804.7093306554054,1700.1125593721279,1765.693115234375,1023615,0.0,0.0
GMMPFAUDLR.NS,2021-05-25 00:00:00+05:30,1789.1028293042511,1797.9354777780013,1720.0357159242167,1734.0816650390625,431862,0.0,0.0
GMMPFAUDLR.NS,2021-05-26 00:00:00+05:30,1738.2821429024025,1766.5233697226352,1702.0552216981964,1719.0396728515625,249177,0.0,0.0
GMMPFAUDLR.NS,2021-05-27 00:00:00+05:30,1721.6964317331224,1762.3563428295822,1697.3237109717666,1708.1485595703125,305019,0.0,0.0
GMMPFAUDLR.NS,2021-05-28 00:00:00+05:30,1724.003947277551,1739.8429120971043,1661.7936960664463,1674.3951416015625,269751,0.0,0.0
GMMPFAUDLR.NS,2021-05-31 00:00:00+05:30,1674.3951090136475,1674.3951090136475,1576.2568348018794,1592.9757080078125,820194,0.0,0.0
GMMPFAUDLR.NS,2021-06-01 00:00:00+05:30,1590.5350979846846,1658.4234122987527,1587.2311842132,1626.3968505859375,413358,0.0,0.0
GMMPFAUDLR.NS,2021-06-02 00:00:00+05:30,1604.348460568088,1653.625170544082,1604.348460568088,1624.885986328125,170391,0.0,0.0
GMMPFAUDLR.NS,2021-06-03 00:00:00+05:30,1642.9330589705476,1646.9840922390274,1615.4389537294087,1630.7301025390625,169311,0.0,0.0
GMMPFAUDLR.NS,2021-06-04 00:00:00+05:30,1631.7096762781307,1650.6200521852136,1600.8287239187764,1608.6153564453125,160272,0.0,0.0
GMMPFAUDLR.NS,2021-06-07 00:00:00+05:30,1608.4659191704986,1615.8541851274156,1584.8403220808716,1586.8326416015625,129507,0.0,0.0
GMMPFAUDLR.NS,2021-06-08 00:00:00+05:30,1593.8224561537847,1620.4198737288343,1578.9132566227545,1599.6666259765625,150609,0.0,0.0
GMMPFAUDLR.NS,2021-06-09 00:00:00+05:30,1603.8504166707341,1618.195141587382,1562.9746691430212,1568.0882568359375,175818,0.0,0.0
GMMPFAUDLR.NS,2021-06-10 00:00:00+05:30,1577.9170740318814,1606.7890479215089,1564.634903245243,1571.8902587890625,114393,0.0,0.0
GMMPFAUDLR.NS,2021-06-11 00:00:00+05:30,1583.8941390005145,1600.380632924439,1569.3003730850128,1572.139404296875,97860,0.0,0.0
GMMPFAUDLR.NS,2021-06-14 00:00:00+05:30,1573.8328773720248,1587.314231763705,1545.7079010986934,1559.1063232421875,101508,0.0,0.0
GMMPFAUDLR.NS,2021-06-15 00:00:00+05:30,1568.951712676489,1571.1266778250606,1535.7463448902297,1539.19970703125,165624,0.0,0.0
GMMPFAUDLR.NS,2021-06-16 00:00:00+05:30,1544.4462000242129,1567.2914813066432,1532.674927768388,1543.9481201171875,108912,0.0,0.0
GMMPFAUDLR.NS,2021-06-17 00:00:00+05:30,1544.0476044052277,1553.5277813904088,1524.4565032917794,1532.42578125,84060,0.0,0.0
GMMPFAUDLR.NS,2021-06-18 00:00:00+05:30,1532.425922169085,1547.368319714824,1479.2973570281654,1502.8233642578125,192330,0.0,0.0
GMMPFAUDLR.NS,2021-06-21 00:00:00+05:30,1482.949903876824,1540.677439407341,1477.637132479098,1528.4412841796875,110247,0.0,0.0
GMMPFAUDLR.NS,2021-06-22 00:00:00+05:30,1540.0629473290142,1586.9820464363904,1534.0859889305834,1563.041015625,231849,0.0,0.0
GMMPFAUDLR.NS,2021-06-23 00:00:00+05:30,1576.2567812824848,1585.886284772596,1544.047576254726,1552.747314453125,103950,0.0,0.0
GMMPFAUDLR.NS,2021-06-24 00:00:00+05:30,1560.6501771263631,1563.6386562665637,1533.7538648645598,1539.6644287109375,47526,0.0,0.0
GMMPFAUDLR.NS,2021-06-25 00:00:00+05:30,1547.6339488420613,1569.61586041417,1542.5867550504368,1556.383544921875,62238,0.0,0.0
GMMPFAUDLR.NS,2021-06-28 00:00:00+05:30,1556.9978500023963,1568.9684276481814,1529.1053741226349,1535.065673828125,73350,0.0,0.0
GMMPFAUDLR.NS,2021-06-29 00:00:00+05:30,1532.458918411292,1540.61084155012,1515.822978364547,1519.8076171875,54300,0.0,0.0
GMMPFAUDLR.NS,2021-06-30 00:00:00+05:30,1519.8076013713371,1558.9899232564594,1511.2738495278577,1555.2044677734375,107910,0.0,0.0
GMMPFAUDLR.NS,2021-07-01 00:00:00+05:30,1559.9861558997977,1569.2836873585443,1533.7539088278347,1537.522705078125,53328,0.0,0.0
GMMPFAUDLR.NS,2021-07-02 00:00:00+05:30,1547.2851735761599,1547.2851735761599,1527.4450318853844,1531.6787109375,79410,0.0,0.0
GMMPFAUDLR.NS,2021-07-05 00:00:00+05:30,1529.437496270605,1593.8557940808573,1527.7771487507396,1573.1356201171875,225789,0.0,0.0
GMMPFAUDLR.NS,2021-07-06 00:00:00+05:30,1585.5540624835319,1586.135196144132,1535.7627395979328,1547.268310546875,102336,0.0,0.0
GMMPFAUDLR.NS,2021-07-07 00:00:00+05:30,1552.0170054687242,1589.8710787728394,1534.0529314197688,1574.7626953125,108039,0.0,0.0
GMMPFAUDLR.NS,2021-07-08 00:00:00+05:30,1568.9516408735074,1582.3666005763166,1546.7040320987048,1551.435791015625,77247,0.0,0.0
GMMPFAUDLR.NS,2021-07-09 00:00:00+05:30,1558.6413396991752,1570.2798220455065,1544.7116413422955,1558.541748046875,59517,0.0,0.0
GMMPFAUDLR.NS,2021-07-12 00:00:00+05:30,1569.1175131017226,1587.4635353054482,1551.1202440741108,1570.59521484375,94404,0.0,0.0
GMMPFAUDLR.NS,2021-07-13 00:00:00+05:30,1580.2083709043661,1581.2377279447983,1558.9901181004657,1562.0948486328125,61968,0.0,0.0
GMMPFAUDLR.NS,2021-07-14 00:00:00+05:30,1563.3067314690677,1580.5734192902146,1558.9899987130154,1562.7919921875,63561,0.0,0.0
GMMPFAUDLR.NS,2021-07-15 00:00:00+05:30,1562.9747995804776,1579.7435308682693,1544.7118285225322,1556.184326171875,60678,0.0,0.0
GMMPFAUDLR.NS,2021-07-16 00:00:00+05:30,1556.6654890668563,1566.9425202383754,1535.7461357467103,1542.12158203125,58581,0.0,0.0
GMMPFAUDLR.NS,2021-07-19 00:00:00+05:30,1536.7424207389429,1549.8419459445588,1525.5356234036021,1529.171630859375,73395,0.0,0.0
GMMPFAUDLR.NS,2021-07-20 00:00:00+05:30,1527.7770609567358,1538.2865956356427,1495.8999469069431,1509.46435546875,76926,0.0,0.0
GMMPFAUDLR.NS,2021-07-22 00:00:00+05:30,1519.3761239094745,1534.7502068591223,1513.1667843725145,1519.857666015625,44118,0.0,0.0
GMMPFAUDLR.NS,2021-07-23 00:00:00+05:30,1524.1078422937267,1535.8293794136973,1514.7108401875573,1518.2637939453125,39915,0.0,0.0
GMMPFAUDLR.NS,2021-07-26 00:00:00+05:30,1501.212899728511,1532.0439985640694,1499.2205800208421,1517.9981689453125,52506,0.0,0.0
GMMPFAUDLR.NS,2021-07-27 00:00:00+05:30,1527.727482808736,1542.0388910991783,1516.1553926867077,1520.2396240234375,83892,0.0,0.0
GMMPFAUDLR.NS,2021-07-28 00:00:00+05:30,1528.0758124885965,1590.6844265385714,1502.5409507726076,1532.890625,192753,0.0,0.0
GMMPFAUDLR.NS,2021-07-29 00:00:00+05:30,1535.7461771666624,1555.3373991736617,1530.9480241162485,1539.2825927734375,52281,0.0,0.0
GMMPFAUDLR.NS,2021-07-30 00:00:00+05:30,1535.7462804295303,1546.2226174853229,1523.8920763792141,1526.5484619140625,41517,0.0,0.0
GMMPFAUDLR.NS,2021-08-02 00:00:00+05:30,1527.4451851458232,1613.7790006117812,1527.4451851458232,1594.7025146484375,389793,0.0,0.0
GMMPFAUDLR.NS,2021-08-03 00:00:00+05:30,1610.4581984989413,1625.4005945312042,1588.8747780972938,1594.8018798828125,126027,0.0,0.0
GMMPFAUDLR.NS,2021-08-04 00:00:00+05:30,1600.4968344185388,1608.7982072913528,1553.444939468676,1564.3363037109375,104805,0.0,0.0
GMMPFAUDLR.NS,2021-08-05 00:00:00+05:30,1557.363068937285,1576.1905136047346,1543.3836344229846,1556.516357421875,149034,0.0,0.0
GMMPFAUDLR.NS,2021-08-06 00:00:00+05:30,1560.6171143468096,1568.769038250575,1535.7629759970578,1542.453857421875,44514,0.0,0.0
GMMPFAUDLR.NS,2021-08-09 00:00:00+05:30,1550.3568328065255,1593.5236789171215,1545.2929796613776,1559.35546875,103197,0.0,0.0
GMMPFAUDLR.NS,2021-08-10 00:00:00+05:30,1562.310580012425,1593.8555981928139,1532.5087197910277,1552.5980224609375,97410,0.0,0.0
GMMPFAUDLR.NS,2021-08-11 00:00:00+05:30,1576.2569600029262,1576.505999962817,1487.5987342817878,1516.8525390625,165033,0.0,0.0
GMMPFAUDLR.NS,2021-08-12 00:00:00+05:30,1518.1475548025644,1555.6695338865416,1516.819301184901,1549.742431640625,79602,0.0,0.0
GMMPFAUDLR.NS,2021-08-13 00:00:00+05:30,1477.3380489055937,1507.5217367951368,1449.4123797754514,1466.96142578125,755763,0.0,0.0
GMMPFAUDLR.NS,2021-08-16 00:00:00+05:30,1461.034306289388,1470.3151787107838,1444.4648810104463,1449.7943115234375,200175,0.0,0.0
GMMPFAUDLR.NS,2021-08-17 00:00:00+05:30,1449.4124984056746,1459.042002534776,1401.5968283551779,1407.20849609375,154368,0.0,0.0
GMMPFAUDLR.NS,2021-08-18 00:00:00+05:30,1414.5469576339688,1455.9539849924854,1398.2763065545666,1429.0079345703125,134532,0.0,0.0
GMMPFAUDLR.NS,2021-08-20 00:00:00+05:30,1429.1571172575648,1447.735520522673,1412.9031272271686,1418.647705078125,139698,0.0,0.0
GMMPFAUDLR.NS,2021-08-23 00:00:00+05:30,1425.7537568627813,1434.6361414808594,1368.0595405687022,1375.74658203125,113010,0.0,0.0
GMMPFAUDLR.NS,2021-08-24 00:00:00+05:30,1387.0528358152803,1406.2454484734383,1384.6786875466282,1395.4703369140625,56646,0.0,0.0
GMMPFAUDLR.NS,2021-08-25 00:00:00+05:30,1407.706636735577,1455.9539943250968,1397.944343306593,1436.2301025390625,160791,0.0,0.0
GMMPFAUDLR.NS,2021-08-26 00:00:00+05:30,1439.4508895456054,1469.3356831001854,1437.5084266051722,1449.4788818359375,102996,0.0,0.0
GMMPFAUDLR.NS,2021-08-27 00:00:00+05:30,1448.7484694239686,1458.9923047807015,1431.5647125605574,1435.74853515625,37539,0.0,0.0
GMMPFAUDLR.NS,2021-08-30 00:00:00+05:30,1443.1532654538926,1475.6115117343593,1396.2838997684125,1422.36669921875,314898,0.0,0.0
GMMPFAUDLR.NS,2021-08-31 00:00:00+05:30,1434.7191485957114,1441.0282011814738,1402.9250889205566,1405.88037109375,73821,0.0,0.0
GMMPFAUDLR.NS,2021-09-01 00:00:00+05:30,1411.2097630798028,1430.1533365263908,1411.2097630798028,1418.979736328125,63960,0.0,0.0
GMMPFAUDLR.NS,2021-09-02 00:00:00+05:30,1419.527550240699,1451.072566378873,1419.527550240699,1441.492919921875,72354,0.0,0.0
GMMPFAUDLR.NS,2021-09-03 00:00:00+05:30,1445.095743299511,1464.3216756450772,1440.795669807019,1451.12255859375,71067,0.0,0.0
GMMPFAUDLR.NS,2021-09-06 00:00:00+05:30,1459.3740638567072,1475.9766861653734,1451.736879482997,1470.182373046875,98289,0.0,0.0
GMMPFAUDLR.NS,2021-09-07 00:00:00+05:30,1471.9921783611715,1528.125883719151,1456.6846110296467,1504.384033203125,248508,0.0,0.0
GMMPFAUDLR.NS,2021-09-08 00:00:00+05:30,1515.158939704221,1527.4449501633449,1500.7976775551344,1516.2049560546875,82194,0.0,0.0
GMMPFAUDLR.NS,2021-09-09 00:00:00+05:30,1520.8039562415101,1520.8039562415101,1477.637111636541,1495.8834228515625,56007,0.0,0.0
GMMPFAUDLR.NS,2021-09-13 00:00:00+05:30,1477.6370031669785,1487.6483356944614,1452.3345211943922,1468.3062744140625,74136,0.0,0.0
GMMPFAUDLR.NS,2021-09-14 00:00:00+05:30,1468.4225579053093,1487.6815657646466,1461.698479443718,1469.169677734375,47451,0.0,0.0
GMMPFAUDLR.NS,2021-09-15 00:00:00+05:30,1471.9588958518448,1483.8630784427614,1462.6946826572077,1468.389404296875,55044,0.0,0.0
GMMPFAUDLR.NS,2021-09-16 00:00:00+05:30,1461.2004780519926,1522.3645940626225,1461.2004780519926,1496.9293212890625,109521,0.0,0.0
GMMPFAUDLR.NS,2021-09-17 00:00:00+05:30,1510.5104500366633,1514.5946811652186,1467.3601414063053,1471.9921875,109008,0.0,0.0
GMMPFAUDLR.NS,2021-09-20 00:00:00+05:30,1461.0342677372619,1485.290855068307,1444.4316456771162,1451.96923828125,91455,0.0,0.0
GMMPFAUDLR.NS,2021-09-21 00:00:00+05:30,1449.4124030610747,1467.6587125172296,1423.761290085939,1457.8797607421875,56880,0.0,0.0
GMMPFAUDLR.NS,2021-09-22 00:00:00+05:30,1451.15565988344,1518.7617314049064,1451.15565988344,1494.6048583984375,129879,0.0,0.0
GMMPFAUDLR.NS,2021-09-23 00:00:00+05:30,1500.9638847152378,1510.8756267850333,1487.5987803213086,1494.5718994140625,80901,0.0,0.0
GMMPFAUDLR.NS,2021-09-24 00:00:00+05:30,1497.5601403163066,1506.8575498902867,1482.0366109432557,1494.6048583984375,55056,0.0,0.0
GMMPFAUDLR.NS,2021-09-27 00:00:00+05:30,1502.5411047729554,1505.6125164885127,1462.777644159928,1476.408447265625,64050,0.0,0.0
GMMPFAUDLR.NS,2021-09-28 00:00:00+05:30,1475.9768603757318,1501.8770174670587,1446.8723808708237,1461.9310302734375,56523,0.0,0.0
GMMPFAUDLR.NS,2021-09-29 00:00:00+05:30,1461.3664526849557,1492.579500842612,1449.4125348715818,1460.669189453125,37368,0.0,0.0
GMMPFAUDLR.NS,2021-09-30 00:00:00+05:30,1464.3550085417723,1490.2551651554363,1458.5772326565673,1467.243896484375,105651,0.0,0.0
GMMPFAUDLR.NS,2021-10-01 00:00:00+05:30,1463.6908236222537,1476.1428209829196,1454.4264889453036,1461.798095703125,32793,0.0,0.0
GMMPFAUDLR.NS,2021-10-04 00:00:00+05:30,1473.6857627136055,1511.788878360026,1463.8736121550332,1501.1962890625,106833,0.0,0.0
GMMPFAUDLR.NS,2021-10-05 00:00:00+05:30,1504.201207106805,1622.0801501843387,1502.5575192158192,1593.4737548828125,706887,0.0,0.0
GMMPFAUDLR.NS,2021-10-06 00:00:00+05:30,1606.4737310205442,1618.7597429366806,1537.7387019358482,1546.2392578125,210420,0.0,0.0
GMMPFAUDLR.NS,2021-10-07 00:00:00+05:30,1555.6695585184052,1587.21470082622,1547.4015049016566,1556.366943359375,121191,0.0,0.0
GMMPFAUDLR.NS,2021-10-08 00:00:00+05:30,1560.6501668872377,1574.1481795558625,1530.4666007301587,1546.0897216796875,71592,0.0,0.0
GMMPFAUDLR.NS,2021-10-11 00:00:00+05:30,1545.7411686468663,1600.3307762920294,1527.445122169564,1572.139404296875,114315,0.0,0.0
GMMPFAUDLR.NS,2021-10-12 00:00:00+05:30,1583.5619202973262,1588.4265896198601,1544.3797175784605,1556.0845947265625,80634,0.0,0.0
GMMPFAUDLR.NS,2021-10-13 00:00:00+05:30,1563.638704542481,1586.5503786580612,1553.8597526008907,1558.359130859375,89304,0.0,0.0
GMMPFAUDLR.NS,2021-10-14 00:00:00+05:30,1570.280019476413,1590.5351887186123,1549.7424914482353,1556.566162109375,89478,0.0,0.0
GMMPFAUDLR.NS,2021-10-18 00:00:00+05:30,1572.0727955425186,1582.3996835267599,1542.3873094419941,1546.3719482421875,86745,0.0,0.0
GMMPFAUDLR.NS,2021-10-19 00:00:00+05:30,1546.3887356969556,1745.6041700602138,1546.3887356969556,1646.4696044921875,1362450,0.0,0.0
GMMPFAUDLR.NS,2021-10-20 00:00:00+05:30,1671.5561252513164,1712.7307703801487,1585.9859750912665,1614.3931884765625,391473,0.0,0.0
GMMPFAUDLR.NS,2021-10-21 00:00:00+05:30,1633.0380619967445,1659.9343775190086,1597.176307967059,1612.41748046875,128937,0.0,0.0
GMMPFAUDLR.NS,2021-10-22 00:00:00+05:30,1624.4213732813805,1658.606244530179,1621.4992880084078,1644.8426513671875,173040,0.0,0.0
GMMPFAUDLR.NS,2021-10-25 00:00:00+05:30,1645.323917654603,1653.1272100587682,1548.8625234743154,1585.936279296875,168714,0.0,0.0
GMMPFAUDLR.NS,2021-10-26 00:00:00+05:30,1593.8555339402822,1632.0416966414437,1556.5659392972673,1617.0826416015625,87648,0.0,0.0
GMMPFAUDLR.NS,2021-10-27 00:00:00+05:30,1630.0494582298174,1634.2000833552113,1580.5734425040112,1590.5682373046875,48714,0.0,0.0
GMMPFAUDLR.NS,2021-10-28 00:00:00+05:30,1604.5311128499197,1616.9000558227308,1527.8268124462345,1541.9888916015625,90087,0.0,0.0
GMMPFAUDLR.NS,2021-10-29 00:00:00+05:30,1601.907910886245,1612.683022494221,1537.7385400956787,1547.716796875,160413,0.0,0.0
GMMPFAUDLR.NS,2021-11-01 00:00:00+05:30,1570.6783404403577,1593.2912413680672,1552.3490969908046,1575.775390625,64206,0.0,0.0
GMMPFAUDLR.NS,2021-11-02 00:00:00+05:30,1589.1737196979386,1589.5056918848218,1567.7396253679176,1574.2313232421875,49443,0.0,0.0
GMMPFAUDLR.NS,2021-11-03 00:00:00+05:30,1573.9325469828973,1583.8941453815232,1554.6734162117064,1559.5380859375,35328,0.0,0.0
GMMPFAUDLR.NS,2021-11-04 00:00:00+05:30,1567.374388951386,1635.3622951930258,1560.301678702966,1593.656494140625,71241,0.0,0.0
GMMPFAUDLR.NS,2021-11-08 00:00:00+05:30,1593.822319642557,1595.5157424886095,1570.6284094466992,1579.1123046875,58794,0.0,0.0
GMMPFAUDLR.NS,2021-11-09 00:00:00+05:30,1590.535099622307,1633.7020646280318,1583.6782321236583,1601.824951171875,114048,0.0,0.0
GMMPFAUDLR.NS,2021-11-10 00:00:00+05:30,1615.1070398381542,1643.6635786505624,1600.4966158491281,1617.066162109375,105921,0.0,0.0
GMMPFAUDLR.NS,2021-11-11 00:00:00+05:30,1618.7596573404967,1690.151068361155,1617.0662343395861,1642.73388671875,269340,0.0,0.0
GMMPFAUDLR.NS,2021-11-12 00:00:00+05:30,1659.60218302088,1661.9265963600762,1603.817235692447,1614.26025390625,47355,0.0,0.0
GMMPFAUDLR.NS,2021-11-15 00:00:00+05:30,1614.4430350988628,1630.282001152549,1586.882652910063,1592.477783203125,46878,0.0,0.0
GMMPFAUDLR.NS,2021-11-16 00:00:00+05:30,1596.51208876155,1600.3307419174635,1565.8801744671448,1577.0704345703125,59121,0.0,0.0
GMMPFAUDLR.NS,2021-11-17 00:00:00+05:30,1577.070353203206,1594.021606983733,1570.611852551905,1575.5926513671875,50739,0.0,0.0
GMMPFAUDLR.NS,2021-11-18 00:00:00+05:30,1582.5657866570855,1590.3524193414971,1549.3770797426896,1566.129150390625,57168,0.0,0.0
GMMPFAUDLR.NS,2021-11-22 00:00:00+05:30,1573.5838879281732,1574.829087706295,1470.5477407409967,1492.4632568359375,91065,0.0,0.0
GMMPFAUDLR.NS,2021-11-23 00:00:00+05:30,1490.9190604210023,1522.4642004175796,1479.5296176678764,1507.604736328125,54786,0.0,0.0
GMMPFAUDLR.NS,2021-11-24 00:00:00+05:30,1513.4821581420508,1527.0797636205239,1495.8999134963497,1503.4708251953125,65595,0.0,0.0
GMMPFAUDLR.NS,2021-11-25 00:00:00+05:30,1503.869054034662,1525.834424071984,1502.557459975833,1511.57275390625,44310,0.0,0.0
GMMPFAUDLR.NS,2021-11-26 00:00:00+05:30,1506.857724128405,1523.460468975983,1485.224445116447,1494.20654296875,235488,0.0,0.0
GMMPFAUDLR.NS,2021-11-29 00:00:00+05:30,1487.5986955437222,1490.8694121583474,1427.8623039467125,1441.8582763671875,78990,0.0,0.0
GMMPFAUDLR.NS,2021-11-30 00:00:00+05:30,1470.6972189376932,1507.5219358981865,1464.7699949123942,1486.486328125,185901,0.0,0.0
GMMPFAUDLR.NS,2021-12-01 00:00:00+05:30,1500.8807628949728,1500.8807628949728,1479.5297210928338,1490.437744140625,43446,0.0,0.0
GMMPFAUDLR.NS,2021-12-02 00:00:00+05:30,1500.8805399249097,1502.5408871214179,1483.945825410884,1493.293212890625,59064,0.0,0.0
GMMPFAUDLR.NS,2021-12-03 00:00:00+05:30,1502.457924394388,1544.0475934435947,1502.457924394388,1526.56494140625,57906,0.0,0.0
GMMPFAUDLR.NS,2021-12-06 00:00:00+05:30,1537.4065473062803,1555.6528566968784,1499.8844499825934,1522.347900390625,89655,0.0,0.0
GMMPFAUDLR.NS,2021-12-07 00:00:00+05:30,1530.981420840694,1536.6928021027766,1519.060699998776,1524.35693359375,35316,0.0,0.0
GMMPFAUDLR.NS,2021-12-08 00:00:00+05:30,1535.8126090126132,1536.6427826573272,1504.2011968980307,1516.9686279296875,46542,0.0,0.0
GMMPFAUDLR.NS,2021-12-09 00:00:00+05:30,1511.1743483641023,1537.4065957801183,1511.1743483641023,1527.3951416015625,62403,0.0,0.0
GMMPFAUDLR.NS,2021-12-10 00:00:00+05:30,1533.9863424986715,1542.387305494448,1501.7274033884096,1518.0311279296875,31392,0.0,0.0
GMMPFAUDLR.NS,2021-12-13 00:00:00+05:30,1532.2598218708647,1532.3428757248123,1498.0085584247072,1500.1336669921875,27906,0.0,0.0
GMMPFAUDLR.NS,2021-12-14 00:00:00+05:30,1500.1336722543854,1500.1336722543854,1470.9959967970965,1476.259033203125,32055,0.0,0.0
GMMPFAUDLR.NS,2021-12-15 00:00:00+05:30,1476.2589701345066,1486.6025185878113,1457.7138843258738,1463.9564208984375,40779,0.0,0.0
GMMPFAUDLR.NS,2021-12-16 00:00:00+05:30,1477.6369111752513,1492.5793064963443,1454.3931445863764,1462.6778564453125,48357,0.0,0.0
GMMPFAUDLR.NS,2021-12-17 00:00:00+05:30,1467.675422416175,1477.637020030761,1447.7522271870032,1458.8427734375,72411,0.0,0.0
GMMPFAUDLR.NS,2021-12-20 00:00:00+05:30,1456.7177120852625,1456.7177120852625,1424.5085048907176,1443.40234375,139188,0.0,0.0
GMMPFAUDLR.NS,2021-12-21 00:00:00+05:30,1455.4060607875697,1510.1781878771117,1443.435484323176,1496.33154296875,74598,0.0,0.0
GMMPFAUDLR.NS,2021-12-22 00:00:00+05:30,1504.201258434489,1560.650271749179,1494.5717544882898,1545.9901123046875,94512,0.0,0.0
GMMPFAUDLR.NS,2021-12-23 00:00:00+05:30,1555.9019638518043,1575.2606848639177,1544.0476383083558,1570.8443603515625,80316,0.0,0.0
GMMPFAUDLR.NS,2021-12-24 00:00:00+05:30,1577.2531579925633,1593.8557818530169,1564.3030797650076,1585.703857421875,122829,0.0,0.0
GMMPFAUDLR.NS,2021-12-27 00:00:00+05:30,1565.6973957761616,1593.8555675502632,1546.7371636939467,1589.289794921875,80823,0.0,0.0
GMMPFAUDLR.NS,2021-12-28 00:00:00+05:30,1589.2900807712558,1613.3805641147383,1588.2109886043281,1596.01416015625,90630,0.0,0.0
GMMPFAUDLR.NS,2021-12-29 00:00:00+05:30,1598.8364800800805,1610.4583038874187,1585.8033488207632,1602.555419921875,70443,0.0,0.0
GMMPFAUDLR.NS,2021-12-30 00:00:00+05:30,1606.8057400392931,1640.3430790764269,1580.5734917222064,1589.8211669921875,231594,0.0,0.0
GMMPFAUDLR.NS,2021-12-31 00:00:00+05:30,1583.8941264039754,1635.0303714380768,1581.5033184966424,1614.4097900390625,117945,0.0,0.0
GMMPFAUDLR.NS,2022-01-03 00:00:00+05:30,1620.4199269231726,1643.9957903042775,1617.199066931965,1632.7391357421875,186228,0.0,0.0
GMMPFAUDLR.NS,2022-01-04 00:00:00+05:30,1620.4199628868237,1758.2221143673062,1620.4199628868237,1697.8216552734375,1109007,0.0,0.0
GMMPFAUDLR.NS,2022-01-05 00:00:00+05:30,1707.7498529123168,1734.4136632154677,1663.5867314828222,1681.3349609375,241485,0.0,0.0
GMMPFAUDLR.NS,2022-01-06 00:00:00+05:30,1662.1257339698375,1727.540183445002,1651.8320427239162,1691.827880859375,246846,0.0,0.0
GMMPFAUDLR.NS,2022-01-07 00:00:00+05:30,1658.9381315721128,1709.0615550787961,1658.9381315721128,1694.21875,117804,0.0,0.0
GMMPFAUDLR.NS,2022-01-10 00:00:00+05:30,1707.069145684799,1733.7329562710975,1664.2508151015627,1675.2916259765625,135330,0.0,0.0
GMMPFAUDLR.NS,2022-01-11 00:00:00+05:30,1685.1701087387912,1718.1430918964197,1674.1791548867568,1689.96826171875,88602,0.0,0.0
GMMPFAUDLR.NS,2022-01-12 00:00:00+05:30,1696.8252672023166,1721.5963493384513,1693.4714971045064,1702.0052490234375,65724,0.0,0.0
GMMPFAUDLR.NS,2022-01-13 00:00:00+05:30,1709.742327646933,1715.0550988988768,1679.459045104696,1684.9212646484375,46284,0.0,0.0
GMMPFAUDLR.NS,2022-01-14 00:00:00+05:30,1689.9187421020372,1689.9187421020372,1652.928039837904,1657.02880859375,63339,0.0,0.0
GMMPFAUDLR.NS,2022-01-17 00:00:00+05:30,1657.0285818330005,1700.1124882008373,1654.1064972107013,1685.784423828125,61908,0.0,0.0
GMMPFAUDLR.NS,2022-01-18 00:00:00+05:30,1681.9494513613224,1693.4218270308006,1627.0610699346996,1633.4031982421875,73200,0.0,0.0
GMMPFAUDLR.NS,2022-01-19 00:00:00+05:30,1641.5717382218102,1654.7209987768383,1602.1570321746715,1617.115966796875,65478,0.0,0.0
GMMPFAUDLR.NS,2022-01-20 00:00:00+05:30,1604.8633333718362,1648.6445090035497,1604.8633333718362,1641.00732421875,49245,0.0,0.0
GMMPFAUDLR.NS,2022-01-21 00:00:00+05:30,1627.0610936689238,1642.0034910956745,1609.1799517873205,1625.6829833984375,77103,0.0,0.0
GMMPFAUDLR.NS,2022-01-24 00:00:00+05:30,1620.4198761127443,1625.6663743935328,1507.1897544382932,1550.522705078125,167703,0.0,0.0
GMMPFAUDLR.NS,2022-01-25 00:00:00+05:30,1537.3733910866486,1600.297441438898,1514.162820266944,1568.6527099609375,65739,0.0,0.0
GMMPFAUDLR.NS,2022-01-27 00:00:00+05:30,1570.6117945669318,1576.588752924609,1541.5073197906954,1554.1087646484375,53733,0.0,0.0
GMMPFAUDLR.NS,2022-01-28 00:00:00+05:30,1561.8954219479006,1634.9471769108663,1561.8954219479006,1609.877197265625,85428,0.0,0.0
GMMPFAUDLR.NS,2022-01-31 00:00:00+05:30,1627.0611088620083,1723.3565193108477,1626.0649490242563,1658.2076416015625,292827,0.0,0.0
GMMPFAUDLR.NS,2022-02-01 00:00:00+05:30,1664.5165389364238,1713.3947608622113,1658.605974904408,1694.2020263671875,125505,0.0,0.0
GMMPFAUDLR.NS,2022-02-02 00:00:00+05:30,1698.4524001039927,1723.3563942404148,1695.3975263701295,1712.830322265625,104937,0.0,0.0
GMMPFAUDLR.NS,2022-02-03 00:00:00+05:30,1721.3972040991648,1733.317923596183,1665.8281021458142,1676.619873046875,85692,0.0,0.0
GMMPFAUDLR.NS,2022-02-04 00:00:00+05:30,1617.0994366896277,1642.8833402197372,1582.9643043930005,1619.2078857421875,264189,0.0,0.0
GMMPFAUDLR.NS,2022-02-07 00:00:00+05:30,1618.7596214183284,1656.3978498423835,1618.7596214183284,1626.8284912109375,99621,0.0,0.0
GMMPFAUDLR.NS,2022-02-08 00:00:00+05:30,1631.095405088172,1637.0226287997118,1582.7651174631976,1607.2374267578125,56004,0.0,0.0
GMMPFAUDLR.NS,2022-02-09 00:00:00+05:30,1623.4414746441632,1650.2880525155097,1601.276920497335,1615.2896728515625,36777,0.0,0.0
GMMPFAUDLR.NS,2022-02-10 00:00:00+05:30,1618.7595982552468,1640.492467314695,1598.8364031997976,1608.2667236328125,60870,0.0,0.0
GMMPFAUDLR.NS,2022-02-11 00:00:00+05:30,1584.5580149389898,1603.7672866958221,1573.9655490488838,1580.6397705078125,48408,0.0,0.0
GMMPFAUDLR.NS,2022-02-14 00:00:00+05:30,1560.650320688656,1568.9184957110672,1505.280519259784,1518.2637939453125,89286,0.0,0.0
GMMPFAUDLR.NS,2022-02-15 00:00:00+05:30,1505.529544085628,1553.3452142469548,1493.011152208319,1526.7144775390625,77799,0.0,0.0
GMMPFAUDLR.NS,2022-02-16 00:00:00+05:30,1528.4411138557969,1548.3643083809582,1517.6660023636427,1529.536865234375,43332,0.0,0.0
GMMPFAUDLR.NS,2022-02-17 00:00:00+05:30,1532.0938928862722,1557.3299836713907,1514.6278977928214,1529.8193359375,35616,0.0,0.0
GMMPFAUDLR.NS,2022-02-18 00:00:00+05:30,1524.1742959907963,1537.3899506762107,1487.9637912776689,1494.0238037109375,55608,0.0,0.0
GMMPFAUDLR.NS,2022-02-21 00:00:00+05:30,1469.3357073676289,1514.113041809166,1454.393310343551,1498.091552734375,65268,0.0,0.0
GMMPFAUDLR.NS,2022-02-22 00:00:00+05:30,1477.6369751860786,1490.122169044012,1439.4508116218967,1457.9129638671875,68166,0.0,0.0
GMMPFAUDLR.NS,2022-02-23 00:00:00+05:30,1467.6753957134515,1477.952427518649,1444.581076116941,1458.0125732421875,55731,0.0,0.0
GMMPFAUDLR.NS,2022-02-24 00:00:00+05:30,1444.431645700958,1444.431645700958,1364.7388652484913,1370.0517578125,116436,0.0,0.0
GMMPFAUDLR.NS,2022-02-25 00:00:00+05:30,1387.0196802980033,1463.8734302891644,1387.0196802980033,1446.9053955078125,88962,0.0,0.0
GMMPFAUDLR.NS,2022-02-28 00:00:00+05:30,1457.713903271659,1467.0113138114052,1419.5277364929723,1451.7701416015625,31626,0.0,0.0
GMMPFAUDLR.NS,2022-03-02 00:00:00+05:30,1434.4699884270121,1474.316376994429,1428.1609363699952,1434.569580078125,49227,0.0,0.0
GMMPFAUDLR.NS,2022-03-03 00:00:00+05:30,1460.7022535290553,1472.075036544902,1428.244008557776,1436.3792724609375,34335,0.0,0.0
GMMPFAUDLR.NS,2022-03-04 00:00:00+05:30,1436.0969978835983,1464.354760496211,1426.4342974243357,1434.121337890625,45246,0.0,0.0
GMMPFAUDLR.NS,2022-03-07 00:00:00+05:30,1417.8675183581895,1444.4150802928953,1390.954543794021,1419.3782958984375,48180,0.0,0.0
GMMPFAUDLR.NS,2022-03-08 00:00:00+05:30,1416.207208796689,1432.6605056857709,1402.3108275699014,1415.4932861328125,33546,0.0,0.0
GMMPFAUDLR.NS,2022-03-09 00:00:00+05:30,1419.527567760671,1441.0944495139718,1409.1342853785006,1424.8736572265625,40353,0.0,0.0
GMMPFAUDLR.NS,2022-03-10 00:00:00+05:30,1444.4149172247626,1467.6753436883307,1436.1302051999048,1441.343505859375,44091,0.0,0.0
GMMPFAUDLR.NS,2022-03-11 00:00:00+05:30,1448.4162260187195,1466.679194666049,1443.7508618052827,1453.34716796875,22599,0.0,0.0
GMMPFAUDLR.NS,2022-03-14 00:00:00+05:30,1439.450883238723,1459.3907382648804,1421.5200071845381,1455.588623046875,42342,0.0,0.0
GMMPFAUDLR.NS,2022-03-15 00:00:00+05:30,1461.0343312596165,1461.0343312596165,1412.222501111062,1415.7921142578125,65979,0.0,0.0
GMMPFAUDLR.NS,2022-03-16 00:00:00+05:30,1427.0321388773348,1472.3242134511163,1424.0104621978153,1447.370361328125,96231,0.0,0.0
GMMPFAUDLR.NS,2022-03-17 00:00:00+05:30,1466.0982563450675,1484.9422396032091,1435.2173010559918,1458.5274658203125,105015,0.0,0.0
GMMPFAUDLR.NS,2022-03-21 00:00:00+05:30,1470.3317600158946,1475.6446524377807,1429.5556055616273,1437.07666015625,78552,0.0,0.0
GMMPFAUDLR.NS,2022-03-22 00:00:00+05:30,1445.095661492061,1479.4466340609567,1432.2286389621393,1464.6536865234375,59883,0.0,0.0
GMMPFAUDLR.NS,2022-03-23 00:00:00+05:30,1468.0074398973286,1513.1500649334212,1468.0074398973286,1488.11328125,69864,0.0,0.0
GMMPFAUDLR.NS,2022-03-24 00:00:00+05:30,1480.9574454240508,1510.5102655613018,1480.3432360897577,1495.2191162109375,25389,0.0,0.0
GMMPFAUDLR.NS,2022-03-25 00:00:00+05:30,1502.540928901055,1507.5217274260292,1451.6370706945975,1457.016357421875,38757,0.0,0.0
GMMPFAUDLR.NS,2022-03-28 00:00:00+05:30,1464.3382249810372,1464.6869781871214,1421.5200136235944,1424.558349609375,44523,0.0,0.0
GMMPFAUDLR.NS,2022-03-29 00:00:00+05:30,1427.8123759492114,1506.9905393652548,1420.44076937655,1458.1787109375,79818,0.0,0.0
GMMPFAUDLR.NS,2022-03-30 00:00:00+05:30,1477.637058170286,1517.4834496571116,1468.0240919037822,1510.9420166015625,70368,0.0,0.0
GMMPFAUDLR.NS,2022-03-31 00:00:00+05:30,1501.876871715863,1552.3490488839204,1470.547694915231,1512.685302734375,57444,0.0,0.0
GMMPFAUDLR.NS,2022-04-01 00:00:00+05:30,1520.8039933403643,1533.5382286176725,1514.1629682241066,1521.7005615234375,41820,0.0,0.0
GMMPFAUDLR.NS,2022-04-04 00:00:00+05:30,1532.75780946062,1543.7155670537345,1519.4757601124138,1527.2789306640625,44691,0.0,0.0
GMMPFAUDLR.NS,2022-04-05 00:00:00+05:30,1524.1244594338616,1686.2494632069734,1524.1244594338616,1623.508056640625,353565,0.0,0.0
GMMPFAUDLR.NS,2022-04-06 00:00:00+05:30,1640.3430930694183,1652.9611982417507,1577.2530536139077,1635.64453125,59799,0.0,0.0
GMMPFAUDLR.NS,2022-04-07 00:00:00+05:30,1635.694429203214,1640.9906627147648,1574.1317035073243,1587.048583984375,46653,0.0,0.0
GMMPFAUDLR.NS,2022-04-08 00:00:00+05:30,1593.8556681312725,1621.0010224791333,1593.8556681312725,1602.140380859375,44073,0.0,0.0
GMMPFAUDLR.NS,2022-04-11 00:00:00+05:30,1610.7904022271307,1625.4007054776575,1590.5351123558582,1619.3076171875,32274,0.0,0.0
GMMPFAUDLR.NS,2022-04-12 00:00:00+05:30,1617.7636361133937,1632.7060342302045,1583.761411492441,1608.001220703125,38292,0.0,0.0
GMMPFAUDLR.NS,2022-04-13 00:00:00+05:30,1620.0880243263525,1650.3047923107397,1594.6692885137227,1642.3521728515625,48780,0.0,0.0
GMMPFAUDLR.NS,2022-04-18 00:00:00+05:30,1627.725201674176,1642.335505667799,1598.8532253155722,1613.2808837890625,38055,0.0,0.0
GMMPFAUDLR.NS,2022-04-19 00:00:00+05:30,1623.7403027389341,1623.7403027389341,1527.4282466870686,1560.9989013671875,49005,0.0,0.0
GMMPFAUDLR.NS,2022-04-20 00:00:00+05:30,1568.8187993891202,1583.893984339194,1535.7462231074085,1569.91455078125,36102,0.0,0.0
GMMPFAUDLR.NS,2022-04-21 00:00:00+05:30,1573.932420690997,1583.8940182903073,1559.0564187291561,1571.1265869140625,25620,0.0,0.0
GMMPFAUDLR.NS,2022-04-22 00:00:00+05:30,1575.3271396615423,1618.7596828313558,1564.1700768866428,1574.5965576171875,71295,0.0,0.0
GMMPFAUDLR.NS,2022-04-25 00:00:00+05:30,1574.5964189514455,1587.2145231023112,1551.4689027461636,1559.488037109375,36846,0.0,0.0
GMMPFAUDLR.NS,2022-04-26 00:00:00+05:30,1562.3270961816581,1593.1915101608236,1560.9823048596154,1565.4483642578125,29196,0.0,0.0
GMMPFAUDLR.NS,2022-04-27 00:00:00+05:30,1562.3106971937395,1562.3106971937395,1507.5219068964213,1522.8626708984375,74568,0.0,0.0
GMMPFAUDLR.NS,2022-04-28 00:00:00+05:30,1530.499903384534,1562.3106217620816,1518.14749784814,1532.69140625,36174,0.0,0.0
GMMPFAUDLR.NS,2022-04-29 00:00:00+05:30,1524.1242472301612,1541.6732919592184,1500.8804817930295,1503.8856201171875,32310,0.0,0.0
GMMPFAUDLR.NS,2022-05-02 00:00:00+05:30,1494.239639327766,1525.5356179065086,1481.854036770467,1507.637939453125,41472,0.0,0.0
GMMPFAUDLR.NS,2022-05-04 00:00:00+05:30,1504.8652279731446,1523.5598819440331,1482.6177421851435,1500.050537109375,42531,0.0,0.0
GMMPFAUDLR.NS,2022-05-05 00:00:00+05:30,1499.552521918745,1522.464196235742,1489.607462198014,1495.63427734375,34032,0.0,0.0
GMMPFAUDLR.NS,2022-05-06 00:00:00+05:30,1481.621736857676,1491.5998728046266,1452.7496400682107,1460.635986328125,40419,0.0,0.0
GMMPFAUDLR.NS,2022-05-09 00:00:00+05:30,1461.0341848373284,1497.2280277724108,1432.2784640306118,1489.7236328125,44691,0.0,0.0
GMMPFAUDLR.NS,2022-05-10 00:00:00+05:30,1485.921801702626,1489.258912738622,1424.5085252282472,1448.9808349609375,47316,0.0,0.0
GMMPFAUDLR.NS,2022-05-11 00:00:00+05:30,1448.0842102133738,1458.4941527594642,1371.37990800686,1385.857421875,72312,0.0,0.0
GMMPFAUDLR.NS,2022-05-12 00:00:00+05:30,1365.419589032182,1409.4498015400843,1364.838455308218,1399.0565185546875,53679,0.0,0.0
GMMPFAUDLR.NS,2022-05-13 00:00:00+05:30,1403.2903183167211,1457.7139400967344,1403.2903183167211,1422.2672119140625,39798,0.0,0.0
GMMPFAUDLR.NS,2022-05-16 00:00:00+05:30,1427.8289986759646,1450.2923278123287,1355.1590728105339,1372.9903564453125,120063,0.0,0.0
GMMPFAUDLR.NS,2022-05-17 00:00:00+05:30,1379.8639176175232,1421.1878883826785,1378.0210463758,1416.1905517578125,39255,0.0,0.0
GMMPFAUDLR.NS,2022-05-18 00:00:00+05:30,1422.7818290316732,1441.1110712365592,1415.8751051856875,1434.5531005859375,79116,0.0,0.0
GMMPFAUDLR.NS,2022-05-19 00:00:00+05:30,1411.5751137249201,1480.3433380078068,1398.2762829467993,1471.2117919921875,116886,0.0,0.0
GMMPFAUDLR.NS,2022-05-20 00:00:00+05:30,1510.1615996284725,1577.2530595391827,1501.2460180458681,1557.495849609375,209052,0.0,0.0
GMMPFAUDLR.NS,2022-05-23 00:00:00+05:30,1568.3208020067677,1582.0677341612568,1547.3847869857923,1565.597900390625,110160,0.0,0.0
GMMPFAUDLR.NS,2022-05-24 00:00:00+05:30,1565.6308926934744,1572.8530502327521,1541.34123206316,1547.0526123046875,52302,0.0,0.0
GMMPFAUDLR.NS,2022-05-25 00:00:00+05:30,1547.0359498442983,1547.0359498442983,1490.9023774010955,1499.6187744140625,98730,0.0,0.0
GMMPFAUDLR.NS,2022-05-26 00:00:00+05:30,1497.5435653764273,1497.5435653764273,1410.811271140559,1452.06884765625,284613,0.0,0.0
GMMPFAUDLR.NS,2022-05-27 00:00:00+05:30,1461.6985220309996,1478.3011448490067,1384.6621235445548,1396.350341796875,137592,0.0,0.0
GMMPFAUDLR.NS,2022-05-30 00:00:00+05:30,1409.6326449338505,1409.6326449338505,1378.6354371279642,1385.807861328125,122982,0.0,0.0
GMMPFAUDLR.NS,2022-05-31 00:00:00+05:30,1385.8076940301364,1406.2455072075027,1379.0504183360704,1392.38232421875,128532,0.0,0.0
GMMPFAUDLR.NS,2022-06-01 00:00:00+05:30,1395.8357287488575,1407.8727002529977,1381.3415549536676,1391.25341796875,92169,0.0,0.0
GMMPFAUDLR.NS,2022-06-02 00:00:00+05:30,1390.971197182027,1390.9877349914752,1358.9778319922254,1367.4451904296875,118149,0.0,0.0
GMMPFAUDLR.NS,2022-06-03 00:00:00+05:30,1376.759197084846,1414.115188473604,1362.0824998821568,1376.99169921875,119652,0.0,0.0
GMMPFAUDLR.NS,2022-06-06 00:00:00+05:30,1411.2263256522297,1411.2263256522297,1356.9854738419042,1375.7630615234375,116574,0.0,0.0
GMMPFAUDLR.NS,2022-06-07 00:00:00+05:30,1379.7311030514477,1380.5114200780351,1356.7695722952653,1364.5064697265625,81030,0.0,0.0
GMMPFAUDLR.NS,2022-06-08 00:00:00+05:30,1364.5064769363112,1367.7106773039634,1294.8582266829644,1340.3162841796875,288219,0.0,0.0
GMMPFAUDLR.NS,2022-06-09 00:00:00+05:30,1341.3624182864646,1341.3624182864646,1313.2707595122713,1332.77880859375,98841,0.0,0.0
GMMPFAUDLR.NS,2022-06-10 00:00:00+05:30,1321.571927025325,1328.196413846337,1286.706334916352,1291.6871337890625,109587,0.0,0.0
GMMPFAUDLR.NS,2022-06-13 00:00:00+05:30,1278.4051070425382,1278.4051070425382,1251.8407648525883,1255.626220703125,127179,0.0,0.0
GMMPFAUDLR.NS,2022-06-14 00:00:00+05:30,1255.1613159832025,1303.3090789555565,1253.1689964340228,1297.8302001953125,108204,0.0,0.0
GMMPFAUDLR.NS,2022-06-15 00:00:00+05:30,1311.9422827148437,1317.2385154026747,1286.0421313476563,1295.007568359375,52488,0.0,0.0
GMMPFAUDLR.NS,2022-06-16 00:00:00+05:30,1305.0523519886574,1318.2514689355,1278.4050781525787,1296.0869140625,67737,0.0,0.0
GMMPFAUDLR.NS,2022-06-17 00:00:00+05:30,1293.3474661763887,1304.902895107009,1278.4880019771197,1286.141845703125,65832,0.0,0.0
GMMPFAUDLR.NS,2022-06-20 00:00:00+05:30,1300.9848440332948,1304.4547443099336,1272.594286563962,1289.2633056640625,70032,0.0,0.0
GMMPFAUDLR.NS,2022-06-21 00:00:00+05:30,1300.7191476319292,1326.054830978662,1289.2799680393662,1309.435546875,41058,0.0,0.0
GMMPFAUDLR.NS,2022-06-22 00:00:00+05:30,1309.883899703129,1321.5389221207327,1295.6719614374467,1311.527587890625,25815,0.0,0.0
GMMPFAUDLR.NS,2022-06-23 00:00:00+05:30,1319.5632406893897,1333.1940449178646,1312.855699150657,1325.0753173828125,28485,0.0,0.0
GMMPFAUDLR.NS,2022-06-24 00:00:00+05:30,1344.616592009508,1347.0737943724462,1332.6128173742288,1344.018798828125,21033,0.0,0.0
GMMPFAUDLR.NS,2022-06-27 00:00:00+05:30,1354.8603108247592,1402.1778988442325,1354.8603108247592,1376.4769287109375,59595,0.0,0.0
GMMPFAUDLR.NS,2022-06-28 00:00:00+05:30,1378.6851914165723,1404.5686873355935,1374.7005521350213,1398.890625,34920,0.0,0.0
GMMPFAUDLR.NS,2022-06-29 00:00:00+05:30,1398.8905154725064,1444.033138251718,1384.7118985531692,1412.9530029296875,82911,0.0,0.0
GMMPFAUDLR.NS,2022-06-30 00:00:00+05:30,1411.2926526722667,1449.4124221487841,1411.2926526722667,1442.9705810546875,90900,0.0,0.0
GMMPFAUDLR.NS,2022-07-01 00:00:00+05:30,1446.0919508438521,1451.7369375036048,1427.8456398642325,1437.3922119140625,44211,0.0,0.0
GMMPFAUDLR.NS,2022-07-04 00:00:00+05:30,1459.357267433097,1469.3355236120092,1427.8289109364714,1431.19921875,66612,0.0,0.0
GMMPFAUDLR.NS,2022-07-05 00:00:00+05:30,1426.1685355433297,1444.4315031282163,1426.1685355433297,1431.3818359375,107136,0.0,0.0
GMMPFAUDLR.NS,2022-07-06 00:00:00+05:30,1438.5543832583,1444.4317505636604,1426.2518337031179,1434.80224609375,61917,0.0,0.0
GMMPFAUDLR.NS,2022-07-07 00:00:00+05:30,1447.5529354322002,1451.0726918479133,1305.6665625718144,1381.773193359375,120696,0.0,0.0
GMMPFAUDLR.NS,2022-07-08 00:00:00+05:30,1417.5355416783145,1417.5355416783145,1368.0761781841968,1381.0926513671875,141225,0.0,0.0
GMMPFAUDLR.NS,2022-07-11 00:00:00+05:30,1449.4125459991058,1483.829916608292,1414.198320490501,1463.8070068359375,139541,0.0,3.0
GMMPFAUDLR.NS,2022-07-12 00:00:00+05:30,1480.7416300835353,1483.630517714616,1444.9297352681742,1462.262939453125,37970,0.0,0.0
GMMPFAUDLR.NS,2022-07-13 00:00:00+05:30,1462.2628545122143,1462.4620378124978,1425.504537096956,1449.163330078125,29558,0.0,0.0
GMMPFAUDLR.NS,2022-07-14 00:00:00+05:30,1454.393233966311,1458.2782813088563,1405.8304461883265,1420.1751708984375,26707,0.0,0.0
GMMPFAUDLR.NS,2022-07-15 00:00:00+05:30,1419.5277058862678,1443.8837641992804,1419.2288093075715,1432.477783203125,15377,0.0,0.0
GMMPFAUDLR.NS,2022-07-18 00:00:00+05:30,1442.439305594101,1461.7149722705115,1424.5084302483178,1431.0333251953125,35043,0.0,0.0
GMMPFAUDLR.NS,2022-07-19 00:00:00+05:30,1432.2786558650077,1452.401035841676,1427.2480000700696,1433.4739990234375,29696,0.0,0.0
GMMPFAUDLR.NS,2022-07-20 00:00:00+05:30,1448.4163778250668,1489.2589304322385,1439.8991627261257,1470.9295654296875,48748,0.0,0.0
GMMPFAUDLR.NS,2022-07-21 00:00:00+05:30,1478.3011659273143,1479.2474691112475,1464.3549285129056,1469.186279296875,38146,0.0,0.0
GMMPFAUDLR.NS,2022-07-22 00:00:00+05:30,1453.8953286120368,1459.4737995573853,1434.4702111691215,1452.550537109375,47548,0.0,0.0
GMMPFAUDLR.NS,2022-07-25 00:00:00+05:30,1452.4009627922171,1452.4009627922171,1414.5468910596353,1423.5123291015625,44604,0.0,0.0
GMMPFAUDLR.NS,2022-07-26 00:00:00+05:30,1419.5277628403635,1419.5277628403635,1364.9880119522863,1377.14111328125,63822,0.0,0.0
GMMPFAUDLR.NS,2022-07-27 00:00:00+05:30,1376.9419418833916,1376.9419418833916,1335.8004917598412,1347.15673828125,52012,0.0,0.0
GMMPFAUDLR.NS,2022-07-28 00:00:00+05:30,1364.7388969453252,1374.1525582142974,1330.122344632296,1338.1414794921875,88610,0.0,0.0
GMMPFAUDLR.NS,2022-07-29 00:00:00+05:30,1445.4276920399764,1605.759543491603,1435.5159518895464,1593.2578125,1594658,0.0,0.0
GMMPFAUDLR.NS,2022-08-01 00:00:00+05:30,1608.7978933715103,1628.7210870974732,1519.1435216046768,1560.583740234375,658294,0.0,0.0
GMMPFAUDLR.NS,2022-08-02 00:00:00+05:30,1545.8407432898834,1751.2488343816328,1541.9556959581503,1733.4674072265625,1267967,0.0,0.0
GMMPFAUDLR.NS,2022-08-03 00:00:00+05:30,1747.9616507915596,1747.9616507915596,1653.625361063096,1661.7938232421875,358644,0.0,0.0
GMMPFAUDLR.NS,2022-08-04 00:00:00+05:30,1683.5099134543264,1699.4983254741928,1584.292430449158,1598.6868896484375,274850,0.0,0.0
GMMPFAUDLR.NS,2022-08-05 00:00:00+05:30,1603.916947070518,1638.6829500887586,1603.817355406019,1620.0548095703125,141912,0.0,0.0
GMMPFAUDLR.NS,2022-08-08 00:00:00+05:30,1628.7212003858767,1628.7212003858767,1565.963135783852,1575.5262451171875,110524,0.0,0.0
GMMPFAUDLR.NS,2022-08-10 00:00:00+05:30,1584.8902257691004,1613.7788596768967,1554.009272281456,1585.3883056640625,130608,0.0,0.0
GMMPFAUDLR.NS,2022-08-11 00:00:00+05:30,1607.801972891945,1629.2194093338142,1574.081986814241,1581.0052490234375,222852,0.0,0.0
GMMPFAUDLR.NS,2022-08-12 00:00:00+05:30,1587.878823432528,1597.6909737739568,1558.5916991066251,1565.2161865234375,101713,0.0,0.0
GMMPFAUDLR.NS,2022-08-16 00:00:00+05:30,1561.9786406736753,1603.8173542631487,1561.9786406736753,1572.2391357421875,49955,0.0,0.0
GMMPFAUDLR.NS,2022-08-17 00:00:00+05:30,1582.001415621428,1603.717748747109,1579.3615677283938,1587.5301513671875,86276,0.0,0.0
GMMPFAUDLR.NS,2022-08-18 00:00:00+05:30,1592.859495119569,1598.8364538254586,1576.2734103904183,1582.94775390625,62901,0.0,0.0
GMMPFAUDLR.NS,2022-08-19 00:00:00+05:30,1592.85958064064,1608.7981380454241,1574.0819920184367,1582.39990234375,67088,0.0,0.0
GMMPFAUDLR.NS,2022-08-22 00:00:00+05:30,1583.8940950864892,1588.7753024671265,1558.9900998807268,1565.066650390625,87011,0.0,0.0
GMMPFAUDLR.NS,2022-08-23 00:00:00+05:30,1556.5993440141322,1596.9936742277441,1526.9635887293825,1569.7984619140625,86566,0.0,0.0
GMMPFAUDLR.NS,2022-08-24 00:00:00+05:30,1577.6182459135282,1592.0625631901812,1570.2964956142914,1580.8060302734375,65148,0.0,0.0
GMMPFAUDLR.NS,2022-08-25 00:00:00+05:30,1590.8672780045927,1627.7251923979366,1584.5416872871251,1596.49560546875,80506,0.0,0.0
GMMPFAUDLR.NS,2022-08-26 00:00:00+05:30,1602.9207360452074,1684.9047375651237,1602.7712877524584,1676.7860107421875,297772,0.0,0.0
GMMPFAUDLR.NS,2022-08-29 00:00:00+05:30,1643.6637167815345,1698.1536107517968,1628.820911018775,1649.2421875,120346,0.0,0.0
GMMPFAUDLR.NS,2022-08-30 00:00:00+05:30,1657.56002907364,1679.9736242829736,1645.6559682586308,1654.322509765625,67986,0.0,0.0
GMMPFAUDLR.NS,2022-09-01 00:00:00+05:30,1648.7438977216364,1680.9696397466014,1636.0428615268233,1649.092529296875,60495,0.0,0.0
GMMPFAUDLR.NS,2022-09-02 00:00:00+05:30,1661.5945123585993,1839.5584813029254,1643.6636363259524,1818.78857421875,1018040,0.0,0.0
GMMPFAUDLR.NS,2022-09-05 00:00:00+05:30,1825.9608886613132,1908.6421509411216,1805.041533144735,1892.25537109375,829466,0.0,0.0
GMMPFAUDLR.NS,2022-09-06 00:00:00+05:30,1902.6651428633486,2101.8970949956365,1859.332193274576,2060.257568359375,2139773,0.0,0.0
GMMPFAUDLR.NS,2022-09-07 00:00:00+05:30,2028.1812398524817,2042.1274762758287,1931.5537446335766,1945.0517578125,759319,0.0,0.0
GMMPFAUDLR.NS,2022-09-08 00:00:00+05:30,1963.9290751875326,1985.2469195479184,1891.2094086956788,1906.89892578125,488564,0.0,0.0
GMMPFAUDLR.NS,2022-09-09 00:00:00+05:30,1933.9088327607876,1941.533462323155,1876.7492348842404,1907.7459716796875,399902,86.577,0.0
GMMPFAUDLR.NS,2022-09-12 00:00:00+05:30,1916.6163538624285,1933.5599201732248,1884.9717520760885,1900.56982421875,192287,0.0,0.0
GMMPFAUDLR.NS,2022-09-13 00:00:00+05:30,1913.626424050633,2013.2944669699368,1908.8423093244699,1968.44384765625,567000,0.0,0.0
GMMPFAUDLR.NS,2022-09-14 00:00:00+05:30,1923.5932209259302,1962.4637575145887,1923.5932209259302,1939.3408203125,182515,0.0,0.0
GMMPFAUDLR.NS,2022-09-15 00:00:00+05:30,1953.493662028128,1979.7064062611753,1901.2178216261166,1914.5732421875,125866,0.0,0.0
GMMPFAUDLR.NS,2022-09-16 00:00:00+05:30,1906.1512452633156,1920.7526373051473,1827.1144416956438,1864.5897216796875,540674,0.0,0.0
GMMPFAUDLR.NS,2022-09-19 00:00:00+05:30,1852.7790593378882,1888.4103851460811,1824.7226022223924,1844.05810546875,76187,0.0,0.0
GMMPFAUDLR.NS,2022-09-20 00:00:00+05:30,1861.699391767626,1875.951848858145,1829.905261850174,1839.1744384765625,92725,0.0,0.0
GMMPFAUDLR.NS,2022-09-21 00:00:00+05:30,1844.357041364527,1903.6595239158316,1829.9051758688308,1836.5828857421875,169700,0.0,0.0
GMMPFAUDLR.NS,2022-09-22 00:00:00+05:30,1836.5828170053119,1920.5033747764487,1836.5828170053119,1904.10791015625,372474,0.0,0.0
GMMPFAUDLR.NS,2022-09-23 00:00:00+05:30,1913.6266064776505,1927.67977753595,1863.8922239866952,1878.59326171875,114376,0.0,0.0
GMMPFAUDLR.NS,2022-09-26 00:00:00+05:30,1858.8090638774747,1866.4834547781156,1803.9916384011954,1832.0482177734375,93680,0.0,0.0
GMMPFAUDLR.NS,2022-09-27 00:00:00+05:30,1836.4832872160987,1903.6595707472118,1836.4832872160987,1896.4835205078125,97775,0.0,0.0
GMMPFAUDLR.NS,2022-09-28 00:00:00+05:30,1889.6063958922603,1927.5798948233426,1861.7989883815947,1897.0316162109375,147287,0.0,0.0
GMMPFAUDLR.NS,2022-09-29 00:00:00+05:30,1915.2709382464104,1933.5599994754411,1848.842164446878,1874.0582275390625,81966,0.0,0.0
GMMPFAUDLR.NS,2022-09-30 00:00:00+05:30,1873.7592538831627,1933.1613846200569,1873.7592538831627,1923.194580078125,109072,0.0,0.0
GMMPFAUDLR.NS,2022-10-03 00:00:00+05:30,1914.6230321377202,1956.0849120925368,1876.7491772594103,1894.240966796875,93797,0.0,0.0
GMMPFAUDLR.NS,2022-10-04 00:00:00+05:30,1918.8091320786489,1955.8857174004254,1905.6529989527526,1923.991943359375,103057,0.0,0.0
GMMPFAUDLR.NS,2022-10-06 00:00:00+05:30,1933.6597575286382,1984.5901052656827,1929.6730356444846,1956.4837646484375,190109,0.0,0.0
GMMPFAUDLR.NS,2022-10-07 00:00:00+05:30,1957.679814872489,1963.460610513646,1915.619945891994,1921.79931640625,49260,0.0,0.0
GMMPFAUDLR.NS,2022-10-10 00:00:00+05:30,1903.659488175431,1920.5531716165044,1876.799001131345,1887.6627197265625,43064,0.0,0.0
GMMPFAUDLR.NS,2022-10-11 00:00:00+05:30,1895.6861495359556,1897.1312874718267,1819.938437987726,1845.80224609375,51116,0.0,0.0
GMMPFAUDLR.NS,2022-10-12 00:00:00+05:30,1851.832247376599,1898.5765840895758,1830.3039743235386,1889.207763671875,90693,0.0,0.0
GMMPFAUDLR.NS,2022-10-13 00:00:00+05:30,1888.7093984965866,1898.2775062087228,1843.8587795349263,1850.3870849609375,40157,0.0,0.0
GMMPFAUDLR.NS,2022-10-14 00:00:00+05:30,1865.5367285202951,1913.3773925881321,1812.1146779775636,1823.6761474609375,61355,0.0,0.0
GMMPFAUDLR.NS,2022-10-17 00:00:00+05:30,1822.828795668536,1851.6826443889977,1810.5198171441016,1833.842041015625,48673,0.0,0.0
GMMPFAUDLR.NS,2022-10-18 00:00:00+05:30,1843.8585939770703,1853.725753488666,1821.9316269135593,1828.0113525390625,45957,0.0,0.0
GMMPFAUDLR.NS,2022-10-19 00:00:00+05:30,1833.9417252564508,1845.802124080156,1816.0512399888232,1823.7755126953125,27470,0.0,0.0
GMMPFAUDLR.NS,2022-10-20 00:00:00+05:30,1823.9251788892732,1863.742513226858,1823.9251788892732,1846.101318359375,51424,0.0,0.0
GMMPFAUDLR.NS,2022-10-21 00:00:00+05:30,1847.0980302444398,1861.6495403733497,1804.9882815446813,1817.5963134765625,33746,0.0,0.0
GMMPFAUDLR.NS,2022-10-24 00:00:00+05:30,1825.9185044216874,1842.3138484400063,1821.9816654826652,1827.911865234375,11899,0.0,0.0
GMMPFAUDLR.NS,2022-10-25 00:00:00+05:30,1837.0813224542833,1858.858887212018,1822.9783916823244,1845.0050048828125,58699,0.0,0.0
GMMPFAUDLR.NS,2022-10-27 00:00:00+05:30,1845.8522027309814,1854.7724441375367,1810.1709937745716,1819.8388671875,58202,0.0,0.0
GMMPFAUDLR.NS,2022-10-28 00:00:00+05:30,1828.9085571110725,1843.8587632999913,1811.9649900969646,1818.6427001953125,37098,0.0,0.0
GMMPFAUDLR.NS,2022-10-31 00:00:00+05:30,1827.7623501588876,1854.722603983473,1814.1576381950306,1839.423583984375,58353,0.0,0.0
GMMPFAUDLR.NS,2022-11-01 00:00:00+05:30,1843.858846085667,1900.6696321542524,1818.991717340982,1870.968505859375,74400,0.0,0.0
GMMPFAUDLR.NS,2022-11-02 00:00:00+05:30,1879.7392907813412,1889.6562123927565,1831.9982738563683,1841.8155517578125,36377,0.0,0.0
GMMPFAUDLR.NS,2022-11-03 00:00:00+05:30,1845.8521460101817,1865.337296973464,1839.8720634637125,1855.5198974609375,45002,0.0,0.0
GMMPFAUDLR.NS,2022-11-04 00:00:00+05:30,1933.510187788041,2037.6135336537322,1909.2410431952335,1969.0418701171875,744831,0.0,0.0
GMMPFAUDLR.NS,2022-11-07 00:00:00+05:30,1998.3442349939048,2006.2677956386924,1919.6064820938955,1929.6231689453125,138308,0.0,0.0
GMMPFAUDLR.NS,2022-11-09 00:00:00+05:30,1933.5601761417217,1938.4936959663523,1834.8888063283039,1849.58984375,194801,0.0,0.0
GMMPFAUDLR.NS,2022-11-10 00:00:00+05:30,1838.8753871141791,1889.0084612392093,1827.463444895415,1843.609619140625,79678,0.0,0.0
GMMPFAUDLR.NS,2022-11-11 00:00:00+05:30,1861.6591929756594,1872.6785171060048,1826.1082935738928,1835.1331787109375,78005,86.577,0.0
GMMPFAUDLR.NS,2022-11-14 00:00:00+05:30,1854.828307949665,1870.7838202761138,1831.0446467342322,1862.90576171875,60403,0.0,0.0
GMMPFAUDLR.NS,2022-11-15 00:00:00+05:30,1869.8863404188974,1873.3268208802099,1812.9950385388483,1824.612548828125,88581,0.0,0.0
GMMPFAUDLR.NS,2022-11-16 00:00:00+05:30,1833.7370804058723,1947.9187148481105,1832.0916438603067,1939.3426513671875,410963,0.0,0.0
GMMPFAUDLR.NS,2022-11-17 00:00:00+05:30,1941.5864436822314,1945.9742340028347,1886.290668901464,1914.71142578125,130483,0.0,0.0
GMMPFAUDLR.NS,2022-11-18 00:00:00+05:30,1924.3344591460643,1952.9547324100076,1900.8001028190893,1925.7305908203125,230442,0.0,0.0
GMMPFAUDLR.NS,2022-11-21 00:00:00+05:30,1935.4037746758574,1972.350686410444,1915.7584762653682,1931.7139892578125,68101,0.0,0.0
GMMPFAUDLR.NS,2022-11-22 00:00:00+05:30,1932.6113992666399,1942.18468216141,1889.730960583221,1907.3319091796875,47766,0.0,0.0
GMMPFAUDLR.NS,2022-11-23 00:00:00+05:30,1916.9052604447418,1939.0933952060348,1889.7310279842818,1900.3514404296875,37012,0.0,0.0
GMMPFAUDLR.NS,2022-11-24 00:00:00+05:30,1897.6090825574954,1938.5947812091001,1894.7670312213472,1922.2403564453125,55994,0.0,0.0
GMMPFAUDLR.NS,2022-11-25 00:00:00+05:30,1928.4729037145373,1932.0628695646083,1889.681040858876,1902.9940185546875,53405,0.0,0.0
GMMPFAUDLR.NS,2022-11-28 00:00:00+05:30,1909.1267555785794,1922.6391280181592,1874.2240743126897,1888.08544921875,73054,0.0,0.0
GMMPFAUDLR.NS,2022-11-29 00:00:00+05:30,1890.079912207902,1910.123999358142,1879.7587149626413,1891.02734375,37119,0.0,0.0
GMMPFAUDLR.NS,2022-11-30 00:00:00+05:30,1885.7421221914024,1963.8244597085038,1885.7421221914024,1946.2235107421875,161245,0.0,0.0
GMMPFAUDLR.NS,2022-12-01 00:00:00+05:30,1964.472654296813,1964.522563967956,1925.6809101899873,1946.871826171875,68140,0.0,0.0
GMMPFAUDLR.NS,2022-12-02 00:00:00+05:30,1954.450527514429,1959.5363226315683,1932.6613057285474,1939.9908447265625,55646,0.0,0.0
GMMPFAUDLR.NS,2022-12-05 00:00:00+05:30,1939.9909794583948,1948.4174361483185,1890.7283082619294,1901.2490234375,61849,0.0,0.0
GMMPFAUDLR.NS,2022-12-06 00:00:00+05:30,1907.6808876709304,1943.3813941670624,1890.7281563115964,1897.2100830078125,73465,0.0,0.0
GMMPFAUDLR.NS,2022-12-07 00:00:00+05:30,1906.6839031071474,1943.5810288471916,1886.3405986232115,1932.0133056640625,107621,0.0,0.0
GMMPFAUDLR.NS,2022-12-08 00:00:00+05:30,1932.0131933075024,1962.5280873933525,1907.8306190598962,1941.736083984375,114428,0.0,0.0
GMMPFAUDLR.NS,2022-12-09 00:00:00+05:30,1949.5642100582104,1993.44187002883,1905.6865500875908,1917.2542724609375,174955,0.0,0.0
GMMPFAUDLR.NS,2022-12-12 00:00:00+05:30,1924.6336671547292,1929.6197647380316,1877.7643498716866,1892.32373046875,80075,0.0,0.0
GMMPFAUDLR.NS,2022-12-13 00:00:00+05:30,1906.6837193822994,1934.6058659004502,1880.0080972622802,1902.7447509765625,67172,0.0,0.0
GMMPFAUDLR.NS,2022-12-14 00:00:00+05:30,1906.733675115035,1969.3589893515887,1906.6837654455449,1948.1182861328125,108339,0.0,0.0
GMMPFAUDLR.NS,2022-12-15 00:00:00+05:30,1948.1182696166088,1968.8603628882345,1904.0410931689664,1919.348388671875,50419,0.0,0.0
GMMPFAUDLR.NS,2022-12-16 00:00:00+05:30,1720.203661085009,1760.0924416319076,1571.7176511529985,1639.927490234375,12339801,0.0,0.0
GMMPFAUDLR.NS,2022-12-19 00:00:00+05:30,1639.9275446955487,1684.2539048579872,1612.504007158834,1632.548095703125,818503,0.0,0.0
GMMPFAUDLR.NS,2022-12-20 00:00:00+05:30,1640.4261911981182,1667.3012098934703,1624.4706780922397,1648.453857421875,346111,0.0,0.0
GMMPFAUDLR.NS,2022-12-21 00:00:00+05:30,1672.3371876294457,1678.2208073286456,1605.5234776883765,1617.4901123046875,333351,0.0,0.0
GMMPFAUDLR.NS,2022-12-22 00:00:00+05:30,1616.4929682464149,1642.3209801790135,1553.6681335767516,1567.0806884765625,368413,0.0,0.0
GMMPFAUDLR.NS,2022-12-23 00:00:00+05:30,1554.665193967088,1590.5650958162319,1480.8709512771813,1486.5550537109375,334337,0.0,0.0
GMMPFAUDLR.NS,2022-12-26 00:00:00+05:30,1495.2809228988237,1520.7599330931755,1482.8655872193785,1510.837646484375,159825,0.0,0.0
GMMPFAUDLR.NS,2022-12-27 00:00:00+05:30,1534.2223006323266,1534.7209104147876,1515.7737386812717,1524.2001953125,140033,0.0,0.0
GMMPFAUDLR.NS,2022-12-28 00:00:00+05:30,1523.7515964065824,1534.7210123493,1504.4554208898935,1529.884521484375,114792,0.0,0.0
GMMPFAUDLR.NS,2022-12-29 00:00:00+05:30,1531.7292217819029,1531.7292217819029,1493.6354838388022,1504.0064697265625,199844,0.0,0.0
GMMPFAUDLR.NS,2022-12-30 00:00:00+05:30,1507.7960065353438,1590.5652317618212,1507.7960065353438,1562.6929931640625,261015,0.0,0.0
GMMPFAUDLR.NS,2023-01-02 00:00:00+05:30,1565.335442473696,1594.4543256938302,1553.6680227028828,1575.008544921875,159650,0.0,0.0
GMMPFAUDLR.NS,2023-01-03 00:00:00+05:30,1582.5874054823335,1620.5316575638574,1578.0002199575501,1596.598388671875,254011,0.0,0.0
GMMPFAUDLR.NS,2023-01-04 00:00:00+05:30,1601.9334884288826,1615.1466472928614,1590.565161361996,1601.9832763671875,78283,0.0,0.0
GMMPFAUDLR.NS,2023-01-05 00:00:00+05:30,1608.9140711630262,1624.47067203709,1547.784463111626,1574.111083984375,118917,0.0,0.0
GMMPFAUDLR.NS,2023-01-06 00:00:00+05:30,1573.612369811236,1650.3982712532293,1571.4683235416767,1628.0107421875,205003,0.0,0.0
GMMPFAUDLR.NS,2023-01-09 00:00:00+05:30,1648.1046382859513,1659.1738722504836,1622.2767503177688,1638.4815673828125,103661,0.0,0.0
GMMPFAUDLR.NS,2023-01-10 00:00:00+05:30,1626.9637159261038,1646.7087119524135,1596.7479144954273,1603.1800537109375,59641,0.0,0.0
GMMPFAUDLR.NS,2023-01-11 00:00:00+05:30,1607.5178355166493,1614.4983720232353,1575.606811486542,1579.19677734375,67151,0.0,0.0
GMMPFAUDLR.NS,2023-01-12 00:00:00+05:30,1580.5928509269047,1594.2547088955564,1565.3353444306479,1572.565185546875,91317,0.0,0.0
GMMPFAUDLR.NS,2023-01-13 00:00:00+05:30,1574.609690774125,1599.5401798617456,1560.6486168850574,1565.485107421875,66817,0.0,0.0
GMMPFAUDLR.NS,2023-01-16 00:00:00+05:30,1573.3132868299351,1582.5874776407975,1551.6237609076368,1574.908935546875,46739,0.0,0.0
GMMPFAUDLR.NS,2023-01-17 00:00:00+05:30,1574.3104681881098,1594.5540739164333,1567.6291458390451,1591.3131103515625,40434,0.0,0.0
GMMPFAUDLR.NS,2023-01-18 00:00:00+05:30,1591.3130905888818,1602.5318104818004,1569.0252580811305,1577.2523193359375,45274,0.0,0.0
GMMPFAUDLR.NS,2023-01-19 00:00:00+05:30,1575.6069263744503,1575.6069263744503,1517.2695813156495,1531.7791748046875,152916,0.0,0.0
GMMPFAUDLR.NS,2023-01-20 00:00:00+05:30,1518.7652562833362,1561.6456935914014,1518.7652562833362,1542.44921875,55092,0.0,0.0
GMMPFAUDLR.NS,2023-01-23 00:00:00+05:30,1542.64879872006,1572.6652058155807,1541.502093574307,1564.537841796875,64073,0.0,0.0
GMMPFAUDLR.NS,2023-01-24 00:00:00+05:30,1555.6625161198417,1574.5099901805513,1545.2416203933235,1558.6541748046875,37363,0.0,0.0
GMMPFAUDLR.NS,2023-01-25 00:00:00+05:30,1560.0502795446316,1560.648586925068,1534.122571391244,1556.0614013671875,62491,0.0,0.0
GMMPFAUDLR.NS,2023-01-27 00:00:00+05:30,1553.6680027978239,1572.9143881102075,1516.3719686283848,1537.61279296875,129167,0.0,0.0
GMMPFAUDLR.NS,2023-01-30 00:00:00+05:30,1545.341293736634,1591.3130904590175,1539.7568886254617,1582.6373291015625,130368,0.0,0.0
GMMPFAUDLR.NS,2023-01-31 00:00:00+05:30,1595.5512383959822,1640.4261169758693,1575.9558504032518,1638.182373046875,134377,0.0,0.0
GMMPFAUDLR.NS,2023-02-01 00:00:00+05:30,1645.6613668549435,1655.2346490512944,1559.0029739102538,1603.279541015625,135275,0.0,0.0
GMMPFAUDLR.NS,2023-02-02 00:00:00+05:30,1596.6981297187083,1652.3928180384587,1567.6291550732994,1604.6259765625,115102,0.0,0.0
GMMPFAUDLR.NS,2023-02-03 00:00:00+05:30,1570.620765811217,1570.620765811217,1521.757008652646,1536.2666015625,223752,0.0,0.0
GMMPFAUDLR.NS,2023-02-06 00:00:00+05:30,1521.7569747957227,1549.4298162443342,1520.7098456161189,1536.166748046875,101592,0.0,0.0
GMMPFAUDLR.NS,2023-02-07 00:00:00+05:30,1536.3164669495836,1547.2360944342447,1527.8401004845607,1540.803955078125,50702,0.0,0.0
GMMPFAUDLR.NS,2023-02-08 00:00:00+05:30,1541.4021804732147,1599.540127826604,1540.7041754938298,1565.33544921875,69623,0.0,0.0
GMMPFAUDLR.NS,2023-02-09 00:00:00+05:30,1568.2772586559913,1591.9612215942534,1548.6818712893132,1553.66796875,52738,0.0,0.0
GMMPFAUDLR.NS,2023-02-10 00:00:00+05:30,1560.000474643264,1571.767714749362,1548.233356268075,1561.3966064453125,21278,0.0,0.0
GMMPFAUDLR.NS,2023-02-13 00:00:00+05:30,1569.2246893686045,1569.2246893686045,1528.7375992150266,1537.8621826171875,34456,0.0,0.0
GMMPFAUDLR.NS,2023-02-14 00:00:00+05:30,1526.8926831538763,1549.3301222180917,1526.8926831538763,1546.5877685546875,39862,0.0,0.0
GMMPFAUDLR.NS,2023-02-15 00:00:00+05:30,1540.654229292073,1561.1471388618584,1540.4548340829483,1554.8148193359375,49261,0.0,0.0
GMMPFAUDLR.NS,2023-02-16 00:00:00+05:30,1560.6485083604966,1560.6485083604966,1537.7124599948152,1542.5489501953125,56478,0.0,0.0
GMMPFAUDLR.NS,2023-02-17 00:00:00+05:30,1544.693075091973,1544.693075091973,1520.7598060137243,1527.3414306640625,30066,0.0,0.0
GMMPFAUDLR.NS,2023-02-20 00:00:00+05:30,1527.3413627128296,1527.3413627128296,1505.5022313043676,1519.9619140625,56012,0.0,0.0
GMMPFAUDLR.NS,2023-02-21 00:00:00+05:30,1524.74875841923,1580.6927532668476,1507.7960253301999,1571.3687744140625,90076,0.0,0.0
GMMPFAUDLR.NS,2023-02-22 00:00:00+05:30,1568.6762119767848,1575.5071413310586,1545.6902533872792,1558.4547119140625,58367,0.0,0.0
GMMPFAUDLR.NS,2023-02-23 00:00:00+05:30,1556.0113557495447,1559.6512311146284,1525.7457695686583,1553.8673095703125,36326,0.0,0.0
GMMPFAUDLR.NS,2023-02-24 00:00:00+05:30,1554.515655707486,1586.7756834828929,1548.2332456435227,1554.9644775390625,79488,0.0,0.0
GMMPFAUDLR.NS,2023-02-27 00:00:00+05:30,1560.648441222233,1575.6067329911364,1522.754102074345,1567.4793701171875,65421,0.0,0.0
GMMPFAUDLR.NS,2023-02-28 00:00:00+05:30,1574.609625389308,1651.5451358651806,1540.5047664259903,1627.761474609375,146066,0.0,0.0
GMMPFAUDLR.NS,2023-03-01 00:00:00+05:30,1611.5068519699519,1624.7200114926015,1565.6347509856587,1577.80078125,117544,0.0,0.0
GMMPFAUDLR.NS,2023-03-02 00:00:00+05:30,1577.6014042301758,1609.5124313701035,1565.6846787249724,1602.631591796875,56306,0.0,0.0
GMMPFAUDLR.NS,2023-03-03 00:00:00+05:30,1597.8447789523086,1610.1105051911866,1562.3935786898712,1567.13037109375,54875,0.0,0.0
GMMPFAUDLR.NS,2023-03-06 00:00:00+05:30,1581.1913059873,1581.1913059873,1550.676411874724,1552.1722412109375,57829,0.0,0.0
GMMPFAUDLR.NS,2023-03-08 00:00:00+05:30,1550.676394018883,1578.5985413066828,1546.4382109484134,1575.457275390625,30084,0.0,0.0
GMMPFAUDLR.NS,2023-03-09 00:00:00+05:30,1575.5569944646581,1582.587441052052,1547.2360563573338,1557.208251953125,50779,0.0,0.0
GMMPFAUDLR.NS,2023-03-10 00:00:00+05:30,1551.673506440374,1568.626237551869,1545.6901895774934,1563.2911376953125,29393,0.0,0.0
GMMPFAUDLR.NS,2023-03-13 00:00:00+05:30,1543.695831572583,1559.6014343747856,1523.50213610143,1533.3746337890625,48877,0.0,0.0
GMMPFAUDLR.NS,2023-03-14 00:00:00+05:30,1526.9924323263,1539.6072839501473,1494.8321019148564,1509.04248046875,42266,0.0,0.0
GMMPFAUDLR.NS,2023-03-15 00:00:00+05:30,1520.7597934327246,1530.7319887994965,1489.1479828124177,1498.22265625,29584,0.0,0.0
GMMPFAUDLR.NS,2023-03-16 00:00:00+05:30,1497.8237714851648,1499.8182105949986,1452.9988011840119,1493.635498046875,128165,0.0,0.0
GMMPFAUDLR.NS,2023-03-17 00:00:00+05:30,1501.114539527818,1524.4992877597222,1497.7239689324922,1520.610107421875,39760,0.0,0.0
GMMPFAUDLR.NS,2023-03-20 00:00:00+05:30,1525.6959026891261,1550.6762994857397,1491.9400474612908,1533.175048828125,95159,0.0,0.0
GMMPFAUDLR.NS,2023-03-21 00:00:00+05:30,1540.7042881768725,1547.6848254048582,1520.759896096913,1539.457763671875,36797,0.0,0.0
GMMPFAUDLR.NS,2023-03-22 00:00:00+05:30,1543.6959641749756,1552.4216358071017,1524.0507864498675,1537.712646484375,36220,0.0,0.0
GMMPFAUDLR.NS,2023-03-23 00:00:00+05:30,1535.7180549065529,1559.4519280838315,1515.773664583091,1521.1087646484375,20210,0.0,0.0
GMMPFAUDLR.NS,2023-03-24 00:00:00+05:30,1521.707055215131,1539.7069159757293,1490.8431602226135,1512.083984375,48212,0.0,0.0
GMMPFAUDLR.NS,2023-03-27 00:00:00+05:30,1524.7485501362112,1524.7485501362112,1476.7324089234153,1487.103515625,49241,0.0,0.0
GMMPFAUDLR.NS,2023-03-28 00:00:00+05:30,1494.582753926413,1494.582753926413,1440.0348949358533,1448.9599609375,65344,0.0,0.0
GMMPFAUDLR.NS,2023-03-29 00:00:00+05:30,1448.959954059865,1470.8987833711637,1411.6141319473088,1455.04296875,98516,0.0,0.0
GMMPFAUDLR.NS,2023-03-31 00:00:00+05:30,1456.9377304847374,1472.7935453269524,1432.0072422834244,1461.923828125,121992,0.0,0.0
GMMPFAUDLR.NS,2023-04-03 00:00:00+05:30,1461.9237875248366,1480.9208676990152,1453.9460315219726,1464.317138671875,37967,0.0,0.0
GMMPFAUDLR.NS,2023-04-05 00:00:00+05:30,1464.9154426467294,1490.843149596229,1456.4390769132392,1477.2310791015625,50323,0.0,0.0
GMMPFAUDLR.NS,2023-04-06 00:00:00+05:30,1483.8127441229233,1498.2724272411879,1473.6910633248576,1489.19775390625,36469,0.0,0.0
GMMPFAUDLR.NS,2023-04-10 00:00:00+05:30,1487.8515670364072,1489.9457037430261,1456.9377610188947,1460.57763671875,31541,0.0,0.0
GMMPFAUDLR.NS,2023-04-11 00:00:00+05:30,1465.9127293740587,1515.7237968941024,1465.9127293740587,1479.2255859375,66297,0.0,0.0
GMMPFAUDLR.NS,2023-04-12 00:00:00+05:30,1475.9845648546045,1486.5550672603529,1459.1315308756346,1469.0040283203125,43779,0.0,0.0
GMMPFAUDLR.NS,2023-04-13 00:00:00+05:30,1475.8848639027897,1514.7764245056335,1470.948676057095,1487.302978515625,77638,0.0,0.0
GMMPFAUDLR.NS,2023-04-17 00:00:00+05:30,1483.8127272253637,1515.6739637375213,1474.9375709351145,1505.3028564453125,53214,0.0,0.0
GMMPFAUDLR.NS,2023-04-18 00:00:00+05:30,1505.302829048975,1518.1669848921608,1493.834804846217,1495.530029296875,29511,0.0,0.0
GMMPFAUDLR.NS,2023-04-19 00:00:00+05:30,1503.4081151089708,1535.718051711947,1492.8875222737684,1516.0728759765625,60617,0.0,0.0
GMMPFAUDLR.NS,2023-04-20 00:00:00+05:30,1511.8347686228274,1523.3525815479386,1487.1535844149985,1490.4443359375,49082,0.0,0.0
GMMPFAUDLR.NS,2023-04-21 00:00:00+05:30,1514.1781347643298,1514.1781347643298,1465.8129883238132,1471.197998046875,59819,0.0,0.0
GMMPFAUDLR.NS,2023-04-24 00:00:00+05:30,1478.9264833797606,1481.818322653004,1460.3283146642605,1465.9127197265625,69654,0.0,0.0
GMMPFAUDLR.NS,2023-04-25 00:00:00+05:30,1460.4778914908934,1471.0483940189513,1448.3117403518172,1452.89892578125,39423,0.0,0.0
GMMPFAUDLR.NS,2023-04-26 00:00:00+05:30,1447.9627910755853,1495.6299344052832,1447.1649667407585,1474.239501953125,43264,0.0,0.0
GMMPFAUDLR.NS,2023-04-27 00:00:00+05:30,1474.2395095861239,1479.774126826748,1455.9405550384988,1460.9765625,30255,0.0,0.0
GMMPFAUDLR.NS,2023-04-28 00:00:00+05:30,1465.4141599918628,1491.2919591741445,1459.9294523498381,1476.832275390625,42930,0.0,0.0
GMMPFAUDLR.NS,2023-05-02 00:00:00+05:30,1485.8571478101226,1505.2032316647035,1468.8545055807392,1474.638427734375,54641,0.0,0.0
GMMPFAUDLR.NS,2023-05-03 00:00:00+05:30,1474.6383227463302,1492.0397541769976,1474.6383227463302,1489.048095703125,25676,0.0,0.0
GMMPFAUDLR.NS,2023-05-04 00:00:00+05:30,1485.8571365426799,1520.8097306282093,1485.8072268725825,1495.430419921875,66167,0.0,0.0
GMMPFAUDLR.NS,2023-05-05 00:00:00+05:30,1486.3557060635178,1510.7875844926061,1485.9070059684045,1488.8487548828125,27433,0.0,0.0
GMMPFAUDLR.NS,2023-05-08 00:00:00+05:30,1492.7877097243568,1498.1727194711514,1466.7603046342317,1474.08984375,39249,0.0,0.0
GMMPFAUDLR.NS,2023-05-09 00:00:00+05:30,1481.4195731391994,1494.8321275930193,1461.0762696716727,1467.109375,42606,0.0,0.0
GMMPFAUDLR.NS,2023-05-10 00:00:00+05:30,1477.8794333205246,1477.8794333205246,1456.9378219171974,1457.8851318359375,31178,0.0,0.0
GMMPFAUDLR.NS,2023-05-11 00:00:00+05:30,1457.9850609489195,1467.9073479304031,1447.9629546161314,1450.306396484375,48571,0.0,0.0
GMMPFAUDLR.NS,2023-05-12 00:00:00+05:30,1456.8877834138136,1456.8877834138136,1436.9933030322693,1438.838134765625,32162,0.0,0.0
GMMPFAUDLR.NS,2023-05-15 00:00:00+05:30,1437.990651869278,1446.018318278387,1428.0184559478546,1434.55029296875,43853,0.0,0.0
GMMPFAUDLR.NS,2023-05-16 00:00:00+05:30,1444.9711170878438,1454.893402843395,1431.059953162278,1436.4947509765625,46541,0.0,0.0
GMMPFAUDLR.NS,2023-05-17 00:00:00+05:30,1439.8853206831461,1477.8793608777503,1439.8853206831461,1474.189697265625,167506,0.0,0.0
GMMPFAUDLR.NS,2023-05-18 00:00:00+05:30,1487.8514841659528,1493.8348011264056,1461.3752579235907,1470.7491455078125,49695,0.0,0.0
GMMPFAUDLR.NS,2023-05-19 00:00:00+05:30,1469.9016379787952,1483.0150995973106,1458.7328275494726,1476.0843505859375,55518,0.0,0.0
GMMPFAUDLR.NS,2023-05-22 00:00:00+05:30,1477.8793777255312,1499.0203835593384,1470.7492335745344,1476.0345458984375,56924,0.0,0.0
GMMPFAUDLR.NS,2023-05-23 00:00:00+05:30,1476.832217813998,1504.8541840591313,1476.832217813998,1482.7657470703125,41410,0.0,0.0
GMMPFAUDLR.NS,2023-05-24 00:00:00+05:30,1483.8626977163285,1515.6740258643576,1478.5773853829078,1493.635498046875,54919,0.0,0.0
GMMPFAUDLR.NS,2023-05-25 00:00:00+05:30,1501.1145627012888,1507.7459749944828,1466.5608826649418,1469.7021484375,48168,0.0,0.0
GMMPFAUDLR.NS,2023-05-26 00:00:00+05:30,1516.7708845665586,1543.1972017532871,1430.461486722828,1443.9239501953125,468827,0.0,0.0
GMMPFAUDLR.NS,2023-05-29 00:00:00+05:30,1463.9182678296088,1463.9182678296088,1424.0793963586218,1431.408935546875,123436,0.0,0.0
GMMPFAUDLR.NS,2023-05-30 00:00:00+05:30,1431.9572958737867,1459.181436983469,1430.0127665363366,1451.403076171875,71194,0.0,0.0
GMMPFAUDLR.NS,2023-05-31 00:00:00+05:30,1455.9405479460465,1481.6688611158104,1446.3672645797053,1467.0595703125,209209,0.0,0.0
GMMPFAUDLR.NS,2023-06-01 00:00:00+05:30,1466.9099296247987,1473.8904663395324,1438.987782765863,1443.6248779296875,93095,0.0,0.0
GMMPFAUDLR.NS,2023-06-02 00:00:00+05:30,1458.084509844213,1462.6716951778144,1434.6996396337515,1445.270263671875,67606,0.0,0.0
GMMPFAUDLR.NS,2023-06-05 00:00:00+05:30,1455.8408408037833,1475.336409906311,1450.954440678,1453.7467041015625,72720,0.0,0.0
GMMPFAUDLR.NS,2023-06-06 00:00:00+05:30,1455.8407591927266,1470.8987491599821,1450.9543593408637,1454.9432373046875,86477,0.0,0.0
GMMPFAUDLR.NS,2023-06-07 00:00:00+05:30,1463.9182230981871,1485.6576568474532,1457.5859036319184,1461.076171875,116820,0.0,0.0
GMMPFAUDLR.NS,2023-06-08 00:00:00+05:30,1470.898717854888,1470.898717854888,1437.7411704862945,1443.7244873046875,64094,0.0,0.0
GMMPFAUDLR.NS,2023-06-09 00:00:00+05:30,1445.968325857108,1459.9293993481422,1436.4448306047925,1451.9017333984375,64179,0.0,0.0
GMMPFAUDLR.NS,2023-06-12 00:00:00+05:30,1455.940531647288,1459.1814951595165,1447.9627753094946,1450.854736328125,40118,0.0,0.0
GMMPFAUDLR.NS,2023-06-13 00:00:00+05:30,1458.1343282425469,1464.8157720412169,1447.9627378672437,1452.89892578125,51323,0.0,0.0
GMMPFAUDLR.NS,2023-06-14 00:00:00+05:30,1455.9405824343446,1467.9072173584625,1447.962825818266,1454.5943603515625,73139,0.0,0.0
GMMPFAUDLR.NS,2023-06-15 00:00:00+05:30,1458.9321255038549,1461.873874330455,1449.0098401915902,1452.1011962890625,99740,0.0,0.0
GMMPFAUDLR.NS,2023-06-16 00:00:00+05:30,1459.380839306224,1531.9784681320325,1451.0042928293897,1491.989990234375,308348,0.0,0.0
GMMPFAUDLR.NS,2023-06-19 00:00:00+05:30,1520.7597553415494,1520.7597553415494,1503.757113974716,1509.2418212890625,130149,0.0,0.0
GMMPFAUDLR.NS,2023-06-20 00:00:00+05:30,1505.8014894928313,1537.8122120424923,1498.422040628607,1527.9896240234375,98223,0.0,0.0
GMMPFAUDLR.NS,2023-06-21 00:00:00+05:30,1534.6212737910093,1565.4851718595253,1524.3000752300795,1530.4827880859375,96776,0.0,0.0
GMMPFAUDLR.NS,2023-06-22 00:00:00+05:30,1520.7596836656194,1543.5960337533995,1502.4108211689836,1509.391357421875,58508,0.0,0.0
GMMPFAUDLR.NS,2023-06-23 00:00:00+05:30,1509.3914356063644,1512.6823087026899,1465.9126890395348,1470.848876953125,62071,0.0,0.0
GMMPFAUDLR.NS,2023-06-26 00:00:00+05:30,1475.8848908393445,1495.8292812560924,1462.9709467368598,1491.6907958984375,55273,0.0,0.0
GMMPFAUDLR.NS,2023-06-27 00:00:00+05:30,1500.8153957539737,1510.7875910745981,1481.1702196647036,1498.920654296875,44235,0.0,0.0
GMMPFAUDLR.NS,2023-06-28 00:00:00+05:30,1512.732117357484,1512.732117357484,1490.0952827185993,1493.884765625,29283,0.0,0.0
GMMPFAUDLR.NS,2023-06-30 00:00:00+05:30,1496.826421952175,1519.7624697235942,1469.9014963074658,1476.3834228515625,100183,0.0,0.0
GMMPFAUDLR.NS,2023-07-03 00:00:00+05:30,1489.796030879266,1519.762525698421,1476.433386896294,1488.7490234375,116500,0.0,0.0
GMMPFAUDLR.NS,2023-07-04 00:00:00+05:30,1500.8152614907729,1505.3027489836024,1468.0067174747967,1471.2476806640625,72831,0.0,0.0
GMMPFAUDLR.NS,2023-07-05 00:00:00+05:30,1484.7601147671207,1490.8431292761827,1470.998437189137,1488.3001708984375,91262,0.0,0.0
GMMPFAUDLR.NS,2023-07-06 00:00:00+05:30,1489.7463724505037,1502.3113149602796,1476.8323056988925,1482.6661376953125,60383,0.0,0.0
GMMPFAUDLR.NS,2023-07-07 00:00:00+05:30,1487.7518753636402,1487.851572972753,1470.8988405729294,1477.8294677734375,39257,0.0,0.0
GMMPFAUDLR.NS,2023-07-10 00:00:00+05:30,1479.5247530330307,1494.6824409200806,1467.0595091354903,1469.751953125,57318,0.0,0.0
GMMPFAUDLR.NS,2023-07-11 00:00:00+05:30,1470.948793670275,1491.2919757659404,1470.948793670275,1485.857177734375,85772,0.0,0.0
GMMPFAUDLR.NS,2023-07-12 00:00:00+05:30,1485.857109892624,1495.729607653527,1472.8932559136952,1489.2476806640625,71467,0.0,0.0
GMMPFAUDLR.NS,2023-07-13 00:00:00+05:30,1494.8321133579743,1494.8321133579743,1474.8877222524643,1477.48046875,41996,0.0,0.0
GMMPFAUDLR.NS,2023-07-14 00:00:00+05:30,1484.909773050465,1491.1921829798962,1476.0842829250264,1481.2698974609375,46168,0.0,0.0
GMMPFAUDLR.NS,2023-07-17 00:00:00+05:30,1483.8625963113034,1492.8375716922185,1476.931969570621,1484.3612060546875,63039,0.0,0.0
GMMPFAUDLR.NS,2023-07-18 00:00:00+05:30,1487.5026224309463,1487.5026224309463,1466.9599232692362,1470.7991943359375,61192,0.0,0.0
GMMPFAUDLR.NS,2023-07-19 00:00:00+05:30,1471.8961263461554,1484.859981117497,1443.9739776078816,1456.838134765625,116408,0.0,0.0
GMMPFAUDLR.NS,2023-07-20 00:00:00+05:30,1459.031822924049,1468.9043202987125,1450.954369337832,1453.8961181640625,48815,0.0,0.0
GMMPFAUDLR.NS,2023-07-21 00:00:00+05:30,1455.9405549423757,1472.943197101701,1445.9683593605785,1457.386474609375,57164,0.0,0.0
GMMPFAUDLR.NS,2023-07-24 00:00:00+05:30,1470.8488872393257,1474.688279788855,1456.9876332497945,1462.621826171875,44773,0.0,0.0
GMMPFAUDLR.NS,2023-07-25 00:00:00+05:30,1465.8629155515366,1470.3504037920193,1411.0657467295616,1426.7220458984375,120376,0.0,0.0
GMMPFAUDLR.NS,2023-07-26 00:00:00+05:30,1435.7968143357564,1441.5308269781021,1426.0739233335178,1429.5142822265625,77590,0.0,0.0
GMMPFAUDLR.NS,2023-07-27 00:00:00+05:30,1435.996140151757,1470.8988241137788,1435.9462304823078,1467.0096435546875,85648,0.0,0.0
GMMPFAUDLR.NS,2023-07-28 00:00:00+05:30,1470.8488769841483,1487.302999004327,1435.0985816683037,1476.23388671875,133334,0.0,0.0
GMMPFAUDLR.NS,2023-07-31 00:00:00+05:30,1468.1565551628287,1479.026273142072,1450.3062999880415,1469.0540771484375,297263,0.0,0.0
GMMPFAUDLR.NS,2023-08-01 00:00:00+05:30,1469.9015226478803,1476.4333589747994,1441.0818551507355,1444.871337890625,97087,0.0,0.0
GMMPFAUDLR.NS,2023-08-02 00:00:00+05:30,1445.9683091914108,1450.9044971407734,1430.2121920264826,1441.0819091796875,60848,0.0,0.0
GMMPFAUDLR.NS,2023-08-03 00:00:00+05:30,1443.973886946255,1457.88505076971,1430.5613328903921,1448.311767578125,94364,0.0,0.0
GMMPFAUDLR.NS,2023-08-04 00:00:00+05:30,1455.9405178833392,1455.9405178833392,1437.9905662929966,1448.6607666015625,44111,0.0,0.0
GMMPFAUDLR.NS,2023-08-07 00:00:00+05:30,1450.954584053855,1455.9406822808442,1429.165359148095,1442.6776123046875,103744,0.0,0.0
GMMPFAUDLR.NS,2023-08-08 00:00:00+05:30,1446.915602054139,1463.9182434238667,1432.9545288879715,1457.18701171875,90019,0.0,0.0
GMMPFAUDLR.NS,2023-08-09 00:00:00+05:30,1463.9182880950327,1463.9182880950327,1440.9822386221542,1445.4697265625,59109,0.0,0.0
GMMPFAUDLR.NS,2023-08-10 00:00:00+05:30,1452.948746970133,1463.918160982948,1435.9960162230552,1445.818603515625,85094,0.0,0.0
GMMPFAUDLR.NS,2023-08-11 00:00:00+05:30,1475.8848677566477,1638.431647110927,1475.834958089027,1585.6787109375,3325189,0.0,0.0
GMMPFAUDLR.NS,2023-08-14 00:00:00+05:30,1585.0805944277538,1585.0805944277538,1507.1977660373475,1518.3665771484375,369424,0.0,0.0
GMMPFAUDLR.NS,2023-08-16 00:00:00+05:30,1514.7265525018456,1531.9285893500632,1491.8903227083517,1505.003662109375,204303,0.0,0.0
GMMPFAUDLR.NS,2023-08-17 00:00:00+05:30,1495.8294080742755,1568.6264392672235,1495.8294080742755,1517.9178466796875,340588,0.0,0.0
GMMPFAUDLR.NS,2023-08-18 00:00:00+05:30,1372.1741657760356,1539.1087506970052,1372.1741657760356,1504.9539794921875,3580700,0.0,0.0
GMMPFAUDLR.NS,2023-08-21 00:00:00+05:30,1500.7157254095534,1518.7653749216008,1467.9570875323757,1499.718505859375,482788,0.0,0.0
GMMPFAUDLR.NS,2023-08-22 00:00:00+05:30,1503.8071036749702,1541.7014471362759,1503.8071036749702,1529.585205078125,350267,0.0,0.0
GMMPFAUDLR.NS,2023-08-23 00:00:00+05:30,1538.510324833471,1563.640208056302,1515.2750613147648,1545.5406494140625,442918,0.0,0.0
GMMPFAUDLR.NS,2023-08-24 00:00:00+05:30,1553.667995876736,1577.6012641059028,1538.7596129013434,1552.6707763671875,321680,0.0,0.0
GMMPFAUDLR.NS,2023-08-25 00:00:00+05:30,1552.670833896059,1561.29680731944,1527.3913427385369,1552.122314453125,181462,0.0,0.0
GMMPFAUDLR.NS,2023-08-28 00:00:00+05:30,1559.6513267026123,1563.4905975020881,1536.7152777805152,1544.0947265625,162247,0.0,0.0
GMMPFAUDLR.NS,2023-08-29 00:00:00+05:30,1545.6913156753299,1552.8260675434271,1529.7254918852682,1541.200927734375,318508,86.577,0.0
GMMPFAUDLR.NS,2023-08-30 00:00:00+05:30,1552.676374268787,1577.622974112437,1544.6934623188188,1561.9066162109375,374277,0.0,0.0
GMMPFAUDLR.NS,2023-08-31 00:00:00+05:30,1566.6964699231405,1581.61448845636,1526.233034759623,1574.87890625,383263,0.0,0.0
GMMPFAUDLR.NS,2023-09-01 00:00:00+05:30,1577.6229952456672,1679.5048860099912,1575.377801229663,1666.7322998046875,1259326,0.0,0.0
GMMPFAUDLR.NS,2023-09-04 00:00:00+05:30,1682.3986161464422,1713.332398531104,1673.8668306681373,1707.34521484375,496572,0.0,0.0
GMMPFAUDLR.NS,2023-09-05 00:00:00+05:30,1718.8208330246262,1737.4808421106998,1680.6025910323813,1713.133056640625,361227,0.0,0.0
GMMPFAUDLR.NS,2023-09-06 00:00:00+05:30,1704.750798216706,1768.5143290462618,1696.9674106752336,1762.776611328125,421816,0.0,0.0
GMMPFAUDLR.NS,2023-09-07 00:00:00+05:30,1781.1873016233433,1807.1317665209383,1751.3013225132129,1781.03759765625,383856,0.0,0.0
GMMPFAUDLR.NS,2023-09-08 00:00:00+05:30,1791.0660583596125,1791.0660583596125,1743.8172238938523,1775.05029296875,332092,0.0,0.0
GMMPFAUDLR.NS,2023-09-11 00:00:00+05:30,1775.0503654708189,1805.1359896604065,1765.570657399081,1791.1658935546875,223137,0.0,0.0
GMMPFAUDLR.NS,2023-09-12 00:00:00+05:30,1796.155151708471,1799.1487436279851,1712.384519884561,1719.96826171875,298317,0.0,0.0
GMMPFAUDLR.NS,2023-09-13 00:00:00+05:30,1723.760068180182,1750.2534053371335,1676.4114714745635,1736.7322998046875,249775,0.0,0.0
GMMPFAUDLR.NS,2023-09-14 00:00:00+05:30,1747.2098363059704,1771.2584549730846,1742.170696439083,1761.5791015625,146269,0.0,0.0
GMMPFAUDLR.NS,2023-09-15 00:00:00+05:30,1790.816521105443,1860.9662820937988,1781.1871098471581,1835.520751953125,835550,0.0,0.0
GMMPFAUDLR.NS,2023-09-18 00:00:00+05:30,1829.9828396688563,1840.360649776554,1791.2656672011433,1806.2835693359375,144450,0.0,0.0
GMMPFAUDLR.NS,2023-09-20 00:00:00+05:30,1807.1317740948225,1833.774695204417,1794.5087696432888,1810.1253662109375,158487,0.0,0.0
GMMPFAUDLR.NS,2023-09-21 00:00:00+05:30,1800.1464941749782,1870.8950697769155,1780.6881479241954,1839.212890625,379628,0.0,0.0
GMMPFAUDLR.NS,2023-09-22 00:00:00+05:30,1831.0803226275407,1861.0162407086448,1803.6890063071553,1828.2862548828125,178781,0.0,0.0
GMMPFAUDLR.NS,2023-09-25 00:00:00+05:30,1828.2863113791304,1870.4960059016444,1819.7546475481142,1851.2371826171875,168057,0.0,0.0
GMMPFAUDLR.NS,2023-09-26 00:00:00+05:30,1860.4674086913974,1864.4090444131903,1828.1367138838252,1853.2828369140625,194909,0.0,0.0
GMMPFAUDLR.NS,2023-09-27 00:00:00+05:30,1852.9833806808317,1883.0191824959013,1835.9698737179142,1868.5999755859375,123061,0.0,0.0
GMMPFAUDLR.NS,2023-09-28 00:00:00+05:30,1870.9950429556445,1893.8959735575922,1838.065530199625,1862.4632568359375,455100,0.0,0.0
GMMPFAUDLR.NS,2023-09-29 00:00:00+05:30,1883.9171642119595,1883.9171642119595,1845.5493446991356,1859.419677734375,110750,0.0,0.0
GMMPFAUDLR.NS,2023-10-03 00:00:00+05:30,1860.9166578343675,1886.362190653043,1846.0484593940896,1855.228759765625,106472,0.0,0.0
GMMPFAUDLR.NS,2023-10-04 00:00:00+05:30,1847.0461795157712,1868.949244590093,1799.5478796502662,1811.821533203125,111541,0.0,0.0
GMMPFAUDLR.NS,2023-10-05 00:00:00+05:30,1814.0667723657139,1829.0846739773528,1799.1487545996547,1815.2642822265625,50878,0.0,0.0
GMMPFAUDLR.NS,2023-10-06 00:00:00+05:30,1816.1125347027057,1834.9222473073548,1773.30414345137,1812.1710205078125,145149,0.0,0.0
GMMPFAUDLR.NS,2023-10-09 00:00:00+05:30,1782.1851607758097,1811.572207788177,1757.2385599810755,1800.1966552734375,87311,0.0,0.0
GMMPFAUDLR.NS,2023-10-10 00:00:00+05:30,1800.1965567946604,1844.9507318102458,1779.1415294280491,1833.225830078125,157383,0.0,0.0
GMMPFAUDLR.NS,2023-10-11 00:00:00+05:30,1853.781770411965,1856.0269643204172,1836.219389089986,1845.2999267578125,155469,0.0,0.0
GMMPFAUDLR.NS,2023-10-12 00:00:00+05:30,1847.046209879766,1865.955683401872,1807.131651049301,1815.7132568359375,48536,0.0,0.0
GMMPFAUDLR.NS,2023-10-13 00:00:00+05:30,1796.1553001548853,1825.1432996951048,1773.5038348156518,1809.227294921875,123625,0.0,0.0
GMMPFAUDLR.NS,2023-10-16 00:00:00+05:30,1809.1773832461436,1816.1124893580507,1792.2136951587333,1809.92578125,123370,0.0,0.0
GMMPFAUDLR.NS,2023-10-17 00:00:00+05:30,1819.0062830239633,1829.034742989708,1751.2512940654435,1764.57275390625,171844,0.0,0.0
GMMPFAUDLR.NS,2023-10-18 00:00:00+05:30,1773.2042580682464,1798.799493020734,1747.3595571255976,1752.748046875,211827,0.0,0.0
GMMPFAUDLR.NS,2023-10-19 00:00:00+05:30,1756.7895558272148,1811.0732612743473,1753.247089818891,1796.2550048828125,101856,0.0,0.0
GMMPFAUDLR.NS,2023-10-20 00:00:00+05:30,1796.254915478417,1800.096667416923,1767.7160301800707,1785.77734375,34157,0.0,0.0
GMMPFAUDLR.NS,2023-10-23 00:00:00+05:30,1759.2842038082738,1786.9249883539717,1702.2562508776427,1722.9119873046875,237470,0.0,0.0
GMMPFAUDLR.NS,2023-10-25 00:00:00+05:30,1729.248325229052,1738.7280329832008,1687.4379221610384,1711.9853515625,316047,0.0,0.0
GMMPFAUDLR.NS,2023-10-26 00:00:00+05:30,1696.368784598889,1711.336744462997,1633.403591132456,1650.467041015625,166357,0.0,0.0
GMMPFAUDLR.NS,2023-10-27 00:00:00+05:30,1666.4327597360007,1780.9875873925755,1666.3329977051144,1728.998779296875,251481,0.0,0.0
GMMPFAUDLR.NS,2023-10-30 00:00:00+05:30,1747.3096167866463,1757.088609842379,1711.336574756713,1740.7735595703125,64502,0.0,0.0
GMMPFAUDLR.NS,2023-10-31 00:00:00+05:30,1746.2618891999384,1761.1300862184676,1722.313154719482,1731.3438720703125,40708,0.0,0.0
GMMPFAUDLR.NS,2023-11-01 00:00:00+05:30,1741.272643059613,1766.1693006076125,1697.3666279910613,1745.463623046875,77467,0.0,0.0
GMMPFAUDLR.NS,2023-11-02 00:00:00+05:30,1746.2120015527753,1771.2085426674864,1745.8627735259934,1766.668212890625,56233,0.0,0.0
GMMPFAUDLR.NS,2023-11-03 00:00:00+05:30,1775.5492265650682,1801.1444616984863,1753.6959813105252,1766.668212890625,56947,0.0,0.0
GMMPFAUDLR.NS,2023-11-06 00:00:00+05:30,1775.5492425772425,1783.4323923550771,1756.2405989900326,1763.4251708984375,131615,0.0,0.0
GMMPFAUDLR.NS,2023-11-07 00:00:00+05:30,1778.193551835192,1778.193551835192,1720.3174429651351,1725.3067626953125,75780,0.0,0.0
GMMPFAUDLR.NS,2023-11-08 00:00:00+05:30,1722.4129890231798,1760.6312281256924,1717.323907094459,1748.2576904296875,51392,0.0,0.0
GMMPFAUDLR.NS,2023-11-09 00:00:00+05:30,1751.2513286327398,1764.173618772612,1735.4850286311923,1746.511474609375,58442,0.0,0.0
GMMPFAUDLR.NS,2023-11-10 00:00:00+05:30,1756.2406008287503,1763.0759447143805,1677.4093465870053,1682.4486083984375,96799,0.0,0.0
GMMPFAUDLR.NS,2023-11-13 00:00:00+05:30,1715.3280546782923,1716.3758605035773,1666.4327232767587,1672.4698486328125,87682,0.0,0.0
GMMPFAUDLR.NS,2023-11-15 00:00:00+05:30,1708.3432483801282,1712.733874548628,1642.4842212813617,1646.17626953125,146633,0.0,0.0
GMMPFAUDLR.NS,2023-11-16 00:00:00+05:30,1665.2354690090676,1665.2354690090676,1605.5631539063706,1615.791259765625,129098,0.0,0.0
GMMPFAUDLR.NS,2023-11-17 00:00:00+05:30,1616.5396759651708,1622.227452027146,1595.584532017474,1603.367919921875,110836,0.0,0.0
GMMPFAUDLR.NS,2023-11-20 00:00:00+05:30,1613.5523041051035,1616.647584271786,1572.6144053004566,1578.5054931640625,133025,86.577,0.0
GMMPFAUDLR.NS,2023-11-21 00:00:00+05:30,1583.4480184667295,1603.2679289198306,1568.9699804295662,1584.3466796875,129798,0.0,0.0
GMMPFAUDLR.NS,2023-11-22 00:00:00+05:30,1592.5841902767368,1595.0304307176634,1529.0305710964456,1536.4693603515625,228189,0.0,0.0
GMMPFAUDLR.NS,2023-11-23 00:00:00+05:30,1547.6522206498175,1597.177067333529,1531.9760501367555,1549.0999755859375,224361,0.0,0.0
GMMPFAUDLR.NS,2023-11-24 00:00:00+05:30,1550.647818790333,1566.1243424163795,1528.8807884201756,1533.8233642578125,137921,0.0,0.0
GMMPFAUDLR.NS,2023-11-28 00:00:00+05:30,1552.894276741675,1553.193871088525,1509.7097871296658,1511.60693359375,175022,0.0,0.0
GMMPFAUDLR.NS,2023-11-29 00:00:00+05:30,1527.6826848652665,1536.669053599768,1509.8097715606725,1516.2999267578125,184740,0.0,0.0
GMMPFAUDLR.NS,2023-11-30 00:00:00+05:30,1522.6901847906197,1522.6901847906197,1485.7462262088145,1488.8914794921875,252033,0.0,0.0
GMMPFAUDLR.NS,2023-12-01 00:00:00+05:30,1490.7386726219888,1509.659921822399,1490.7386726219888,1496.6297607421875,247297,0.0,0.0
GMMPFAUDLR.NS,2023-12-04 00:00:00+05:30,1508.7113912875395,1523.9882661745335,1493.7341107651616,1498.227294921875,250864,0.0,0.0
GMMPFAUDLR.NS,2023-12-05 00:00:00+05:30,1507.6628587290036,1508.7113170681605,1488.242368027858,1495.28173828125,99396,0.0,0.0
GMMPFAUDLR.NS,2023-12-06 00:00:00+05:30,1494.782624154532,1504.7175051790823,1479.955018383478,1486.594970703125,156556,0.0,0.0
GMMPFAUDLR.NS,2023-12-07 00:00:00+05:30,1496.7294727311328,1502.9700058896183,1486.2453770248774,1494.383056640625,137523,0.0,0.0
GMMPFAUDLR.NS,2023-12-08 00:00:00+05:30,1501.8718018178788,1507.3134983597593,1484.3483347250562,1489.14111328125,95065,0.0,0.0
GMMPFAUDLR.NS,2023-12-11 00:00:00+05:30,1513.7038271490178,1514.6523395002525,1492.7356342927321,1497.428466796875,190975,0.0,0.0
GMMPFAUDLR.NS,2023-12-12 00:00:00+05:30,1512.2060827976545,1512.2060827976545,1465.8763375610056,1473.1153564453125,575083,0.0,0.0
GMMPFAUDLR.NS,2023-12-13 00:00:00+05:30,1479.7553424086123,1479.7553424086123,1462.8310638660028,1467.424072265625,166760,0.0,0.0
GMMPFAUDLR.NS,2023-12-14 00:00:00+05:30,1503.7190095431954,1507.3635056233563,1485.5466240518897,1488.841552734375,451417,0.0,0.0
GMMPFAUDLR.NS,2023-12-15 00:00:00+05:30,1498.7265017629593,1569.5191370494324,1496.8293552317452,1531.277099609375,636270,0.0,0.0
GMMPFAUDLR.NS,2023-12-18 00:00:00+05:30,1547.6523699703798,1556.5389144072947,1507.7129539711443,1512.905029296875,229445,0.0,0.0
GMMPFAUDLR.NS,2023-12-19 00:00:00+05:30,1528.631184190671,1552.5449828054686,1500.124498968894,1544.457275390625,325181,0.0,0.0
GMMPFAUDLR.NS,2023-12-20 00:00:00+05:30,1563.6280229049485,1648.0500061013968,1524.7370681519963,1556.6885986328125,1274692,0.0,0.0
GMMPFAUDLR.NS,2023-12-21 00:00:00+05:30,1542.7098074872085,1619.5931778780982,1539.714351497953,1606.6627197265625,552102,0.0,0.0
GMMPFAUDLR.NS,2023-12-22 00:00:00+05:30,1618.5447418102794,1634.9199258207304,1577.656815748203,1587.04248046875,195118,0.0,0.0
GMMPFAUDLR.NS,2023-12-26 00:00:00+05:30,1602.868585708997,1619.5432423476816,1582.6492573134726,1589.788330078125,195222,0.0,0.0
GMMPFAUDLR.NS,2023-12-27 00:00:00+05:30,1592.584159063485,1609.5584102886132,1571.5659933511436,1583.847412109375,123315,0.0,0.0
GMMPFAUDLR.NS,2023-12-28 00:00:00+05:30,1585.5448571769064,1660.8806544509243,1583.8974537596598,1637.1666259765625,462330,0.0,0.0
GMMPFAUDLR.NS,2023-12-29 00:00:00+05:30,1646.5022767298121,1646.5022767298121,1591.8352059893894,1609.45849609375,230612,0.0,0.0
GMMPFAUDLR.NS,2024-01-01 00:00:00+05:30,1609.5583671985364,1621.5401912719744,1586.6431774122527,1590.3375244140625,170413,0.0,0.0
GMMPFAUDLR.NS,2024-01-02 00:00:00+05:30,1597.5765785888034,1612.154440491342,1569.768785644826,1593.9820556640625,161512,0.0,0.0
GMMPFAUDLR.NS,2024-01-03 00:00:00+05:30,1583.5977776471557,1601.4207169087865,1552.1954618950163,1555.19091796875,236204,0.0,0.0
GMMPFAUDLR.NS,2024-01-04 00:00:00+05:30,1569.618934306114,1585.594699540782,1545.6552864541122,1551.2967529296875,184728,0.0,0.0
GMMPFAUDLR.NS,2024-01-05 00:00:00+05:30,1560.632585660071,1586.4933803305619,1558.6356149810433,1578.1060791015625,128396,0.0,0.0
GMMPFAUDLR.NS,2024-01-08 00:00:00+05:30,1572.6143937132413,1587.5417006327339,1548.6507458090396,1552.3450927734375,150660,0.0,0.0
GMMPFAUDLR.NS,2024-01-09 00:00:00+05:30,1563.3284979317484,1575.5599437367573,1555.6402093227684,1560.0335693359375,60273,0.0,0.0
GMMPFAUDLR.NS,2024-01-10 00:00:00+05:30,1560.033523148324,1563.4782488250075,1532.7249734141726,1535.6204833984375,97660,0.0,0.0
GMMPFAUDLR.NS,2024-01-11 00:00:00+05:30,1545.6553522410595,1551.396643116632,1516.5494793382475,1518.3468017578125,132365,0.0,0.0
GMMPFAUDLR.NS,2024-01-12 00:00:00+05:30,1525.9853065732007,1572.5645536158363,1522.6902559536877,1562.330078125,159365,0.0,0.0
GMMPFAUDLR.NS,2024-01-15 00:00:00+05:30,1565.6250334188862,1571.5659725147457,1537.5676193781953,1542.3104248046875,106066,0.0,0.0
GMMPFAUDLR.NS,2024-01-16 00:00:00+05:30,1546.6537570112432,1565.325383696787,1544.2573678718447,1560.7823486328125,81730,0.0,0.0
GMMPFAUDLR.NS,2024-01-17 00:00:00+05:30,1547.6523642022808,1556.4390844435345,1498.7265797855637,1509.3604736328125,177137,0.0,0.0
GMMPFAUDLR.NS,2024-01-18 00:00:00+05:30,1514.7022641996332,1534.6219980234375,1483.7492185897527,1505.765869140625,144136,0.0,0.0
GMMPFAUDLR.NS,2024-01-19 00:00:00+05:30,1522.690106964976,1532.6749601254019,1506.215099250273,1526.983642578125,142511,0.0,0.0
GMMPFAUDLR.NS,2024-01-23 00:00:00+05:30,1535.1712561919055,1542.6598964660125,1512.5555381870186,1523.7386474609375,118157,0.0,0.0
GMMPFAUDLR.NS,2024-01-24 00:00:00+05:30,1523.738635569033,1551.6962257075056,1507.1636810500308,1534.2725830078125,142616,0.0,0.0
GMMPFAUDLR.NS,2024-01-25 00:00:00+05:30,1527.6825623601505,1539.6643863786614,1517.398114656762,1533.923095703125,78072,0.0,0.0
GMMPFAUDLR.NS,2024-01-29 00:00:00+05:30,1531.9261651219624,1550.0985499380859,1526.5842928176696,1542.56005859375,216403,0.0,0.0
GMMPFAUDLR.NS,2024-01-30 00:00:00+05:30,1548.6508018758927,1551.5962849499217,1522.6901823731375,1527.0335693359375,90685,0.0,0.0
GMMPFAUDLR.NS,2024-01-31 00:00:00+05:30,1546.6538651837548,1559.0849595035284,1531.1273686545,1549.7491455078125,89651,0.0,0.0
GMMPFAUDLR.NS,2024-02-01 00:00:00+05:30,1555.1409674484933,1563.328498747665,1510.7583414013227,1553.1939697265625,80606,0.0,0.0
GMMPFAUDLR.NS,2024-02-02 00:00:00+05:30,1457.7885683815703,1524.1878422153884,1456.790083060761,1510.0093994140625,798346,0.0,0.0
GMMPFAUDLR.NS,2024-02-05 00:00:00+05:30,1518.6962711100591,1522.5404154665537,1477.558721988006,1491.886962890625,251427,0.0,0.0
GMMPFAUDLR.NS,2024-02-06 00:00:00+05:30,1499.3755997553606,1521.6917236882714,1482.7507937513667,1490.8385009765625,311979,0.0,0.0
GMMPFAUDLR.NS,2024-02-07 00:00:00+05:30,1492.7356266411903,1503.369520198026,1471.3181642305067,1479.15625,104080,0.0,0.0
GMMPFAUDLR.NS,2024-02-08 00:00:00+05:30,1479.7053712190136,1492.4360599093595,1417.8492502189142,1425.337890625,177388,0.0,0.0
GMMPFAUDLR.NS,2024-02-09 00:00:00+05:30,1424.8885602896596,1450.9490034162209,1377.909776054784,1385.9476318359375,205468,0.0,0.0
GMMPFAUDLR.NS,2024-02-12 00:00:00+05:30,1390.9899781503896,1403.920437135302,1341.964369676926,1362.33349609375,186658,0.0,0.0
GMMPFAUDLR.NS,2024-02-13 00:00:00+05:30,1366.0777749413103,1377.8598291035987,1332.9779607522873,1372.767578125,146830,0.0,0.0
GMMPFAUDLR.NS,2024-02-14 00:00:00+05:30,1348.1050382492847,1365.0293164107436,1344.360718135208,1349.7525634765625,107211,0.0,0.0
GMMPFAUDLR.NS,2024-02-15 00:00:00+05:30,1356.9416578469597,1391.8886468275657,1349.3531931882558,1385.99755859375,115596,0.0,0.0
GMMPFAUDLR.NS,2024-02-16 00:00:00+05:30,1391.8886341139935,1407.0655632927744,1377.2109476303756,1380.3560791015625,88850,0.0,0.0
GMMPFAUDLR.NS,2024-02-19 00:00:00+05:30,1393.8855274855339,1396.3817408227214,1364.7796555968437,1369.5224609375,129838,0.0,0.0
GMMPFAUDLR.NS,2024-02-20 00:00:00+05:30,1368.9234067134903,1376.7116411513666,1352.8976681870754,1357.5406494140625,163984,0.0,0.0
GMMPFAUDLR.NS,2024-02-21 00:00:00+05:30,1357.840202352057,1362.832628920095,1342.9627468022209,1350.3515625,120339,0.0,0.0
GMMPFAUDLR.NS,2024-02-22 00:00:00+05:30,1357.8403307897827,1363.0823791820665,1341.2654973931708,1348.5045166015625,107327,0.0,0.0
GMMPFAUDLR.NS,2024-02-23 00:00:00+05:30,1360.9355342411725,1360.9355342411725,1339.518072203357,1343.0626220703125,87731,0.0,0.0
GMMPFAUDLR.NS,2024-02-26 00:00:00+05:30,1343.9612414162716,1352.9476093009273,1334.974873531616,1342.713134765625,101693,0.0,0.0
GMMPFAUDLR.NS,2024-02-27 00:00:00+05:30,1347.8553549535307,1347.8553549535307,1335.973355293938,1341.6646728515625,120926,0.0,0.0
GMMPFAUDLR.NS,2024-02-28 00:00:00+05:30,1341.9143146665729,1350.0519945084272,1328.9839783570849,1330.3319091796875,104052,0.0,0.0
GMMPFAUDLR.NS,2024-02-29 00:00:00+05:30,1330.331960759027,1334.6753477493326,1292.7889351559124,1300.0279541015625,184117,0.0,0.0
GMMPFAUDLR.NS,2024-03-01 00:00:00+05:30,1307.965797176555,1334.4756311969224,1297.581647348974,1323.64208984375,146101,0.0,0.0
GMMPFAUDLR.NS,2024-03-04 00:00:00+05:30,1330.6315103790164,1349.9521772968244,1313.0082197820445,1344.66015625,190090,0.0,0.0
GMMPFAUDLR.NS,2024-03-05 00:00:00+05:30,1346.9567849972436,1353.8463585340621,1325.9885919024016,1349.8524169921875,137579,0.0,0.0
GMMPFAUDLR.NS,2024-03-06 00:00:00+05:30,1346.0081526247182,1346.0081526247182,1310.8115459250876,1327.8856201171875,168728,0.0,0.0
GMMPFAUDLR.NS,2024-03-07 00:00:00+05:30,1327.8856759452808,1329.6330252875205,1297.431873123392,1307.9658203125,283381,0.0,0.0
GMMPFAUDLR.NS,2024-03-11 00:00:00+05:30,1311.3109098081331,1318.0007131586326,1238.1218820581093,1253.4486083984375,250861,0.0,0.0
GMMPFAUDLR.NS,2024-03-12 00:00:00+05:30,1255.0460406471316,1297.4318144785536,1253.0990430793802,1269.6240234375,273267,0.0,0.0
GMMPFAUDLR.NS,2024-03-13 00:00:00+05:30,1278.061260697722,1297.3819280350917,1261.0870095790804,1268.875244140625,212522,0.0,0.0
GMMPFAUDLR.NS,2024-03-14 00:00:00+05:30,1268.0764127586406,1295.9840299388063,1226.1400274548116,1231.781494140625,390042,0.0,0.0
GMMPFAUDLR.NS,2024-03-15 00:00:00+05:30,1231.8313259709678,1260.6875769262767,1231.8313259709678,1247.0582275390625,159349,0.0,0.0
GMMPFAUDLR.NS,2024-03-18 00:00:00+05:30,1256.0945950437476,1261.0870218920934,1208.1672972996303,1228.4864501953125,342033,0.0,0.0
GMMPFAUDLR.NS,2024-03-19 00:00:00+05:30,1228.1370361710265,1237.8722687748211,1213.1597552421115,1220.2989501953125,158999,0.0,0.0
GMMPFAUDLR.NS,2024-03-20 00:00:00+05:30,1224.6422886405455,1243.1142677191026,1210.1642509843794,1223.244384765625,198325,0.0,0.0
GMMPFAUDLR.NS,2024-03-21 00:00:00+05:30,1226.1400202157952,1242.0159617927416,1221.397214763006,1224.2928466796875,240716,0.0,0.0
GMMPFAUDLR.NS,2024-03-22 00:00:00+05:30,1227.138501452076,1267.0779156571884,1223.1445600315649,1247.707275390625,269742,0.0,0.0
GMMPFAUDLR.NS,2024-03-26 00:00:00+05:30,1247.7072960273035,1258.0915682694692,1203.7739396750364,1207.9676513671875,297669,0.0,0.0
GMMPFAUDLR.NS,2024-03-27 00:00:00+05:30,1208.816319506556,1233.1294135257078,1207.9676313318207,1212.4608154296875,315557,0.0,0.0
GMMPFAUDLR.NS,2024-03-28 00:00:00+05:30,1215.8057184202326,1255.046119789778,1215.8057184202326,1234.028076171875,250421,0.0,0.0
GMMPFAUDLR.NS,2024-04-01 00:00:00+05:30,1249.1052052346315,1297.4319218046464,1248.1067198587446,1292.7889404296875,144940,0.0,0.0
GMMPFAUDLR.NS,2024-04-02 00:00:00+05:30,1288.0461153060824,1326.9870443734756,1279.1097200819638,1320.2972412109375,140794,0.0,0.0
GMMPFAUDLR.NS,2024-04-03 00:00:00+05:30,1320.2971958262024,1331.97942539068,1306.9673192106993,1318.8992919921875,143872,0.0,0.0
GMMPFAUDLR.NS,2024-04-04 00:00:00+05:30,1331.180674743579,1383.9007521511246,1317.900892172373,1378.9083251953125,282634,0.0,0.0
GMMPFAUDLR.NS,2024-04-05 00:00:00+05:30,1378.9083146033438,1384.499808373818,1353.496910347625,1370.3712158203125,160885,0.0,0.0
GMMPFAUDLR.NS,2024-04-08 00:00:00+05:30,1383.9007147505451,1383.9007147505451,1338.0203610207398,1342.912841796875,76097,0.0,0.0
GMMPFAUDLR.NS,2024-04-09 00:00:00+05:30,1347.9553244657593,1357.640584339231,1331.0310452571937,1339.6678466796875,72656,0.0,0.0
GMMPFAUDLR.NS,2024-04-10 00:00:00+05:30,1347.95516461024,1442.3120261329566,1345.0096817084052,1420.594970703125,513233,0.0,0.0
GMMPFAUDLR.NS,2024-04-12 00:00:00+05:30,1420.744885042682,1432.1774939978534,1397.8795452469155,1410.2108154296875,251045,0.0,0.0
GMMPFAUDLR.NS,2024-04-15 00:00:00+05:30,1397.8795281983641,1410.2107982307439,1370.171558978718,1404.96875,188609,0.0,0.0
GMMPFAUDLR.NS,2024-04-16 00:00:00+05:30,1392.837020644964,1426.8354938681355,1387.8945671635468,1403.7705078125,99631,0.0,0.0
GMMPFAUDLR.NS,2024-04-18 00:00:00+05:30,1403.77060137993,1425.8371036062765,1400.8749694394999,1419.84619140625,77040,0.0,0.0
GMMPFAUDLR.NS,2024-04-19 00:00:00+05:30,1397.8795620128792,1429.0822308078095,1389.891678801377,1410.06103515625,86365,0.0,0.0
GMMPFAUDLR.NS,2024-04-22 00:00:00+05:30,1431.728146415209,1431.728146415209,1409.9112662197747,1423.840087890625,131526,0.0,0.0
GMMPFAUDLR.NS,2024-04-23 00:00:00+05:30,1428.8325916086471,1430.5799410393354,1413.9052837977924,1422.4422607421875,53818,0.0,0.0
GMMPFAUDLR.NS,2024-04-24 00:00:00+05:30,1426.8355936458374,1453.6948744743374,1422.4422336410125,1442.4619140625,97475,0.0,0.0
GMMPFAUDLR.NS,2024-04-25 00:00:00+05:30,1443.460436398007,1447.7039993289302,1424.9384835571027,1432.4271240234375,50571,0.0,0.0
GMMPFAUDLR.NS,2024-04-26 00:00:00+05:30,1429.8310776703684,1445.6071955776047,1424.9884479086952,1438.6177978515625,66171,0.0,0.0
GMMPFAUDLR.NS,2024-04-29 00:00:00+05:30,1441.812856506603,1441.812856506603,1415.9022102286751,1431.8280029296875,65589,0.0,0.0
GMMPFAUDLR.NS,2024-04-30 00:00:00+05:30,1441.812816363249,1447.6539311660308,1422.8415950953117,1428.5828857421875,49598,0.0,0.0
GMMPFAUDLR.NS,2024-05-02 00:00:00+05:30,1428.5829556615993,1433.6752067161933,1412.057973888944,1425.0882568359375,62585,0.0,0.0
GMMPFAUDLR.NS,2024-05-03 00:00:00+05:30,1425.0882154711585,1425.0882154711585,1390.1912012505725,1400.27587890625,134062,0.0,0.0
GMMPFAUDLR.NS,2024-05-06 00:00:00+05:30,1407.8643577203402,1407.8643577203402,1367.874970294754,1380.006591796875,91058,0.0,0.0
GMMPFAUDLR.NS,2024-05-07 00:00:00+05:30,1391.8885358589025,1406.8658156565234,1341.9642698668329,1356.392333984375,76970,0.0,0.0
GMMPFAUDLR.NS,2024-05-08 00:00:00+05:30,1356.2925679875823,1359.0384027348882,1340.7162207072226,1345.8084716796875,40987,0.0,0.0
GMMPFAUDLR.NS,2024-05-09 00:00:00+05:30,1337.9703835558444,1355.9431200513704,1321.195780739185,1343.312255859375,73350,0.0,0.0
GMMPFAUDLR.NS,2024-05-10 00:00:00+05:30,1347.75569692111,1357.8902266382029,1323.5424249785642,1329.782958984375,45214,0.0,0.0
GMMPFAUDLR.NS,2024-05-13 00:00:00+05:30,1334.7253272653616,1346.8569489690024,1322.2442600569702,1337.371337890625,59689,0.0,0.0
GMMPFAUDLR.NS,2024-05-14 00:00:00+05:30,1347.9551672481414,1355.6434553738356,1331.979402302978,1346.806884765625,39317,0.0,0.0
GMMPFAUDLR.NS,2024-05-15 00:00:00+05:30,1346.8069040874473,1396.6813191223946,1346.3076614257486,1380.4559326171875,98968,0.0,0.0
GMMPFAUDLR.NS,2024-05-16 00:00:00+05:30,1349.6526442385211,1410.859847006489,1349.6526442385211,1398.7781982421875,75054,0.0,0.0
GMMPFAUDLR.NS,2024-05-17 00:00:00+05:30,1398.7780945798113,1406.3165855359573,1383.2017481273112,1402.572265625,48865,0.0,0.0
GMMPFAUDLR.NS,2024-05-21 00:00:00+05:30,1393.7856764237092,1409.8612656277933,1373.915794266178,1396.3817138671875,74325,0.0,0.0
GMMPFAUDLR.NS,2024-05-22 00:00:00+05:30,1401.8734788084798,1417.8492449487476,1385.8977126682123,1404.1700439453125,53548,0.0,0.0
GMMPFAUDLR.NS,2024-05-23 00:00:00+05:30,1354.994645801748,1375.4635962748148,1318.0506864113347,1321.046142578125,1063672,0.0,0.0
GMMPFAUDLR.NS,2024-05-24 00:00:00+05:30,1318.0007163265007,1319.9976871088136,1273.1188467481882,1277.5120849609375,357416,0.0,0.0
GMMPFAUDLR.NS,2024-05-27 00:00:00+05:30,1277.7616232217167,1306.4680763508147,1269.0748496376866,1282.2049560546875,108490,0.0,0.0
GMMPFAUDLR.NS,2024-05-28 00:00:00+05:30,1303.0234306620102,1306.0188868244516,1269.0749274876744,1272.5196533203125,81467,0.0,0.0
GMMPFAUDLR.NS,2024-05-29 00:00:00+05:30,1278.0612445844822,1286.498397015267,1264.1822738794888,1267.5771484375,74538,0.0,0.0
GMMPFAUDLR.NS,2024-05-30 00:00:00+05:30,1267.0779845556133,1273.5181666922101,1243.0643617048609,1247.1082763671875,67797,0.0,0.0
GMMPFAUDLR.NS,2024-05-31 00:00:00+05:30,1258.0916063695452,1260.1884013364092,1227.1385589112467,1231.7315673828125,204338,0.0,0.0
GMMPFAUDLR.NS,2024-06-03 00:00:00+05:30,1266.0794868726439,1266.5787295725147,1209.4654134614518,1213.0599365234375,344311,0.0,0.0
GMMPFAUDLR.NS,2024-06-04 00:00:00+05:30,1215.156717127165,1220.149144066882,1166.9298241353274,1192.6907958984375,213519,0.0,0.0
GMMPFAUDLR.NS,2024-06-05 00:00:00+05:30,1212.6604738094084,1212.6604738094084,1141.3685944879094,1192.5909423828125,350971,0.0,0.0
GMMPFAUDLR.NS,2024-06-06 00:00:00+05:30,1212.1612715506403,1256.0446559798731,1207.218817591321,1245.8101806640625,145892,0.0,0.0
GMMPFAUDLR.NS,2024-06-07 00:00:00+05:30,1245.8100951698327,1293.0384999451621,1239.8191832009747,1272.4697265625,493679,0.0,0.0
GMMPFAUDLR.NS,2024-06-10 00:00:00+05:30,1286.3986406860902,1298.0310199729327,1263.2338281607433,1273.8177490234375,121015,0.0,0.0
GMMPFAUDLR.NS,2024-06-11 00:00:00+05:30,1283.0535791798618,1288.1458297084744,1274.0672116992246,1278.4605712890625,90715,0.0,0.0
GMMPFAUDLR.NS,2024-06-12 00:00:00+05:30,1285.0507210658343,1340.516634276265,1283.3533446251238,1336.2730712890625,285252,0.0,0.0
GMMPFAUDLR.NS,2024-06-13 00:00:00+05:30,1344.9598648954413,1351.9492628570363,1327.0371003052376,1338.6195068359375,212600,0.0,0.0
GMMPFAUDLR.NS,2024-06-14 00:00:00+05:30,1346.9567614309144,1381.8537762883177,1337.9703931189215,1353.297119140625,170336,0.0,0.0
GMMPFAUDLR.NS,2024-06-18 00:00:00+05:30,1353.9461458333146,1370.4211542450032,1344.660183247104,1359.8870849609375,130140,0.0,0.0
GMMPFAUDLR.NS,2024-06-19 00:00:00+05:30,1365.3289884779826,1367.3758104589149,1329.8827560473976,1348.354736328125,114033,0.0,0.0
GMMPFAUDLR.NS,2024-06-20 00:00:00+05:30,1348.3545894928964,1348.3545894928964,1318.9990969475637,1328.7843017578125,140270,0.0,0.0
GMMPFAUDLR.NS,2024-06-21 00:00:00+05:30,1328.9839228722947,1355.3439589427117,1309.0142170440108,1312.1094970703125,102799,0.0,0.0
GMMPFAUDLR.NS,2024-06-24 00:00:00+05:30,1324.9900276070596,1347.8553659496301,1312.1095425245273,1325.7388916015625,108944,0.0,0.0
GMMPFAUDLR.NS,2024-06-25 00:00:00+05:30,1329.9824816832613,1340.9158474744631,1316.0536598522324,1328.734375,78371,0.0,0.0
GMMPFAUDLR.NS,2024-06-26 00:00:00+05:30,1332.6285524801867,1347.8554547044196,1322.993144072686,1332.878173828125,77129,0.0,0.0
GMMPFAUDLR.NS,2024-06-27 00:00:00+05:30,1333.0279028268565,1341.3652310444375,1313.0082229920874,1315.8538818359375,62345,0.0,0.0
GMMPFAUDLR.NS,2024-06-28 00:00:00+05:30,1315.254797050292,1325.9885143160277,1311.0612074308683,1317.451416015625,120539,0.0,0.0
GMMPFAUDLR.NS,2024-07-01 00:00:00+05:30,1318.0006868810158,1384.4499369321022,1315.0052307744681,1374.8643798828125,194434,0.0,0.0
GMMPFAUDLR.NS,2024-07-02 00:00:00+05:30,1386.896110283374,1402.871875412628,1376.961230097785,1398.478515625,170517,0.0,0.0
GMMPFAUDLR.NS,2024-07-03 00:00:00+05:30,1404.868818807686,1416.3513997716436,1397.4301520678089,1407.7144775390625,96411,0.0,0.0
GMMPFAUDLR.NS,2024-07-04 00:00:00+05:30,1410.9098087346945,1410.9098087346945,1397.8795258290477,1402.4725341796875,136449,0.0,0.0
GMMPFAUDLR.NS,2024-07-05 00:00:00+05:30,1397.8795049097264,1437.7190951767377,1388.8931366638783,1408.41357421875,151691,0.0,0.0
GMMPFAUDLR.NS,2024-07-08 00:00:00+05:30,1406.8658971588338,1408.363625225362,1385.5981098599646,1392.7373046875,86338,0.0,0.0
GMMPFAUDLR.NS,2024-07-09 00:00:00+05:30,1392.7373422831906,1412.856847563745,1387.894712447778,1404.2698974609375,77547,0.0,0.0
GMMPFAUDLR.NS,2024-07-10 00:00:00+05:30,1412.756978122182,1417.7992561227497,1382.5527955998914,1408.2637939453125,101337,0.0,0.0
GMMPFAUDLR.NS,2024-07-11 00:00:00+05:30,1417.8991234747627,1428.832488944174,1400.2258602286909,1417.948974609375,208276,0.0,0.0
GMMPFAUDLR.NS,2024-07-12 00:00:00+05:30,1427.8341361747096,1465.9762300791922,1413.156449403168,1454.89306640625,239057,0.0,0.0
GMMPFAUDLR.NS,2024-07-15 00:00:00+05:30,1456.690264738545,1485.4965419821542,1427.3347718121254,1457.78857421875,154449,0.0,0.0
GMMPFAUDLR.NS,2024-07-16 00:00:00+05:30,1457.7885791763465,1472.7658590993913,1429.7810169660866,1450.549560546875,147397,0.0,0.0
GMMPFAUDLR.NS,2024-07-18 00:00:00+05:30,1438.1683730765337,1448.7522935829907,1418.8477056143236,1432.07763671875,104353,0.0,0.0
GMMPFAUDLR.NS,2024-07-19 00:00:00+05:30,1432.0775995735078,1432.0775995735078,1390.091242252448,1406.8658447265625,134055,0.0,0.0
GMMPFAUDLR.NS,2024-07-22 00:00:00+05:30,1378.9082606245152,1411.8083039685216,1372.91734855808,1405.0186767578125,156232,0.0,0.0
GMMPFAUDLR.NS,2024-07-23 00:00:00+05:30,1400.874986696189,1417.8492381386945,1346.407560519157,1407.4649658203125,228981,0.0,0.0
GMMPFAUDLR.NS,2024-07-24 00:00:00+05:30,1407.4649969606612,1446.8053461396098,1404.8189862707604,1433.076171875,92396,0.0,0.0
GMMPFAUDLR.NS,2024-07-25 00:00:00+05:30,1431.8280665746229,1471.7175096333233,1418.8477563476563,1447.8038330078125,102385,0.0,0.0
GMMPFAUDLR.NS,2024-07-26 00:00:00+05:30,1455.4423025255953,1471.3182451426983,1434.57393278899,1455.791748046875,133091,0.0,0.0
GMMPFAUDLR.NS,2024-07-29 00:00:00+05:30,1455.7915917413602,1481.0533190079104,1447.953506382387,1462.9307861328125,175278,0.0,0.0
GMMPFAUDLR.NS,2024-07-30 00:00:00+05:30,1462.9307810583455,1467.27416779382,1443.8597359527048,1457.9383544921875,64536,0.0,0.0
GMMPFAUDLR.NS,2024-07-31 00:00:00+05:30,1459.6358730735433,1470.1699429092912,1438.8174766401173,1442.66162109375,71681,0.0,0.0
GMMPFAUDLR.NS,2024-08-01 00:00:00+05:30,1438.8173960845027,1464.7280422841122,1435.8719130423835,1449.8507080078125,80757,0.0,0.0
GMMPFAUDLR.NS,2024-08-02 00:00:00+05:30,1438.8098333606872,1458.1438161025872,1428.8180984067935,1449.900634765625,44702,86.577,0.0
GMMPFAUDLR.NS,2024-08-05 00:00:00+05:30,1398.8428442028985,1425.5207268010015,1373.064120143393,1378.859375,143817,0.0,0.0
GMMPFAUDLR.NS,2024-08-06 00:00:00+05:30,1378.8594349567195,1411.6323746623002,1378.8094274937712,1399.59228515625,131760,0.0,0.0
GMMPFAUDLR.NS,2024-08-07 00:00:00+05:30,1418.7763012863813,1423.8221760313113,1386.2032709864955,1400.8411865234375,62837,0.0,0.0
GMMPFAUDLR.NS,2024-08-08 00:00:00+05:30,1358.8758981705366,1382.8560610794286,1328.900694534422,1352.73095703125,330987,0.0,0.0
GMMPFAUDLR.NS,2024-08-09 00:00:00+05:30,1355.8784128309505,1365.6703617261192,1331.3486551006627,1339.491943359375,158191,0.0,0.0
GMMPFAUDLR.NS,2024-08-12 00:00:00+05:30,1362.8725643694952,1362.8725643694952,1321.9064535636671,1325.103759765625,97300,0.0,0.0
GMMPFAUDLR.NS,2024-08-13 00:00:00+05:30,1327.9014900124976,1327.9014900124976,1286.036098852984,1292.930419921875,108375,0.0,0.0
GMMPFAUDLR.NS,2024-08-14 00:00:00+05:30,1286.9354213251916,1297.9263294265713,1267.9511255137174,1270.6988525390625,70071,0.0,0.0
GMMPFAUDLR.NS,2024-08-16 00:00:00+05:30,1297.7264802188006,1297.7264802188006,1264.5039641693072,1284.93701171875,62150,0.0,0.0
GMMPFAUDLR.NS,2024-08-19 00:00:00+05:30,1274.4457903815394,1323.9048782873695,1273.9962110974363,1299.225341796875,413889,0.0,0.0
GMMPFAUDLR.NS,2024-08-20 00:00:00+05:30,1309.316928878115,1321.9064901042725,1293.7298472662337,1312.0146484375,203481,0.0,0.0
GMMPFAUDLR.NS,2024-08-21 00:00:00+05:30,1314.962288033614,1331.8982294857447,1310.5158929305746,1325.15380859375,64684,0.0,0.0
GMMPFAUDLR.NS,2024-08-22 00:00:00+05:30,1326.9023127160096,1397.84362612176,1326.9023127160096,1375.4122314453125,279734,0.0,0.0
GMMPFAUDLR.NS,2024-08-23 00:00:00+05:30,1368.8676179760184,1376.8610055262432,1352.2813632031846,1370.716064453125,85417,0.0,0.0
GMMPFAUDLR.NS,2024-08-26 00:00:00+05:30,1385.0542477140912,1385.0542477140912,1354.579456166474,1372.8643798828125,70215,0.0,0.0
GMMPFAUDLR.NS,2024-08-27 00:00:00+05:30,1372.8642893045323,1372.8642893045323,1352.1314406851227,1356.22802734375,91650,0.0,0.0
GMMPFAUDLR.NS,2024-08-28 00:00:00+05:30,1400.8912314969161,1528.7354299383026,1378.8594073953318,1400.5914306640625,6564312,0.0,0.0
GMMPFAUDLR.NS,2024-08-29 00:00:00+05:30,1408.834589952863,1434.8131001222066,1379.9584523322862,1386.1033935546875,372599,0.0,0.0
GMMPFAUDLR.NS,2024-08-30 00:00:00+05:30,1397.244196670596,1397.9935767687134,1361.873431645566,1369.7169189453125,161579,0.0,0.0
GMMPFAUDLR.NS,2024-09-02 00:00:00+05:30,1378.3097340339773,1388.7511695197948,1343.8882582878998,1349.7333984375,241443,0.0,0.0
GMMPFAUDLR.NS,2024-09-03 00:00:00+05:30,1357.2772008526447,1375.7619091598349,1346.8857728698554,1349.2838134765625,145734,0.0,0.0
GMMPFAUDLR.NS,2024-09-04 00:00:00+05:30,1338.99235101353,1362.7727285340013,1338.99235101353,1358.2264404296875,88684,0.0,0.0
GMMPFAUDLR.NS,2024-09-05 00:00:00+05:30,1370.8660042318425,1377.8602185391478,1350.8825347823986,1361.024169921875,95085,0.0,0.0
GMMPFAUDLR.NS,2024-09-06 00:00:00+05:30,1388.8511139793336,1413.8304505616957,1370.1166115425622,1407.935302734375,563126,0.0,0.0
GMMPFAUDLR.NS,2024-09-09 00:00:00+05:30,1419.775490875083,1444.4551487216918,1393.2973939673343,1405.2874755859375,307664,0.0,0.0
GMMPFAUDLR.NS,2024-09-10 00:00:00+05:30,1406.3366254419577,1438.7098694907745,1400.241691814387,1425.1710205078125,118370,0.0,0.0
GMMPFAUDLR.NS,2024-09-11 00:00:00+05:30,1432.3150995748767,1432.3150995748767,1403.8386570650168,1419.2259521484375,118121,0.0,0.0
GMMPFAUDLR.NS,2024-09-12 00:00:00+05:30,1422.7729799441959,1426.5198803674866,1405.8370388186875,1409.2342529296875,63665,0.0,0.0
GMMPFAUDLR.NS,2024-09-13 00:00:00+05:30,1416.3283839486173,1428.818052237406,1404.4381953438074,1423.8721923828125,95738,0.0,0.0
GMMPFAUDLR.NS,2024-09-16 00:00:00+05:30,1433.8139734111749,1433.8139734111749,1408.8346358953008,1418.4766845703125,92510,0.0,0.0
GMMPFAUDLR.NS,2024-09-17 00:00:00+05:30,1421.8238942579858,1440.7082978517828,1416.3284399934607,1434.7132568359375,113307,0.0,0.0
GMMPFAUDLR.NS,2024-09-18 00:00:00+05:30,1434.7132313675936,1462.1404947404417,1426.3701571625288,1448.70166015625,144827,0.0,0.0
GMMPFAUDLR.NS,2024-09-19 00:00:00+05:30,1447.4026596033327,1456.794914585076,1426.9696109951703,1440.258544921875,148565,0.0,0.0
GMMPFAUDLR.NS,2024-09-20 00:00:00+05:30,1440.6582315319674,1466.7366344915984,1433.5641243469254,1458.84326171875,126548,0.0,0.0
GMMPFAUDLR.NS,2024-09-23 00:00:00+05:30,1467.7858250199677,1467.7858250199677,1443.9055547322944,1459.5926513671875,99058,0.0,0.0
GMMPFAUDLR.NS,2024-09-24 00:00:00+05:30,1459.592685137061,1464.2887517592337,1443.8056951839594,1449.4510498046875,70767,0.0,0.0
GMMPFAUDLR.NS,2024-09-25 00:00:00+05:30,1450.7999038386913,1456.744937301502,1441.9072354061268,1449.0013427734375,48586,0.0,0.0
GMMPFAUDLR.NS,2024-09-26 00:00:00+05:30,1453.7973288262942,1459.9921552541468,1443.805594607557,1451.099609375,224305,0.0,0.0
GMMPFAUDLR.NS,2024-09-27 00:00:00+05:30,1448.751456941935,1468.5851469784009,1410.4831879949243,1432.2152099609375,259999,0.0,0.0
GMMPFAUDLR.NS,2024-09-30 00:00:00+05:30,1431.8155173099503,1436.8113844324555,1413.6306097717968,1429.1177978515625,53662,0.0,0.0
GMMPFAUDLR.NS,2024-10-01 00:00:00+05:30,1431.8656369641599,1436.7614895523045,1408.5348380984242,1425.1212158203125,91816,0.0,0.0
GMMPFAUDLR.NS,2024-10-03 00:00:00+05:30,1400.0417926140162,1426.8196899241686,1400.0417926140162,1422.673095703125,96749,0.0,0.0
GMMPFAUDLR.NS,2024-10-04 00:00:00+05:30,1418.826346706679,1428.8180815426415,1377.7103334628093,1410.1834716796875,91735,0.0,0.0
GMMPFAUDLR.NS,2024-10-07 00:00:00+05:30,1410.8329550086,1413.8304754512528,1361.6736685368612,1371.5155029296875,175491,0.0,0.0
GMMPFAUDLR.NS,2024-10-08 00:00:00+05:30,1373.863461815389,1401.7903103059805,1343.9382664712477,1397.5438232421875,49421,0.0,0.0
GMMPFAUDLR.NS,2024-10-09 00:00:00+05:30,1397.5438699169435,1404.538084137958,1374.8626811594204,1378.859375,32236,0.0,0.0
GMMPFAUDLR.NS,2024-10-10 00:00:00+05:30,1387.402300033299,1403.8886614502817,1361.9233778434166,1399.8919677734375,62703,0.0,0.0
GMMPFAUDLR.NS,2024-10-11 00:00:00+05:30,1399.8920198076853,1406.936119493307,1384.5047241860038,1397.5938720703125,59226,0.0,0.0
GMMPFAUDLR.NS,2024-10-14 00:00:00+05:30,1389.150876971795,1398.6929101047247,1373.0640870753527,1389.0009765625,53131,0.0,0.0
GMMPFAUDLR.NS,2024-10-15 00:00:00+05:30,1389.8503377029024,1462.7900031610707,1389.0010646222738,1440.7581787109375,196307,0.0,0.0
GMMPFAUDLR.NS,2024-10-16 00:00:00+05:30,1438.8097993028912,1453.0980287365135,1406.8362482072714,1447.202880859375,120707,0.0,0.0
GMMPFAUDLR.NS,2024-10-17 00:00:00+05:30,1447.2028459144467,1476.2787688460598,1426.1203105637262,1466.78662109375,156471,0.0,0.0
GMMPFAUDLR.NS,2024-10-18 00:00:00+05:30,1452.0987934070147,1458.7431991354947,1428.0686236476038,1448.75146484375,120137,0.0,0.0
GMMPFAUDLR.NS,2024-10-21 00:00:00+05:30,1463.2394891674874,1463.2394891674874,1424.1219467341764,1433.5640869140625,80130,0.0,0.0
GMMPFAUDLR.NS,2024-10-22 00:00:00+05:30,1428.8180454835656,1428.8180454835656,1377.8601991061798,1385.05419921875,112954,0.0,0.0
GMMPFAUDLR.NS,2024-10-23 00:00:00+05:30,1366.0699310968914,1403.8387373741557,1350.133162901657,1384.0550537109375,65370,0.0,0.0
GMMPFAUDLR.NS,2024-10-24 00:00:00+05:30,1382.9061056382602,1392.1484603406677,1365.2706692987015,1384.3548583984375,52056,0.0,0.0
GMMPFAUDLR.NS,2024-10-25 00:00:00+05:30,1384.7044625106146,1384.7044625106146,1348.8841197251297,1371.5653076171875,72550,0.0,0.0
GMMPFAUDLR.NS,2024-10-28 00:00:00+05:30,1370.9659177075287,1374.612925330529,1341.3904068735126,1359.425537109375,51512,0.0,0.0
GMMPFAUDLR.NS,2024-10-29 00:00:00+05:30,1359.4254996037844,1367.8184590910969,1344.6376836100517,1359.67529296875,186010,0.0,0.0
GMMPFAUDLR.NS,2024-10-30 00:00:00+05:30,1366.5195753831974,1391.8485976149711,1358.1264941192746,1385.903564453125,39919,0.0,0.0
GMMPFAUDLR.NS,2024-10-31 00:00:00+05:30,1383.8552892456896,1407.6855526846646,1375.6621153823282,1398.5430908203125,48394,0.0,0.0
GMMPFAUDLR.NS,2024-11-01 00:00:00+05:30,1398.5431011201993,1408.8346369723758,1373.8635644234162,1392.94775390625,12002,0.0,0.0
GMMPFAUDLR.NS,2024-11-04 00:00:00+05:30,1403.8387168498748,1403.8387168498748,1361.7235309504952,1385.65380859375,97593,0.0,0.0
GMMPFAUDLR.NS,2024-11-05 00:00:00+05:30,1364.870895946989,1396.844445486011,1364.870895946989,1384.40478515625,34676,0.0,0.0
GMMPFAUDLR.NS,2024-11-06 00:00:00+05:30,1405.8370400122337,1406.8362134592928,1374.8626631533998,1390.199951171875,53615,0.0,0.0
GMMPFAUDLR.NS,2024-11-07 00:00:00+05:30,1389.8502753750095,1408.8345710127703,1366.869285918773,1378.2598876953125,38165,0.0,0.0
GMMPFAUDLR.NS,2024-11-08 00:00:00+05:30,1347.8850637646847,1347.8850637646847,1273.9462240919,1278.4425048828125,327731,0.0,0.0
GMMPFAUDLR.NS,2024-11-11 00:00:00+05:30,1284.837124411196,1312.664079747839,1255.361508538647,1263.1051025390625,123337,0.0,0.0
GMMPFAUDLR.NS,2024-11-12 00:00:00+05:30,1268.700447597608,1291.7314436719446,1249.0167800493434,1256.6104736328125,532329,0.0,0.0
GMMPFAUDLR.NS,2024-11-13 00:00:00+05:30,1256.0110791253305,1256.0110791253305,1239.0750153591978,1240.9234619140625,84781,0.0,0.0
GMMPFAUDLR.NS,2024-11-14 00:00:00+05:30,1249.8161188817692,1260.9569275403717,1238.1258379926567,1240.0242919921875,70014,0.0,0.0
GMMPFAUDLR.NS,2024-11-18 00:00:00+05:30,1240.0243048554707,1241.5230650860026,1204.0040518605874,1209.0499267578125,44836,0.0,0.0
GMMPFAUDLR.NS,2024-11-19 00:00:00+05:30,1213.2464046817934,1223.7377262787948,1205.4528027076817,1208.9000244140625,55147,0.0,0.0
GMMPFAUDLR.NS,2024-11-21 00:00:00+05:30,1214.949951171875,1214.949951171875,1195.0,1197.949951171875,49412,86.577,0.0
GMMPFAUDLR.NS,2024-11-22 00:00:00+05:30,1198.800048828125,1240.0,1191.0,1204.3499755859375,61316,0.0,0.0
GMMPFAUDLR.NS,2024-11-25 00:00:00+05:30,1215.0,1232.6500244140625,1196.1500244140625,1201.1500244140625,1744441,0.0,0.0
GMMPFAUDLR.NS,2024-11-26 00:00:00+05:30,1226.050048828125,1250.0,1197.3499755859375,1225.6500244140625,248388,0.0,0.0
GMMPFAUDLR.NS,2024-11-27 00:00:00+05:30,1226.0,1236.9000244140625,1208.300048828125,1220.550048828125,186520,0.0,0.0
GMMPFAUDLR.NS,2024-11-28 00:00:00+05:30,1232.0,1247.949951171875,1205.199951171875,1207.6500244140625,174554,0.0,0.0
GMMPFAUDLR.NS,2024-11-29 00:00:00+05:30,1215.0,1225.0,1207.25,1221.6500244140625,29862,0.0,0.0
GMMPFAUDLR.NS,2024-12-02 00:00:00+05:30,1223.699951171875,1239.699951171875,1209.050048828125,1235.199951171875,107320,0.0,0.0
GMMPFAUDLR.NS,2024-12-03 00:00:00+05:30,1222.8499755859375,1276.0,1222.8499755859375,1270.25,154709,0.0,0.0
GMMPFAUDLR.NS,2024-12-04 00:00:00+05:30,1270.25,1294.0,1265.0999755859375,1279.449951171875,77419,0.0,0.0
GMMPFAUDLR.NS,2024-12-05 00:00:00+05:30,1280.3499755859375,1290.0,1272.0,1277.0,58040,0.0,0.0
GMMPFAUDLR.NS,2024-12-06 00:00:00+05:30,1275.0,1287.699951171875,1268.25,1277.449951171875,38070,0.0,0.0
GMMPFAUDLR.NS,2024-12-09 00:00:00+05:30,1276.949951171875,1282.449951171875,1246.0999755859375,1250.300048828125,45507,0.0,0.0
GMMPFAUDLR.NS,2024-12-10 00:00:00+05:30,1252.699951171875,1305.0,1250.3499755859375,1287.9000244140625,183264,0.0,0.0
GMMPFAUDLR.NS,2024-12-11 00:00:00+05:30,1289.949951171875,1294.0,1263.5999755859375,1268.949951171875,52776,0.0,0.0
GMMPFAUDLR.NS,2024-12-12 00:00:00+05:30,1260.0,1279.949951171875,1248.0,1253.449951171875,49778,0.0,0.0
GMMPFAUDLR.NS,2024-12-13 00:00:00+05:30,1248.050048828125,1270.5,1230.0,1256.949951171875,47708,0.0,0.0
GMMPFAUDLR.NS,2024-12-16 00:00:00+05:30,1257.949951171875,1262.5999755859375,1231.800048828125,1248.050048828125,58735,0.0,0.0
GMMPFAUDLR.NS,2024-12-17 00:00:00+05:30,1247.050048828125,1267.949951171875,1235.0,1243.9000244140625,50483,0.0,0.0
GMMPFAUDLR.NS,2024-12-18 00:00:00+05:30,1242.25,1255.949951171875,1229.0,1238.8499755859375,38186,0.0,0.0
GMMPFAUDLR.NS,2024-12-19 00:00:00+05:30,1239.949951171875,1261.0,1226.0,1246.75,61574,0.0,0.0
GMMPFAUDLR.NS,2024-12-20 00:00:00+05:30,1244.0,1250.9000244140625,1201.199951171875,1219.0999755859375,143789,0.0,0.0
GMMPFAUDLR.NS,2024-12-23 00:00:00+05:30,1220.449951171875,1227.0,1192.199951171875,1197.449951171875,55441,0.0,0.0
GMMPFAUDLR.NS,2024-12-24 00:00:00+05:30,1204.949951171875,1229.5,1200.0,1211.4000244140625,29281,0.0,0.0
GMMPFAUDLR.NS,2024-12-26 00:00:00+05:30,1211.4000244140625,1212.8499755859375,1182.0,1193.550048828125,47923,0.0,0.0
GMMPFAUDLR.NS,2024-12-27 00:00:00+05:30,1199.800048828125,1204.699951171875,1179.6500244140625,1190.1500244140625,47441,0.0,0.0
GMMPFAUDLR.NS,2024-12-30 00:00:00+05:30,1191.050048828125,1207.0,1182.0,1185.300048828125,40546,0.0,0.0
GMMPFAUDLR.NS,2024-12-31 00:00:00+05:30,1186.0,1190.5999755859375,1167.5,1178.550048828125,181027,0.0,0.0
GMMPFAUDLR.NS,2025-01-01 00:00:00+05:30,1178.550048828125,1202.800048828125,1171.300048828125,1180.199951171875,53714,0.0,0.0
GMMPFAUDLR.NS,2025-01-02 00:00:00+05:30,1185.0,1239.699951171875,1185.0,1236.949951171875,128161,0.0,0.0
GMMPFAUDLR.NS,2025-01-03 00:00:00+05:30,1236.949951171875,1241.0,1209.0999755859375,1210.550048828125,35308,0.0,0.0
GMMPFAUDLR.NS,2025-01-06 00:00:00+05:30,1216.0,1238.0,1190.0,1193.199951171875,81548,0.0,0.0
GMMPFAUDLR.NS,2025-01-07 00:00:00+05:30,1200.0,1206.800048828125,1189.0,1202.3499755859375,30297,0.0,0.0
GMMPFAUDLR.NS,2025-01-08 00:00:00+05:30,1202.3499755859375,1203.8499755859375,1187.0,1193.0,20620,0.0,0.0
GMMPFAUDLR.NS,2025-01-09 00:00:00+05:30,1199.300048828125,1225.6500244140625,1192.0,1218.1500244140625,61566,0.0,0.0
GMMPFAUDLR.NS,2025-01-10 00:00:00+05:30,1225.0,1294.9000244140625,1201.0999755859375,1216.6500244140625,514402,0.0,0.0
GMMPFAUDLR.NS,2025-01-13 00:00:00+05:30,1220.0,1221.699951171875,1164.5,1198.1500244140625,152073,0.0,0.0
GMMPFAUDLR.NS,2025-01-14 00:00:00+05:30,1201.550048828125,1209.699951171875,1180.0,1200.949951171875,100671,0.0,0.0
GMMPFAUDLR.NS,2025-01-15 00:00:00+05:30,1205.949951171875,1206.0999755859375,1191.199951171875,1194.6500244140625,27239,0.0,0.0
GMMPFAUDLR.NS,2025-01-16 00:00:00+05:30,1200.9000244140625,1214.9000244140625,1199.550048828125,1210.550048828125,35045,0.0,0.0
GMMPFAUDLR.NS,2025-01-17 00:00:00+05:30,1209.0,1223.550048828125,1193.550048828125,1208.8499755859375,31247,0.0,0.0
GMMPFAUDLR.NS,2025-01-20 00:00:00+05:30,1211.0,1211.0,1199.550048828125,1202.4000244140625,79466,0.0,0.0
GMMPFAUDLR.NS,2025-01-21 00:00:00+05:30,1208.0,1210.4000244140625,1197.0,1198.550048828125,35228,0.0,0.0
GMMPFAUDLR.NS,2025-01-22 00:00:00+05:30,1199.4000244140625,1203.0,1174.0999755859375,1192.25,36379,0.0,0.0
GMMPFAUDLR.NS,2025-01-23 00:00:00+05:30,1192.449951171875,1200.949951171875,1181.25,1189.5,29827,0.0,0.0
GMMPFAUDLR.NS,2025-01-24 00:00:00+05:30,1191.0999755859375,1200.5,1175.199951171875,1181.4000244140625,22351,0.0,0.0
GMMPFAUDLR.NS,2025-01-27 00:00:00+05:30,1187.3499755859375,1187.3499755859375,1121.0,1130.75,170400,0.0,0.0
GMMPFAUDLR.NS,2025-01-28 00:00:00+05:30,1131.0,1136.4000244140625,1110.5,1127.75,63042,0.0,0.0
GMMPFAUDLR.NS,2025-01-29 00:00:00+05:30,1127.75,1175.0,1127.75,1167.300048828125,27876,0.0,0.0
GMMPFAUDLR.NS,2025-01-30 00:00:00+05:30,1161.0,1169.550048828125,1144.949951171875,1149.8499755859375,37739,0.0,0.0
GMMPFAUDLR.NS,2025-01-31 00:00:00+05:30,1150.0,1195.0,1150.0,1189.75,44403,0.0,0.0
GMMPFAUDLR.NS,2025-02-01 00:00:00+05:30,1189.75,1205.0,1175.0,1199.9000244140625,36936,0.0,0.0
GMMPFAUDLR.NS,2025-02-03 00:00:00+05:30,1186.0999755859375,1204.9000244140625,1170.0999755859375,1180.0,56940,0.0,0.0
GMMPFAUDLR.NS,2025-02-04 00:00:00+05:30,1180.0,1201.0,1168.0,1171.199951171875,25473,0.0,0.0
GMMPFAUDLR.NS,2025-02-05 00:00:00+05:30,1172.050048828125,1188.4000244140625,1171.0,1186.1500244140625,32398,0.0,0.0
GMMPFAUDLR.NS,2025-02-06 00:00:00+05:30,1180.0,1208.949951171875,1180.0,1199.3499755859375,59467,0.0,0.0
GMMPFAUDLR.NS,2025-02-07 00:00:00+05:30,1205.3499755859375,1225.550048828125,1181.0,1188.75,72056,0.0,0.0
GMMPFAUDLR.NS,2025-02-10 00:00:00+05:30,1190.0,1201.0,1159.3499755859375,1191.9000244140625,105311,0.0,0.0
GMMPFAUDLR.NS,2025-02-11 00:00:00+05:30,1187.6500244140625,1193.949951171875,1169.5,1175.3499755859375,68336,0.0,0.0
GMMPFAUDLR.NS,2025-02-12 00:00:00+05:30,1165.0,1175.0,1135.050048828125,1148.6500244140625,68843,0.0,0.0
GMMPFAUDLR.NS,2025-02-13 00:00:00+05:30,1145.0,1184.9000244140625,1141.9000244140625,1157.1500244140625,45202,0.0,0.0
GMMPFAUDLR.NS,2025-02-14 00:00:00+05:30,1157.949951171875,1167.75,1114.0,1127.0999755859375,47005,0.0,0.0
GMMPFAUDLR.NS,2025-02-17 00:00:00+05:30,1117.3499755859375,1143.4000244140625,1100.0,1134.800048828125,45753,0.0,0.0
GMMPFAUDLR.NS,2025-02-18 00:00:00+05:30,1136.0,1137.0,1102.0,1121.050048828125,48657,0.0,0.0
GMMPFAUDLR.NS,2025-02-19 00:00:00+05:30,1109.800048828125,1137.0,1098.0999755859375,1113.75,63402,0.0,0.0
GMMPFAUDLR.NS,2025-02-20 00:00:00+05:30,1115.3499755859375,1134.0,1112.1500244140625,1121.050048828125,23951,0.0,0.0
GMMPFAUDLR.NS,2025-02-21 00:00:00+05:30,1117.699951171875,1140.5,1104.949951171875,1115.75,33501,0.0,0.0
GMMPFAUDLR.NS,2025-02-24 00:00:00+05:30,1115.75,1118.0,1094.449951171875,1101.550048828125,29866,0.0,0.0
GMMPFAUDLR.NS,2025-02-25 00:00:00+05:30,1096.0,1111.5999755859375,1096.0,1099.449951171875,23224,0.0,0.0
GMMPFAUDLR.NS,2025-02-27 00:00:00+05:30,1100.949951171875,1106.449951171875,1085.0,1100.5,53331,0.0,0.0
GMMPFAUDLR.NS,2025-02-28 00:00:00+05:30,1082.8499755859375,1123.8499755859375,1075.550048828125,1107.0999755859375,101326,0.0,0.0
GMMPFAUDLR.NS,2025-03-03 00:00:00+05:30,1107.0999755859375,1114.449951171875,1058.300048828125,1095.0,133745,0.0,0.0
GMMPFAUDLR.NS,2025-03-04 00:00:00+05:30,1085.0,1105.0,1061.0,1094.949951171875,108936,0.0,0.0
GMMPFAUDLR.NS,2025-03-05 00:00:00+05:30,1088.699951171875,1100.699951171875,1086.0,1089.199951171875,50610,0.0,0.0
GMMPFAUDLR.NS,2025-03-06 00:00:00+05:30,1100.0,1120.0,1089.050048828125,1101.5999755859375,72090,0.0,0.0
GMMPFAUDLR.NS,2025-03-07 00:00:00+05:30,1105.0,1132.050048828125,1097.3499755859375,1112.199951171875,73132,0.0,0.0
GMMPFAUDLR.NS,2025-03-10 00:00:00+05:30,1102.0999755859375,1122.050048828125,1098.0,1117.3499755859375,78712,0.0,0.0
GMMPFAUDLR.NS,2025-03-11 00:00:00+05:30,1105.0,1118.9000244140625,1090.0,1092.550048828125,46579,0.0,0.0
GMMPFAUDLR.NS,2025-03-12 00:00:00+05:30,1095.0,1110.0,1054.0,1057.25,53747,0.0,0.0
GMMPFAUDLR.NS,2025-03-13 00:00:00+05:30,1062.550048828125,1082.75,1049.4000244140625,1051.800048828125,119657,0.0,0.0
GMMPFAUDLR.NS,2025-03-17 00:00:00+05:30,1052.0,1059.9000244140625,1001.0999755859375,1003.5499877929688,101056,0.0,0.0
GMMPFAUDLR.NS,2025-03-18 00:00:00+05:30,1003.5499877929688,1003.5499877929688,1003.5499877929688,1003.5499877929688,0,0.0,0.0
GMMPFAUDLR.NS,2025-03-19 00:00:00+05:30,1017.3499755859375,1062.0,1016.0,1057.6500244140625,88055,0.0,0.0
GMMPFAUDLR.NS,2025-03-20 00:00:00+05:30,1062.949951171875,1079.0,1044.25,1051.699951171875,63855,0.0,0.0
GMMPFAUDLR.NS,2025-03-21 00:00:00+05:30,1055.6500244140625,1071.0,1042.0999755859375,1047.449951171875,96568,0.0,0.0
GMMPFAUDLR.NS,2025-03-24 00:00:00+05:30,1049.9000244140625,1071.3499755859375,1041.050048828125,1049.699951171875,188211,0.0,0.0
GMMPFAUDLR.NS,2025-03-25 00:00:00+05:30,1055.949951171875,1064.449951171875,1042.0,1051.550048828125,142655,0.0,0.0
GMMPFAUDLR.NS,2025-03-26 00:00:00+05:30,1051.550048828125,1067.199951171875,1026.0,1049.75,230017,0.0,0.0
GMMPFAUDLR.NS,2025-03-27 00:00:00+05:30,1043.0999755859375,1065.050048828125,1043.0999755859375,1050.699951171875,136806,0.0,0.0
GMMPFAUDLR.NS,2025-03-28 00:00:00+05:30,1050.699951171875,1075.5,1010.1500244140625,1013.9000244140625,154373,0.0,0.0
GMMPFAUDLR.NS,2025-04-01 00:00:00+05:30,1006.4000244140625,1042.9000244140625,1006.4000244140625,1037.199951171875,56070,0.0,0.0
GMMPFAUDLR.NS,2025-04-02 00:00:00+05:30,1037.199951171875,1055.0,1025.699951171875,1050.75,59297,0.0,0.0
GMMPFAUDLR.NS,2025-04-03 00:00:00+05:30,1050.75,1050.75,1029.1500244140625,1033.949951171875,26923,0.0,0.0
GMMPFAUDLR.NS,2025-04-04 00:00:00+05:30,1039.0999755859375,1039.949951171875,1015.8499755859375,1035.5,60083,0.0,0.0
GMMPFAUDLR.NS,2025-04-07 00:00:00+05:30,1010.0,1032.0,991.0999755859375,1027.550048828125,98248,0.0,0.0
GMMPFAUDLR.NS,2025-04-08 00:00:00+05:30,1037.9000244140625,1037.9000244140625,1013.9000244140625,1024.5999755859375,25757,0.0,0.0
GMMPFAUDLR.NS,2025-04-09 00:00:00+05:30,1030.0,1030.0,1009.6500244140625,1020.0,25853,0.0,0.0
GMMPFAUDLR.NS,2025-04-11 00:00:00+05:30,1032.0,1074.3499755859375,1024.5,1062.550048828125,133467,0.0,0.0
GMMPFAUDLR.NS,2025-04-15 00:00:00+05:30,1063.0,1074.4000244140625,1047.4000244140625,1050.0,36344,0.0,0.0
GMMPFAUDLR.NS,2025-04-16 00:00:00+05:30,1060.9000244140625,1062.5,1046.5,1049.0999755859375,28951,0.0,0.0
GMMPFAUDLR.NS,2025-04-17 00:00:00+05:30,1054.5999755859375,1150.0,1045.9000244140625,1103.0,351828,0.0,0.0
GMMPFAUDLR.NS,2025-04-21 00:00:00+05:30,1124.9000244140625,1125.0,1083.0999755859375,1112.0,62326,0.0,0.0
GMMPFAUDLR.NS,2025-04-22 00:00:00+05:30,1117.9000244140625,1123.5,1086.5999755859375,1093.5,46261,0.0,0.0
GMMPFAUDLR.NS,2025-04-23 00:00:00+05:30,1104.0,1110.4000244140625,1080.0999755859375,1101.4000244140625,30880,0.0,0.0
GMMPFAUDLR.NS,2025-04-24 00:00:00+05:30,1105.0,1111.0,1094.0,1098.4000244140625,28693,0.0,0.0
GMMPFAUDLR.NS,2025-04-25 00:00:00+05:30,1098.4000244140625,1104.0999755859375,1063.0,1087.199951171875,42552,0.0,0.0
GMMPFAUDLR.NS,2025-04-28 00:00:00+05:30,1072.0,1094.9000244140625,1070.0,1072.4000244140625,32268,0.0,0.0
GMMPFAUDLR.NS,2025-04-29 00:00:00+05:30,1062.0999755859375,1088.199951171875,1061.9000244140625,1064.5999755859375,20314,0.0,0.0
GMMPFAUDLR.NS,2025-04-30 00:00:00+05:30,1070.0,1070.0,1017.5999755859375,1025.800048828125,78006,0.0,0.0
GMMPFAUDLR.NS,2025-05-02 00:00:00+05:30,1018.0,1034.5,1012.0,1017.0999755859375,26319,0.0,0.0
GMMPFAUDLR.NS,2025-05-05 00:00:00+05:30,1022.4000244140625,1034.800048828125,1017.2000122070312,1028.699951171875,36113,0.0,0.0
GMMPFAUDLR.NS,2025-05-06 00:00:00+05:30,1034.9000244140625,1041.0999755859375,999.9000244140625,1013.0,47434,0.0,0.0
GMMPFAUDLR.NS,2025-05-07 00:00:00+05:30,992.0,1037.5,992.0,1032.5,26369,0.0,0.0
GMMPFAUDLR.NS,2025-05-08 00:00:00+05:30,1030.300048828125,1045.0,1011.2000122070312,1030.300048828125,39185,0.0,0.0
GMMPFAUDLR.NS,2025-05-09 00:00:00+05:30,1006.0,1037.0,1003.4000244140625,1027.9000244140625,25234,0.0,0.0
GMMPFAUDLR.NS,2025-05-12 00:00:00+05:30,1050.0,1065.0,1036.0999755859375,1049.699951171875,41937,0.0,0.0
GMMPFAUDLR.NS,2025-05-13 00:00:00+05:30,1049.699951171875,1095.800048828125,1047.0999755859375,1076.699951171875,67793,0.0,0.0
GMMPFAUDLR.NS,2025-05-14 00:00:00+05:30,1089.0,1100.0,1071.0,1094.5999755859375,36525,0.0,0.0
GMMPFAUDLR.NS,2025-05-15 00:00:00+05:30,1100.5999755859375,1151.0,1100.300048828125,1119.4000244140625,94268,0.0,0.0
GMMPFAUDLR.NS,2025-05-16 00:00:00+05:30,1126.0,1130.4000244140625,1097.5,1107.5,58883,0.0,0.0
GMMPFAUDLR.NS,2025-05-19 00:00:00+05:30,1101.0,1148.800048828125,1101.0,1126.5999755859375,62044,0.0,0.0
GMMPFAUDLR.NS,2025-05-20 00:00:00+05:30,1143.5,1229.0,1141.5999755859375,1201.699951171875,612042,0.0,0.0
GMMPFAUDLR.NS,2025-05-21 00:00:00+05:30,1196.0,1275.0,1185.0999755859375,1265.800048828125,265536,0.0,0.0
GMMPFAUDLR.NS,2025-05-22 00:00:00+05:30,1164.0,1225.0,1158.800048828125,1171.300048828125,302159,0.0,0.0
GMMPFAUDLR.NS,2025-05-23 00:00:00+05:30,1171.300048828125,1172.0999755859375,1115.0,1121.699951171875,162620,0.0,0.0
GMMPFAUDLR.NS,2025-05-26 00:00:00+05:30,1130.0,1134.5999755859375,1101.0,1104.9000244140625,75116,0.0,0.0
GMMPFAUDLR.NS,2025-05-27 00:00:00+05:30,1103.0999755859375,1141.699951171875,1101.0999755859375,1133.5,60096,0.0,0.0
GMMPFAUDLR.NS,2025-05-28 00:00:00+05:30,1142.0,1163.0,1138.0,1141.5999755859375,42979,0.0,0.0
GMMPFAUDLR.NS,2025-05-29 00:00:00+05:30,1141.5999755859375,1143.9000244140625,1123.0999755859375,1135.0,19725,0.0,0.0
GMMPFAUDLR.NS,2025-05-30 00:00:00+05:30,1123.5999755859375,1139.5999755859375,1120.0999755859375,1132.4000244140625,24880,0.0,0.0
GMMPFAUDLR.NS,2025-06-02 00:00:00+05:30,1132.0,1145.0,1121.0999755859375,1133.0,32369,0.0,0.0
GMMPFAUDLR.NS,2025-06-03 00:00:00+05:30,1134.800048828125,1134.9000244140625,1116.0,1119.300048828125,15229,0.0,0.0
GMMPFAUDLR.NS,2025-06-04 00:00:00+05:30,1116.0,1128.4000244140625,1109.800048828125,1112.0,27745,0.0,0.0
GMMPFAUDLR.NS,2025-06-05 00:00:00+05:30,1112.0,1144.800048828125,1112.0,1138.699951171875,35493,0.0,0.0
GMMPFAUDLR.NS,2025-06-06 00:00:00+05:30,1131.0,1144.4000244140625,1127.0,1129.199951171875,29574,0.0,0.0
GMMPFAUDLR.NS,2025-06-09 00:00:00+05:30,1129.199951171875,1148.0,1125.0,1135.0999755859375,69951,0.0,0.0
GMMPFAUDLR.NS,2025-06-10 00:00:00+05:30,1136.0,1152.300048828125,1131.0,1137.5,40595,0.0,0.0
GMMPFAUDLR.NS,2025-06-11 00:00:00+05:30,1140.0,1150.0,1128.199951171875,1140.5,44935,0.0,0.0
GMMPFAUDLR.NS,2025-06-12 00:00:00+05:30,1149.0,1149.0,1131.5999755859375,1140.9000244140625,34472,0.0,0.0
GMMPFAUDLR.NS,2025-06-13 00:00:00+05:30,1140.0,1140.9000244140625,1117.0,1118.0999755859375,38132,0.0,0.0
GMMPFAUDLR.NS,2025-06-16 00:00:00+05:30,1116.0999755859375,1125.800048828125,1103.300048828125,1116.0,32460,0.0,0.0
GMMPFAUDLR.NS,2025-06-17 00:00:00+05:30,1121.5999755859375,1128.9000244140625,1108.199951171875,1112.199951171875,30853,0.0,0.0
GMMPFAUDLR.NS,2025-06-18 00:00:00+05:30,1117.800048828125,1176.9000244140625,1106.0999755859375,1166.300048828125,259823,0.0,0.0
GMMPFAUDLR.NS,2025-06-19 00:00:00+05:30,1160.0,1172.9000244140625,1130.0,1152.5999755859375,63920,0.0,0.0
GMMPFAUDLR.NS,2025-06-20 00:00:00+05:30,1170.0,1208.4000244140625,1141.0999755859375,1152.5999755859375,365006,0.0,0.0
